"","Sample_num","site","date","Month","Season","SeasonA","Year","Jul_date","Temp.ysi","Sal.ysi","TL","SL","body_wwt","sex","liver_wwt","stom_full_code","stomach_per_full","HSIwet","HSI_wet","lipid_num","liverFA","muscleFA","Harp","Gammarid","Poly","calanoid","crab","Caprellidae","Isopod","gastropod","Corphiidae","Shrimp","cumacea","Euphasid","Mysid","OTHER","Harp4","Gammarid4","Poly4","calanoid4","crab4","Caprellidae4","Isopod4","gastropod4","Corphiidae4","Shrimp4","cumacea4","NMDS1","NMDS2","NMDS3","Year_fac"
"1",116,"EG South","8/21/2018","Aug","Summer","Aug-Dec",2018,233,11.7,30.4,83,77,5.4167,"I",0.0592,5,3.78,0.01291533,0.011489122,117,5.189,94.811,0,9.4,0,0,0,0.4,0,0,90.2,0,0,0,0,0,0,1.751,0,0,0,0.7953,0,0,3.0818,0,0,-0.186896224746344,0.982527059127382,-0.206844449170302,"2018"
"2",117,"EG South","8/21/2018","Aug","Summer","Aug-Dec",2018,233,11.7,30.4,81,75,4.9392,"F",0.0683,6,8.46,0.017541607,0.015338319,118,11.208,88.792,0,0.046663556,0,0,0,13.71908539,86.23425105,0,0,0,0,0,0,0,0,0.4648,0,0,0,1.9246,3.0473,0,0,0,0,0.183828685366328,0.930906273288368,-0.588936763005329,"2018"
"3",118,"EG South","8/21/2018","Aug","Summer","Aug-Dec",2018,233,11.7,30.4,75,70,3.7773,"F",0.0379,4,3.88,0.012736927,0.010548876,119,6.089,93.911,2.158273381,0.71942446,89.92805755,0,0,0,0,0,0.71942446,0,6.474820144,0,0,0,1.2121,0.921,3.0795,0,0,0,0,0,0.921,0,1.5952,-0.527604420932263,-0.37026448409936,-0.327321497468426,"2018"
"4",119,"EG South","8/21/2018","Aug","Summer","Aug-Dec",2018,233,11.7,30.4,71,65,3.4551,"M",0.0429,5,6.02,0.015933148,0.01338826,120,4.816,95.184,0,2.994011976,0,0,0.598802395,0,0,0,91.61676647,4.191616766,0,0,0,0.598802395,0,1.3154,0,0,0.8797,0,0,0,3.0938,1.4309,0,-0.400006796406626,1.15250000738645,-0.272136327498306,"2018"
"5",120,"EG South","8/21/2018","Aug","Summer","Aug-Dec",2018,233,11.7,30.4,87,83,7.0424,"F",0.1009,5,5.44,0.017159864,0.015384615,121,6.45,93.55,0,99.42307692,0.384615385,0,0,0,0,0,0,0.192307692,0,0,0,0,0,3.1577,0.7875,0,0,0,0,0,0,0.6622,0,-0.353036396671814,0.505739637455089,0.73151466532784,"2018"
"6",121,"EG South","8/21/2018","Aug","Summer","Aug-Dec",2018,233,11.7,30.4,71,65,2.5478,"F",0.0217,4,4.09,0.009988952,0.008959538,122,4.04,95.96,0,0,0,0,0,0,0,0,100,0,0,0,0,0,0,0,0,0,0,0,0,0,3.1623,0,0,-0.158631490992256,0.561129153596046,-1.61927633000502,"2018"
"7",122,"EG South","8/21/2018","Aug","Summer","Aug-Dec",2018,233,11.7,30.4,66,62,2.4571,"I",0.0118,4,3.63,0.005634341,0.005008064,123,2.24,97.76,89.47368421,0,5.263157895,0,0,0,0,0,0,0,5.263157895,0,0,0,3.0756,0,1.5146,0,0,0,0,0,0,0,1.5146,-0.134139806712536,-0.972133656340126,-0.114623483671199,"2018"
"8",124,"EG South","8/21/2018","Aug","Summer","Aug-Dec",2018,233,11.7,30.4,100,94,9.4368,"F",0.1445,4,4.9,0.018122531,0.016364295,125,10.7,89.3,0,69.28429423,0,0,0,0,30.71570577,0,0,0,0,0,0,0,0,2.8851,0,0,0,0,2.3542,0,0,0,0,-0.208204296949526,0.853523709196085,0.643788120864144,"2018"
"9",125,"EG South","8/21/2018","Aug","Summer","Aug-Dec",2018,233,11.7,30.4,98,91,9.4029,"F",0.0898,5,7.72,0.011906972,0.010457669,126,8.17,91.83,2.145411204,0,89.511323,0,0,0,8.343265793,0,0,0,0,0,0,0,1.2103,0,3.0759,0,0,0,1.6996,0,0,0,0,-0.702791137012756,-0.494908188517803,-0.38056244575964,"2018"
"10",126,"EG North","8/21/2018","Aug","Summer","Aug-Dec",2018,233,11.5,30.8,80,75,4.5437,"F",0.028,5,7.5,0.00740212,0.006706587,127,3.982,96.018,0.094428706,1.227573182,0,0,0,81.49197356,0,0,17.18602455,0,0,0,0,0,0.5543,1.0526,0,0,0,3.0045,0,0,2.0361,0,0,0.429306798106702,0.304506393163099,-0.536426659702796,"2018"
"11",127,"EG North","8/21/2018","Aug","Summer","Aug-Dec",2018,233,11.5,30.8,80,75,5.6652,"F",0.0602,6,15.19,0.01414374,0.012688376,128,8.923,91.077,0.097599063,0,79.28947882,0,0,0,0,0,19.30509467,0,1.307827445,0,0,0,0.5589,0,2.984,0,0,0,0,0,2.0961,0,1.0694,-0.597648182194589,-0.316674956409298,-0.700216232354789,"2018"
"12",128,"EG North","8/21/2018","Aug","Summer","Aug-Dec",2018,233,11.5,30.8,78,73,4.5594,"M",0.0452,6,9.57,0.012692351,0.01108468,129,6.471,93.529,0.064143682,2.309172547,0,0,0,0,49.39063502,0,6.991661321,0,41.24438743,0,0,0,0.5033,1.2327,0,0,0,0,2.651,0,1.6261,0,2.5342,-0.0450830144981194,-0.194287858269291,-0.956175741686423,"2018"
"13",129,"EG North","8/21/2018","Aug","Summer","Aug-Dec",2018,233,11.5,30.8,81,76,5.0264,"M",0.0615,5,5.26,0.014475016,0.013083436,130,6.796,93.204,0.185873606,0,0,0,0,1.858736059,0,0,26.02230483,0,71.9330855,0,0,0,0.6566,0,0,0,0,1.1676,0,0,2.2586,0,2.9123,0.23772029709861,-0.311777806710389,-1.09418744961916,"2018"
"14",130,"EG North","8/21/2018","Aug","Summer","Aug-Dec",2018,233,11.5,30.8,64,60,2.2809,"I",0.0167,4,3.75,0.008855658,0.007665473,131,4.314,95.686,100,0,0,0,0,0,0,0,0,0,0,0,0,0,3.1623,0,0,0,0,0,0,0,0,0,0,0.451098887025134,-1.10454279766265,0.158852920393199,"2018"
"15",131,"EG North","8/21/2018","Aug","Summer","Aug-Dec",2018,233,11.5,30.8,86,80,5.6983,"M",0.0477,5,5.84,0.009885396,0.008970212,132,5.387,94.613,0,0,0,0,0,70.6103994,0,0,29.3896006,0,0,0,0,0,0,0,0,0,0,2.8988,0,0,2.3284,0,0,0.563115325803613,0.498055532032267,-0.921349467986003,"2018"
"16",132,"EG North","8/21/2018","Aug","Summer","Aug-Dec",2018,233,11.5,30.8,84,78,5.2251,"F",0.0534,6,8.7,0.012367123,0.011320035,133,5.2,94.8,0.043898156,0,99.95610184,0,0,0,0,0,0,0,0,0,0,0,0.4577,0,3.1619,0,0,0,0,0,0,0,0,-0.887859406994995,-0.275732071637212,-0.296364391827485,"2018"
"17",133,"EG North","8/21/2018","Aug","Summer","Aug-Dec",2018,233,11.5,30.8,71,77,4.1499,"F",0.024,4,4.07,0.006820313,0.006064894,134,1.905,98.095,19.16167665,0,0,0,0,57.48502994,0,0,23.35329341,0,0,0,0,0,2.0922,0,0,0,0,2.7535,0,0,2.1983,0,0,0.611112226779153,-0.266148019420951,-0.581422663199712,"2018"
"18",134,"EG North","8/21/2018","Aug","Summer","Aug-Dec",2018,233,11.5,30.8,65,60,2.2988,"I",0.0082,4,4.02,0.004237945,0.003730155,135,1.995,98.005,0,0,0,0,0,66.16161616,0,0,19.19191919,14.64646465,0,0,0,0,0,0,0,0,0,2.852,0,0,2.093,1.9563,0,0.409393669938023,0.676085498863924,-0.947614612239545,"2018"
"19",135,"Lam East","8/21/2018","Aug","Summer","Aug-Dec",2018,233,11.4,31,98,91,9.2871,"F",0.0663,5,6.33,0.008610725,0.0076801,136,3.887,96.113,0,0.129533679,97.19343696,0,0,0.690846287,0,0,0,0,1.986183074,0,0,0,0,0.5999,3.1399,0,0,0.9117,0,0,0,0,1.1871,-0.669658389613259,0.135935182846578,-0.481043115190453,"2018"
"20",267,"EG South","8/21/2020","Aug","Summer","Aug-Dec",2020,234,13.1,31.7,90,85,5.9001,"I",0.0319,4,6.22,NA,0.005798629,369,5.519,94.481,3.047404063,96.95259594,0,0,0,0,0,0,0,0,0,0,0,0,1.3212,3.1379,0,0,0,0,0,0,0,0,0,0.125928567918454,0.0322240075614791,0.729916010455679,"2020"
"21",268,"EG South","8/21/2020","Aug","Summer","Aug-Dec",2020,234,13.1,31.7,86,81,5.0101,"I",0.0357,4,4.84,NA,0.007544219,370,2.748,97.252,0,40.51724138,0,0,36.20689655,23.27586207,0,0,0,0,0,0,0,0,0,2.523,0,0,2.453,2.1965,0,0,0,0,0,0.569324506594122,0.543629760303331,0.441318807667611,"2020"
"22",269,"EG South","8/21/2020","Aug","Summer","Aug-Dec",2020,234,13.1,31.7,98,93,8.2014,"I",0.0579,6,11.44,NA,0.008035751,371,10.285,89.715,0,100,0,0,0,0,0,0,0,0,0,0,0,0,0,3.1623,0,0,0,0,0,0,0,0,0,-0.0510278888524548,0.481829288212359,0.881718206666212,"2020"
"23",270,"EG South","8/21/2020","Aug","Summer","Aug-Dec",2020,234,13.1,31.7,83,78,4.4455,"I",0.0379,4,4.89,NA,0.009044914,372,2.181,97.819,0.142045455,0,0,0,10.65340909,89.20454545,0,0,0,0,0,0,0,0,0.6139,0,0,0,1.8066,3.0732,0,0,0,0,0,0.990092249804129,0.187656604472165,-0.184751552597521,"2020"
"24",271,"EG South","8/21/2020","Aug","Summer","Aug-Dec",2020,234,13.1,31.7,95,88,7.5158,"I",0.0282,3,4.1,NA,0.003927686,373,0.841,99.159,0.337837838,0,0,0,0,99.66216216,0,0,0,0,0,0,0,0,0.7624,0,0,0,0,3.1596,0,0,0,0,0,0.85652360736342,0.182657776397223,-0.471802187952877,"2020"
"25",272,"EG South","8/21/2020","Aug","Summer","Aug-Dec",2020,234,13.1,31.7,64,60,2.0039,"I",0.0063,3,3.85,NA,0.003280396,374,1.5,98.5,16.66666667,0,0,0,0,0,83.33333333,0,0,0,0,0,0,0,2.0205,0,0,0,0,0,3.0214,0,0,0,0,0.0416818188806337,-0.957641442543757,-0.562472596253655,"2020"
"26",273,"EG South","8/21/2020","Aug","Summer","Aug-Dec",2020,234,13.1,31.7,66,61,2.2426,"I",0.0078,5,7.35,NA,0.003768298,375,1.615,98.385,0,84.40944882,8.818897638,0,0,0,0,0,0,0,6.771653543,0,0,0,0,3.0311,1.7233,0,0,0,0,0,0,0,1.6131,-0.541853067846673,0.353403373403179,0.526416689913455,"2020"
"27",274,"EG South","8/21/2020","Aug","Summer","Aug-Dec",2020,234,13.1,31.7,98,91,7.8667,"I",0.0301,4,4.15,NA,0.004007829,376,0.89,99.11,0,0,86.40394089,0,0,6.699507389,0,0,6.896551724,0,0,0,0,0,0,0,3.0488,0,0,1.6088,0,0,1.6205,0,0,-0.52399603580563,0.168013821306098,-0.706704111037828,"2020"
"28",275,"EG South","8/21/2020","Aug","Summer","Aug-Dec",2020,234,13.1,31.7,89,82,5.2554,"I",0.0102,3,3.06,NA,0.002006097,377,1.735,98.265,0.8,0,0,0,0,99.2,0,0,0,0,0,0,0,0,0.9457,0,0,0,0,3.1559,0,0,0,0,0,0.854831240695043,0.11906304791732,-0.444915437782684,"2020"
"29",276,"EG South","8/21/2020","Aug","Summer","Aug-Dec",2020,234,13.1,31.7,95,87,6.6907,"I",0.0299,5,5.46,NA,0.0047495,378,1.082,98.918,0,81.21019108,0,0,0,17.32484076,0,0,0,0,0,0,0,1.464968153,0,3.0019,0,0,0,2.0402,0,0,0,0,0,0.32980605386891,0.553441855673976,0.345592297550364,"2020"
"30",277,"EG South","8/21/2020","Aug","Summer","Aug-Dec",2020,234,13.1,31.7,80,74,4.4283,"I",0.0297,4,5.13,NA,0.007119912,379,2.623,97.377,100,0,0,0,0,0,0,0,0,0,0,0,0,0,3.1623,0,0,0,0,0,0,0,0,0,0,0.451098887025134,-1.10454279766265,0.158852920393199,"2020"
"31",278,"EG South","8/21/2020","Aug","Summer","Aug-Dec",2020,234,13.1,31.7,94,87,6.8273,"I",0.0429,4,5.7,NA,0.006708051,380,3.307,96.693,0,39.95649021,44.30746918,0,0,0,0,0,11.38506164,0,0,0,0,4.35097897,0,2.5142,2.58,0,0,0,0,0,1.8369,0,0,-0.669416798205456,0.456777325549777,0.133673872218513,"2020"
"32",279,"EG South","8/21/2020","Aug","Summer","Aug-Dec",2020,234,13.1,31.7,79,74,3.8417,"I",0.0207,6,9.19,NA,0.005968686,381,2.089,97.911,0,100,0,0,0,0,0,0,0,0,0,0,0,0,0,3.1623,0,0,0,0,0,0,0,0,0,-0.0510278888524542,0.481829288212359,0.881718206666212,"2020"
"33",280,"EG South","8/21/2020","Aug","Summer","Aug-Dec",2020,234,13.1,31.7,86,80,4.4468,"I",0.0189,4,4.18,NA,0.004455446,382,1.198,98.802,0.980392157,0.980392157,0,0,0,98.03921569,0,0,0,0,0,0,0,0,0.9951,0.9951,0,0,0,3.1467,0,0,0,0,0,0.686398381610313,0.211343664756616,-0.234986491005303,"2020"
"34",281,"EG South","8/21/2020","Aug","Summer","Aug-Dec",2020,234,13.1,31.7,70,65,2.3575,"I",0.0137,5,5.81,NA,0.006207803,383,0.901,99.099,14.89361702,72.07446809,0,0,0,13.03191489,0,0,0,0,0,0,0,0,1.9645,2.9137,0,0,0,1.9,0,0,0,0,0,0.422096287699394,0.0329423514932672,0.322008560929231,"2020"
"35",282,"EG South","8/21/2020","Aug","Summer","Aug-Dec",2020,234,13.1,31.7,77,72,3.5569,"I",0.0144,5,5.9,NA,0.004320951,384,2.646,97.354,8.917197452,0,0,0,0,0,0,0,91.08280255,0,0,0,0,0,1.7281,0,0,0,0,0,0,0,3.0893,0,0,0.185594416295452,-0.80609497969815,-0.836847648216945,"2020"
"36",283,"EG South","8/21/2020","Aug","Summer","Aug-Dec",2020,234,13.1,31.7,92,86,7.5231,"I",0.0223,6,11.57,NA,0.003363195,385,2.269,97.731,0,100,0,0,0,0,0,0,0,0,0,0,0,0,0,3.1623,0,0,0,0,0,0,0,0,0,-0.0510278888524549,0.481829288212359,0.881718206666212,"2020"
"37",284,"EG South","8/21/2020","Aug","Summer","Aug-Dec",2020,234,13.1,31.7,83,76,4.5212,"I",0.0209,5,6.89,NA,0.004989258,386,4.314,95.686,0.07751938,59.53488372,12.86821705,0,0,0,0,0,0.775193798,0,0,0,0,26.74418605,0.5277,2.7777,1.894,0,0,0,0,0,0.9383,0,0,-0.439383689168904,0.115590537980992,0.376582984666954,"2020"
"38",285,"EG South","8/21/2020","Aug","Summer","Aug-Dec",2020,234,13.1,31.7,108,101,11.1528,"I",0.0794,4,6.3,NA,0.007655816,387,4.382,95.618,0,100,0,0,0,0,0,0,0,0,0,0,0,0,0,3.1623,0,0,0,0,0,0,0,0,0,-0.0510278888524543,0.481829288212359,0.881718206666212,"2020"
"39",286,"EG South","8/21/2020","Aug","Summer","Aug-Dec",2020,234,13.1,31.7,86,80,4.4906,"I",0.0152,5,6.51,NA,0.003633582,388,1.448,98.552,0.402819738,99.59718026,0,0,0,0,0,0,0,0,0,0,0,0,0.7967,3.1591,0,0,0,0,0,0,0,0,0,0.0646553728660445,0.178126396653013,0.772316453488875,"2020"
"40",157,"EG West","12/3/2018","Dec","Winter","Aug-Dec",2018,337,5.1,31,102,95,8.9747,"M",0.2421,3,2.83,0.031147478,0.028554579,158,45.336,54.664,0,30.48780488,0,0,17.07317073,52.43902439,0,0,0,0,0,0,0,0,0,2.3498,0,0,2.0327,2.691,0,0,0,0,0,0.592105501849625,0.554012797024947,0.256985950914785,"2018"
"41",158,"EG West","12/3/2018","Dec","Winter","Aug-Dec",2018,337,5.1,31,103,96,8.2828,"M",0.1203,5,5.13,0.016580525,0.015547457,159,23.507,76.493,0.0691085,76.84865238,0,0,0,23.08223912,0,0,0,0,0,0,0,0,0.5127,2.9608,0,0,0,2.1919,0,0,0,0,0,0.362376709230219,0.372759142672656,0.294552389158507,"2018"
"42",159,"EG West","12/3/2018","Dec","Winter","Aug-Dec",2018,337,5.1,31,91,84,5.7518,"M",0.1157,2,3.24,0.023449059,0.021230137,160,34.016,65.984,0,78.57142857,0,0,0,0,0,0,0,0,0,0,0,21.42857143,0,2.9773,0,0,0,0,0,0,0,0,0,-0.0402884648939885,0.467878769528748,0.865086395005183,"2018"
"43",160,"EG West","12/3/2018","Dec","Winter","Aug-Dec",2018,337,5.1,31,88,84,5.8443,"M",0.0611,6,8.05,0.012879427,0.011500527,161,14.918,85.082,0,46.875,26.50162338,0,4.017857143,0,0,0,0,0,0,0,0,22.60551948,0,2.6166,2.2689,0,1.4158,0,0,0,0,0,0,-0.62905002754822,0.190796942239714,0.472876626423432,"2018"
"44",96,"EG South","7/16/2018","July","Summer","Jun-Jul",2018,197,10.9,30.9,60,56,1.774,"I",0.0175,3,4.52,0.012671977,0.010439659,97,2.228,97.772,16.04938272,1.234567901,0,0,0,82.71604938,0,0,0,0,0,0,0,0,2.0015,1.0541,0,0,0,3.0158,0,0,0,0,0,0.671991197728568,-0.0540306071657134,-0.122991511196165,"2018"
"45",97,"EG South","7/16/2018","July","Summer","Jun-Jul",2018,197,10.9,30.9,53,49,1.214,"I",0.006,4,4.18,0.006338475,0.005184481,98,1.904,98.096,46.15384615,53.84615385,0,0,0,0,0,0,0,0,0,0,0,0,2.6065,2.7089,0,0,0,0,0,0,0,0,0,0.227191205973692,-0.321750036992197,0.578835695594128,"2018"
"46",98,"EG South","7/16/2018","July","Summer","Jun-Jul",2018,197,10.9,30.9,54,49,1.3491,"I",0.01,4,4.88,0.009436633,0.007854226,99,1.486,98.514,33.33333333,4.761904762,61.9047619,0,0,0,0,0,0,0,0,0,0,0,2.4028,1.4772,2.805,0,0,0,0,0,0,0,0,-0.396411472412988,-0.43150676476,0.0699811680566475,"2018"
"47",99,"EG South","7/16/2018","July","Summer","Jun-Jul",2018,197,10.9,30.9,61,57,1.9093,"I",0.0089,4,5.13,0.005975561,0.004937587,100,1.403,98.597,0.318471338,0,0,0,0,99.68152866,0,0,0,0,0,0,0,0,0.7512,0,0,0,0,3.1598,0,0,0,0,0,0.854978312066546,0.187029165442465,-0.474861179877808,"2018"
"48",100,"EG South","7/16/2018","July","Summer","Jun-Jul",2018,197,10.9,30.9,73,67,3.1112,"I",0.0245,4,3.99,0.009298618,0.008269484,101,3.315,96.685,50,0,0,0,50,0,0,0,0,0,0,0,0,0,2.6591,0,0,0,2.6591,0,0,0,0,0,0,0.0706283489680803,-0.99084477916664,0.556800933321497,"2018"
"49",101,"EG South","7/16/2018","July","Summer","Jun-Jul",2018,197,10.9,30.9,60,56,2.1394,"I",0.0219,4,6.82,0.012525021,0.011108293,102,10.735,89.265,0.763358779,0,0,0,0,87.02290076,0,0,12.21374046,0,0,0,0,0,0.9347,0,0,0,0,3.0543,0,0,1.8694,0,0,0.592359832958462,0.0966951642848443,-0.729714539775586,"2018"
"50",102,"EG South","7/16/2018","July","Summer","Jun-Jul",2018,197,10.9,30.9,65,60,2.3612,"I",0.0297,5,6.46,0.015615963,0.013630106,103,9.825,90.175,0.561797753,14.41947566,0,0,0.187265918,84.83146067,0,0,0,0,0,0,0,0,0.8658,1.9487,0,0,0.6578,3.0349,0,0,0,0,0,0.545273322349595,0.301143706137702,0.0143370438436114,"2018"
"51",103,"EG South","7/16/2018","July","Summer","Jun-Jul",2018,197,10.9,30.9,69,64,2.7453,"I",0.031,3,3.92,0.013576246,0.011892887,104,4.24,95.76,1.282051282,2.564102564,0,0,0,96.15384615,0,0,0,0,0,0,0,0,1.0641,1.2654,0,0,0,3.1314,0,0,0,0,0,0.643577065013998,0.200508110297263,-0.162815746147547,"2018"
"52",104,"EG South","7/16/2018","July","Summer","Jun-Jul",2018,197,10.9,30.9,60,56,1.8083,"I",0.0153,3,3.99,0.009943459,0.008891213,105,3.347,96.653,0,4.347826087,0,0,13.04347826,82.60869565,0,0,0,0,0,0,0,0,0,1.444,0,0,1.9004,3.0148,0,0,0,0,0,0.729240999694843,0.580068500361143,0.0165318952343221,"2018"
"53",105,"EG South","7/16/2018","July","Summer","Jun-Jul",2018,197,10.9,30.9,69,64,2.7233,"I",0.0306,3,4.12,0.013466532,0.011858627,106,3.54,96.46,0,46.875,0,0,6.25,46.875,0,0,0,0,0,0,0,0,0,2.6166,0,0,1.5811,2.6166,0,0,0,0,0,0.52392120420711,0.536283792391541,0.280795104414288,"2018"
"54",106,"EG South","7/16/2018","July","Summer","Jun-Jul",2018,197,10.9,30.9,73,68,2.9848,"I",0.0262,4,4.24,0.010401779,0.009251412,107,3.299,96.701,0,9.734513274,6.637168142,0,0,83.62831858,0,0,0,0,0,0,0,0,0,1.7664,1.6051,0,0,3.024,0,0,0,0,0,0.0685516240198564,0.419997406076626,-0.258675999704237,"2018"
"55",107,"EG South","7/16/2018","July","Summer","Jun-Jul",2018,197,10.9,30.9,67,62,2.5592,"I",0.0286,3,3.56,0.013569294,0.011724194,108,6.755,93.245,0.925925926,99.07407407,0,0,0,0,0,0,0,0,0,0,0,0,0.9809,3.1549,0,0,0,0,0,0,0,0,0,0.0884059279485464,0.13311848707659,0.754779833896172,"2018"
"56",108,"EG South","7/16/2018","July","Summer","Jun-Jul",2018,197,10.9,30.9,52,48,1.1657,"I",0.0079,4,5.06,0.008274851,0.007189661,109,1.818,98.182,4.347826087,0,0,0,0,39.13043478,0,56.52173913,0,0,0,0,0,0,1.444,0,0,0,0,2.5011,0,2.7419,0,0,0,0.91600376989776,-0.257405316544422,-0.562011413214499,"2018"
"57",109,"EG South","7/16/2018","July","Summer","Jun-Jul",2018,197,10.9,30.9,57,53,1.5418,"I",0.0111,5,7.58,0.009162952,0.007851181,110,2.112,97.888,62.16216216,1.351351351,0,0,0,32.43243243,0,0,4.054054054,0,0,0,0,0,2.8079,1.0782,0,0,0,2.3864,0,0,1.419,0,0,0.538843135223999,-0.279512589508622,-0.195911595591678,"2018"
"58",110,"EG South","7/16/2018","July","Summer","Jun-Jul",2018,197,10.9,30.9,67,62,2.3368,"I",0.0169,4,4.96,0.008681358,0.007667877,111,4.263,95.737,16.09195402,32.18390805,0,0,0,51.72413793,0,0,0,0,0,0,0,0,2.0029,2.3818,0,0,0,2.6818,0,0,0,0,0,0.51049840225299,0.0511684312151271,0.134343204549273,"2018"
"59",111,"EG South","7/16/2018","July","Summer","Jun-Jul",2018,197,10.9,30.9,67,62,2.2965,"I",0.0197,5,5.95,0.010370604,0.009205177,112,3.027,96.973,49.03846154,1.923076923,26.92307692,0,0,0.961538462,0,0,4.807692308,0,16.34615385,0,0,0,2.6463,1.1776,2.2779,0,0,0.9902,0,0,1.4808,0,2.0107,-0.118158665447901,-0.45733584386809,-0.352337530623487,"2018"
"60",112,"EG South","7/16/2018","July","Summer","Jun-Jul",2018,197,10.9,30.9,72,67,2.9751,"I",0.0199,4,5.07,0.007891502,0.007095739,113,2.084,97.916,0.327868852,0.327868852,4.918032787,0,0.327868852,94.09836066,0,0,0,0,0,0,0,0,0.7567,0.7567,1.4892,0,0.7567,3.1146,0,0,0,0,0,0.168969441597981,0.211397318628012,-0.470460129676769,"2018"
"61",113,"EG South","7/16/2018","July","Summer","Jun-Jul",2018,197,10.9,30.9,62,57,2.1402,"I",0.0186,5,9.27,0.010547805,0.009670878,114,7.197,92.803,10.95541401,4.968152866,75.2866242,0,0,8.662420382,0,0,0,0.127388535,0,0,0,0,1.8193,1.493,2.9456,0,0,1.7156,0,0,0,0.5974,0,-0.20697543648673,-0.0833841788806373,-0.200765602754343,"2018"
"62",114,"EG South","7/16/2018","July","Summer","Jun-Jul",2018,197,10.9,30.9,67,62,2.3395,"I",0.0122,4,4.11,0.006091776,0.005468155,115,1.832,98.168,0.552486188,0,0,0,0,0,86.1878453,0,13.25966851,0,0,0,0,0,0.8621,0,0,0,0,0,3.0469,0,1.9082,0,0,-0.0518682368967718,-0.367093872089214,-1.15428819873799,"2018"
"63",115,"EG South","7/16/2018","July","Summer","Jun-Jul",2018,197,10.9,30.9,57,52,1.3996,"I",0.0117,4,6.19,0.010072314,0.008991009,116,7.292,92.708,72.5,22.5,0,0,0,5,0,0,0,0,0,0,0,0,2.918,2.1779,0,0,0,1.4953,0,0,0,0,0,0.435538008370049,-0.246884891154842,0.281747476128977,"2018"
"64",247,"EG South","7/2/2020","July","Summer","Jun-Jul",2020,184,10.3,32,56,52,1.0379,"I",0.0045,4,3.18,NA,0.004498201,349,2.246,97.754,78.78787879,0,0,0,0,21.21212121,0,0,0,0,0,0,0,0,2.9793,0,0,0,0,2.1461,0,0,0,0,0,0.723774552696586,-0.506772921313021,-0.146026198184727,"2020"
"65",248,"EG South","7/2/2020","July","Summer","Jun-Jul",2020,184,10.3,32,58,54,1.4691,"I",0.0046,6,5.96,NA,0.003340595,350,1.122,98.878,0,0,0,0,0,58.49056604,0,0,0,0,41.50943396,0,0,0,0,0,0,0,0,2.7655,0,0,0,0,2.5383,0.833519920457684,0.209458394725279,-0.929771058354834,"2020"
"66",249,"EG South","7/2/2020","July","Summer","Jun-Jul",2020,184,10.3,32,61,57,1.8554,"I",0.0082,6,6.69,NA,0.004759141,351,0.914,99.086,0,0,0,0,0,99.29577465,0,0,0,0,0.176056338,0,0.528169014,0,0,0,0,0,0,3.1567,0,0,0,0,0.6478,0.924274132199539,0.420009226089702,-0.628037210804545,"2020"
"67",250,"EG South","7/2/2020","July","Summer","Jun-Jul",2020,184,10.3,32,56,52,1.3274,"I",0.0066,6,5.74,NA,0.005302909,352,1.418,98.582,1.672240803,6.35451505,0,0,0,91.97324415,0,0,0,0,0,0,0,0,1.1372,1.5877,0,0,0,3.0968,0,0,0,0,0,0.598665058661707,0.207208574122319,-0.0918810033777938,"2020"
"68",251,"EG South","7/2/2020","July","Summer","Jun-Jul",2020,184,10.3,32,56,51,1.0474,"I",0.0026,4,4.31,NA,0.00260078,353,1.73,98.27,0,0,0,0,0,43.68932039,0,0,0,0,0,0,56.31067961,0,0,0,0,0,0,2.571,0,0,0,0,0,1.02610039606052,0.552764363242237,-0.422669110795783,"2020"
"69",252,"EG South","7/2/2020","July","Summer","Jun-Jul",2020,184,10.3,32,65,61,2.0424,"I",0.0126,6,5.29,NA,0.006556695,354,1.891,98.109,0,0,0,0,0,100,0,0,0,0,0,0,0,0,0,0,0,0,0,3.1623,0,0,0,0,0,0.978688227287697,0.468317737928835,-0.500554049320816,"2020"
"70",253,"EG South","7/2/2020","July","Summer","Jun-Jul",2020,184,10.3,32,50,46,0.9008,"I",0.0043,6,7.93,NA,0.00521149,355,0.91,99.09,66.01941748,0,0,0,0,13.59223301,0,0,0,0,20.38834951,0,0,0,2.8505,0,0,0,0,1.9201,0,0,0,0,2.1249,0.684601025781198,-0.606557660885327,-0.367107456894919,"2020"
"71",254,"EG South","7/2/2020","July","Summer","Jun-Jul",2020,184,10.3,32,58,54,1.2545,"I",0.0084,5,4.73,NA,0.007078453,356,2.946,97.054,65.97938144,0,0,0,0,0,0,0,0,0,34.02061856,0,0,0,2.85,0,0,0,0,0,0,0,0,0,2.4151,0.363205366783848,-1.13162534643483,-0.279866980890286,"2020"
"72",255,"EG South","7/2/2020","July","Summer","Jun-Jul",2020,184,10.3,32,57,52,1.3571,"I",0.0045,5,4.68,NA,0.003490808,357,1.399,98.601,0,0,0,0,0,99.06976744,0,0,0,0,0.930232558,0,0,0,0,0,0,0,0,3.1549,0,0,0,0,0.9821,0.919332227400016,0.395699753885758,-0.678340254007064,"2020"
"73",256,"EG South","7/2/2020","July","Summer","Jun-Jul",2020,184,10.3,32,58,52,1.2481,"I",0.0064,6,8.1,NA,0.005611082,358,2.769,97.231,0,0,0,0,0,100,0,0,0,0,0,0,0,0,0,0,0,0,0,3.1623,0,0,0,0,0,0.978688227287697,0.468317737928835,-0.500554049320816,"2020"
"74",257,"EG South","7/2/2020","July","Summer","Jun-Jul",2020,184,10.3,32,60,56,1.3162,"I",0.0063,6,6.63,NA,0.005152953,359,1.75,98.25,0,0,0,0,0,99.61389961,0,0,0,0,0.386100386,0,0,0,0,0,0,0,0,3.1592,0,0,0,0,0.7883,0.931599708916654,0.410446299874957,-0.641118675303582,"2020"
"75",258,"EG South","7/2/2020","July","Summer","Jun-Jul",2020,184,10.3,32,61,57,1.4418,"I",0.0097,5,5.6,NA,0.007177742,360,1.475,98.525,4.633204633,0,0,0,0,95.36679537,0,0,0,0,0,0,0,0,1.4671,0,0,0,0,3.125,0,0,0,0,0,0.849614025994691,-0.0349372436207473,-0.368671076538578,"2020"
"76",259,"EG South","7/2/2020","July","Summer","Jun-Jul",2020,184,10.3,32,61,56,1.6715,"I",0.0094,6,3.22,NA,0.005844681,361,10.695,89.305,0,0,0,0,0,98.1981982,0,1.801801802,0,0,0,0,0,0,0,0,0,0,0,3.1479,0,1.1586,0,0,0,0.910858213696784,0.633907460308985,-0.65882353476049,"2020"
"77",260,"EG South","7/2/2020","July","Summer","Jun-Jul",2020,184,10.3,32,53,49,1.0231,"I",0.0054,5,4.34,NA,0.005548135,362,3.333,96.667,0,0,0,0,0,100,0,0,0,0,0,0,0,0,0,0,0,0,0,3.1623,0,0,0,0,0,0.978688227287697,0.468317737928835,-0.500554049320816,"2020"
"78",261,"EG South","7/2/2020","July","Summer","Jun-Jul",2020,184,10.3,32,55,51,1.3008,"I",0.009,4,3.98,NA,0.007258065,363,2.754,97.246,1.851851852,0,0,0,0,98.14814815,0,0,0,0,0,0,0,0,1.1665,0,0,0,0,3.1475,0,0,0,0,0,0.850538702141964,0.0536583880199334,-0.411177743301691,"2020"
"79",262,"EG South","7/2/2020","July","Summer","Jun-Jul",2020,184,10.3,32,55,51,1.1319,"I",0.0055,4,3.1,NA,0.005039861,364,4.879,95.121,92.85714286,0,0,0,0,0,0,0,0,0,7.142857143,0,0,0,3.1042,0,0,0,0,0,0,0,0,0,1.6348,0.340203076573952,-1.13246596961274,-0.130624388642464,"2020"
"80",263,"EG South","7/2/2020","July","Summer","Jun-Jul",2020,184,10.3,32,59,54,1.3941,"I",0.0055,6,5.78,NA,0.004204893,365,2.045,97.955,0.45045045,0,0,0,0,65.31531532,0,0,0,0,34.23423423,0,0,0,0.8192,0,0,0,0,2.8428,0,0,0,0,2.4189,0.713593648495436,-0.0254647294232808,-0.754021629049807,"2020"
"81",264,"EG South","7/2/2020","July","Summer","Jun-Jul",2020,184,10.3,32,62,58,1.6267,"I",0.0088,6,8.16,NA,0.005925128,366,2.422,97.578,0,3.258426966,0,0,0,96.62921348,0,0,0,0,0.112359551,0,0,0,0,1.3435,0,0,0,3.1353,0,0,0,0,0.579,0.613471665117596,0.533568857261454,-0.266558136190136,"2020"
"82",265,"EG South","7/2/2020","July","Summer","Jun-Jul",2020,184,10.3,32,56,53,1.316,"I",0.0044,4,2.7,NA,0.003448006,367,2.273,97.727,1.176470588,0,98.82352941,0,0,0,0,0,0,0,0,0,0,0,1.0415,0,3.1529,0,0,0,0,0,0,0,0,-0.813027188365535,-0.391759511076303,-0.256960658000659,"2020"
"83",266,"EG South","7/2/2020","July","Summer","Jun-Jul",2020,184,10.3,32,59,55,1.3113,"I",0.006,4,2.75,NA,0.004727015,368,4.036,95.964,52.63157895,0,0,0,0,47.36842105,0,0,0,0,0,0,0,0,2.6935,0,0,0,0,2.6234,0,0,0,0,0,0.767002180475579,-0.36217287138394,-0.207614609944055,"2020"
"84",181,"EG South","6/28/2018","June","Summer","Jun-Jul",2018,179,10.8,17,55,51,1.3324,"I",0.022,5,6.12,0.020124405,0.017903646,182,15.263,84.737,0,23.57723577,0,0,0,76.42276423,0,0,0,0,0,0,0,0,0,2.2036,0,0,0,2.9567,0,0,0,0,0,0.484288955965984,0.519074277938294,0.0249339755843788,"2018"
"85",182,"EG South","6/28/2018","June","Summer","Jun-Jul",2018,179,10.8,17,53,49,1.2147,"I",0.0136,4,6.55,0.013833791,0.012126616,183,10.259,89.741,0,0.626959248,0,0,0,99.05956113,0.313479624,0,0,0,0,0,0,0,0,0.8898,0,0,0,3.1548,0.7483,0,0,0,0,0.640290915477902,0.624657296017608,-0.372955410353389,"2018"
"86",183,"EG South","6/28/2018","June","Summer","Jun-Jul",2018,179,10.8,17,54,51,1.3385,"I",0.0101,5,5.04,0.009165986,0.008009516,184,5.025,94.975,0.961538462,25,0,0,0,68.26923077,5.769230769,0,0,0,0,0,0,0,0.9902,2.2361,0,0,0,2.8745,1.5498,0,0,0,0,0.433435421009816,0.35475167694938,-0.0258581776634575,"2018"
"87",184,"EG South","6/28/2018","June","Summer","Jun-Jul",2018,179,10.8,17,59,54,1.7724,"I",0.0101,5,8.09,0.007081756,0.006238804,185,4.66,95.34,0,13.61502347,0,0,0,79.342723,7.042253521,0,0,0,0,0,0,0,0,1.9209,0,0,0,2.9845,1.629,0,0,0,0,0.418637533963666,0.682108591882514,-0.139559644887817,"2018"
"88",185,"EG South","6/28/2018","June","Summer","Jun-Jul",2018,179,10.8,17,61,56,1.9534,"I",0.0361,6,6.33,0.023441558,0.020125997,186,33.338,66.662,0.228310502,59.8173516,0.228310502,0,0,39.7260274,0,0,0,0,0,0,0,0,0.6912,2.781,0.6912,0,0,2.5105,0,0,0,0,0,0.228853213616723,0.337293306361129,0.107908424978993,"2018"
"89",186,"EG South","6/28/2018","June","Summer","Jun-Jul",2018,179,10.8,17,51,47,0.9297,"I",0.0021,3,3.9,0.002830189,0.002356109,187,0.737,99.263,2.173913043,2.173913043,0,0,0,91.30434783,4.347826087,0,0,0,0,0,0,0,1.2143,1.2143,0,0,0,3.0912,1.444,0,0,0,0,0.548398297479163,0.211904779231279,-0.289355607188965,"2018"
"90",187,"EG South","6/28/2018","June","Summer","Jun-Jul",2018,179,10.8,17,38,35,0.4273,"I",0.0014,5,4.7,0.004433186,0.003449975,188,0.533,99.467,84.61538462,0,0,0,0,15.38461538,0,0,0,0,0,0,0,0,3.0329,0,0,0,0,1.9805,0,0,0,0,0,0.719363932326407,-0.541878546903512,-0.135706312618743,"2018"
"91",189,"EG South","6/28/2018","June","Summer","Jun-Jul",2018,179,10.8,17,41,38,0.5249,"I",0.0025,5,4.76,0.006727664,0.005026136,190,1.094,98.906,85.71428571,14.28571429,0,0,0,0,0,0,0,0,0,0,0,0,3.0427,1.9441,0,0,0,0,0,0,0,0,0,0.260172367085173,-0.524338462216439,0.457336927982457,"2018"
"92",190,"EG South","6/28/2018","June","Summer","Jun-Jul",2018,179,10.8,17,53,48,1.1329,"I",0.0046,5,5.44,0.005488605,0.004312365,191,4.289,95.711,1.526717557,42.7480916,0,0,0.763358779,54.96183206,0,0,0,0,0,0,0,0,1.1116,2.557,0,0,0.9347,2.7228,0,0,0,0,0,0.49877907266129,0.26776171932748,0.188391957800694,"2018"
"93",191,"EG South","6/28/2018","June","Summer","Jun-Jul",2018,179,10.8,17,53,48,1.3326,"I",0.0097,4,4.42,0.008534225,0.007674051,192,5.202,94.798,7.954545455,25,0,0,0,67.04545455,0,0,0,0,0,0,0,0,1.6794,2.2361,0,0,0,2.8615,0,0,0,0,0,0.528716654204116,0.122403891765297,0.0860254903962834,"2018"
"94",192,"EG South","6/28/2018","June","Summer","Jun-Jul",2018,179,10.8,17,50,46,1.0315,"I",0.0072,5,4.77,0.008372093,0.007383858,289,7.508,92.492,7.692307692,80.76923077,7.692307692,0,3.846153846,0,0,0,0,0,0,0,0,0,1.6654,2.9979,1.6654,0,1.4004,0,0,0,0,0,0,-0.257376284645495,-0.147596429345475,0.526800238162774,"2018"
"95",193,"EG South","6/28/2018","June","Summer","Jun-Jul",2018,179,10.8,17,51,47,1.047,"I",0.0146,4,4.69,0.01717445,0.014847961,291,14.234,85.766,13.20754717,3.773584906,0,0,0,83.01886792,0,0,0,0,0,0,0,0,1.9064,1.3938,0,0,0,3.0185,0,0,0,0,0,0.625033715687404,-0.00296303055160699,-0.0709889357162188,"2018"
"96",194,"EG South","6/28/2018","June","Summer","Jun-Jul",2018,179,10.8,17,62,57,2.0208,"I",0.0272,5,6.66,0.016931217,0.014631522,293,21.655,78.345,0,34.63035019,0,0,0,65.36964981,0,0,0,0,0,0,0,0,0,2.4259,0,0,0,2.8434,0,0,0,0,0,0.454892107334167,0.523140902403617,0.0835621418229708,"2018"
"97",195,"EG South","6/28/2018","June","Summer","Jun-Jul",2018,179,10.8,17,51,47,1.1722,"I",0.0073,4,5.05,0.007933058,0.006602152,295,NA,NA,0.571428571,17.14285714,0,0,0,82.28571429,0,0,0,0,0,0,0,0,0.8694,2.0348,0,0,0,3.0118,0,0,0,0,0,0.523500941197332,0.310274821425345,-0.0106168112172841,"2018"
"98",196,"EG South","6/28/2018","June","Summer","Jun-Jul",2018,179,10.8,17,49,45,0.985,"I",0.0038,5,8.34,0.005132361,0.004226449,297,1.051,98.949,71.09375,21.09375,0,0,7.8125,0,0,0,0,0,0,0,0,0,2.9037,2.1431,0,0,1.6719,0,0,0,0,0,0,0.250464151365843,-0.459018735208683,0.609981725540009,"2018"
"99",197,"EG South","6/28/2018","June","Summer","Jun-Jul",2018,179,10.8,17,53,50,1.1197,"I",0.0057,5,5.58,0.006265113,0.005420827,299,9.603,90.397,8.108108108,75.67567568,0,2.702702703,2.702702703,10.81081081,0,0,0,0,0,0,0,0,1.6874,2.9494,0,1.2822,1.2822,1.8133,0,0,0,0,0,0.517034654585245,0.0767337156362578,0.488602269624667,"2018"
"100",198,"EG South","6/28/2018","June","Summer","Jun-Jul",2018,179,10.8,17,49,46,0.9363,"I",0.0067,4,4.68,0.008728504,0.007563784,301,1.796,98.204,95.45454545,4.545454545,0,0,0,0,0,0,0,0,0,0,0,0,3.1257,1.4601,0,0,0,0,0,0,0,0,0,0.304317817167626,-0.654161823385661,0.377316176592041,"2018"
"101",199,"EG South","6/28/2018","June","Summer","Jun-Jul",2018,179,10.8,17,53,49,1.1619,"I",0.0165,5,8.28,0.018839918,0.015726268,303,12.814,87.186,0,33.69863014,0,0,0,66.30136986,0,0,0,0,0,0,0,0,0,2.4094,0,0,0,2.8535,0,0,0,0,0,0.45959562036435,0.522838581778472,0.0776956784676495,"2018"
"102",200,"EG South","6/28/2018","June","Summer","Jun-Jul",2018,179,10.8,17,50,47,0.9843,"I",0.0033,6,7.46,0.004290172,0.003635963,305,1.712,98.288,22.91666667,2.083333333,0,0,0,75,0,0,0,0,0,0,0,0,2.188,1.2014,0,0,0,2.9428,0,0,0,0,0,0.65037412674879,-0.0768303038111036,-0.0824777424129029,"2018"
"103",227,"EG South","6/6/2020","June","Summer","Jun-Jul",2020,158,8.3,31.9,35,32,0.2645,"I",0.0028,4,3.82,NA,0.011128776,342,1.791,98.209,80,20,0,0,0,0,0,0,0,0,0,0,0,0,2.9907,2.1147,0,0,0,0,0,0,0,0,0,0.259496946935861,-0.483039988561629,0.475523980086439,"2020"
"104",229,"EG South","6/6/2020","June","Summer","Jun-Jul",2020,158,8.3,31.9,34,31,0.2601,"I",5e-04,3,6.92,NA,0.002069536,344,0.249,99.751,2.43902439,97.56097561,0,0,0,0,0,0,0,0,0,0,0,0,1.2497,3.1428,0,0,0,0,0,0,0,0,0,0.119547302666044,0.0603587364153302,0.737332823609539,"2020"
"105",230,"EG South","6/6/2020","June","Summer","Jun-Jul",2020,158,8.3,31.9,32,29,0.2462,"I",8e-04,4,2.68,NA,0.003350084,345,0.179,99.821,100,0,0,0,0,0,0,0,0,0,0,0,0,0,3.1623,0,0,0,0,0,0,0,0,0,0,0.451098887025134,-1.10454279766265,0.158852920393199,"2020"
"106",231,"EG South","6/6/2020","June","Summer","Jun-Jul",2020,158,8.3,31.9,27,24,0.143,"I",0,3,2.1,NA,7.14e-05,NA,NA,NA,100,0,0,0,0,0,0,0,0,0,0,0,0,0,3.1623,0,0,0,0,0,0,0,0,0,0,0.451098887025134,-1.10454279766265,0.158852920393199,"2020"
"107",232,"EG South","6/6/2020","June","Summer","Jun-Jul",2020,158,8.3,31.9,28,25,0.1504,"I",0,3,2.46,NA,6.82e-05,NA,NA,NA,66.66666667,0,0,0,0,0,0,0,0,0,0,0,33.33333333,0,2.8574,0,0,0,0,0,0,0,0,0,0,0.491831587758446,-1.07588201652908,0.171497237779939,"2020"
"108",233,"EG South","6/6/2020","June","Summer","Jun-Jul",2020,158,8.3,31.9,23,21,0.1142,"I",0,2,1.4,NA,8.88e-05,NA,NA,NA,0,100,0,0,0,0,0,0,0,0,0,0,0,0,0,3.1623,0,0,0,0,0,0,0,0,0,-0.0510278888524549,0.481829288212359,0.881718206666212,"2020"
"109",235,"EG South","6/6/2020","June","Summer","Jun-Jul",2020,158,8.3,31.9,33,30,0.3037,"I",0.0018,4,2.77,NA,0.006132879,346,0.652,99.348,100,0,0,0,0,0,0,0,0,0,0,0,0,0,3.1623,0,0,0,0,0,0,0,0,0,0,0.451098887025134,-1.10454279766265,0.158852920393199,"2020"
"110",236,"EG South","6/6/2020","June","Summer","Jun-Jul",2020,158,8.3,31.9,28,25,0.2018,"I",0,5,2.08,NA,5.06e-05,NA,NA,NA,100,0,0,0,0,0,0,0,0,0,0,0,0,0,3.1623,0,0,0,0,0,0,0,0,0,0,0.451098887025134,-1.10454279766265,0.158852920393199,"2020"
"111",237,"EG South","6/6/2020","June","Summer","Jun-Jul",2020,158,8.3,31.9,34,30,0.3266,"I",0.0011,5,3.83,NA,0.003514377,347,0.56,99.44,100,0,0,0,0,0,0,0,0,0,0,0,0,0,3.1623,0,0,0,0,0,0,0,0,0,0,0.451098887025134,-1.10454279766265,0.158852920393199,"2020"
"112",239,"EG South","6/6/2020","June","Summer","Jun-Jul",2020,158,8.3,31.9,34,31,0.2835,"I",0,5,4.02,NA,3.68e-05,NA,NA,NA,100,0,0,0,0,0,0,0,0,0,0,0,0,0,3.1623,0,0,0,0,0,0,0,0,0,0,0.451098887025134,-1.10454279766265,0.158852920393199,"2020"
"113",240,"EG South","6/6/2020","June","Summer","Jun-Jul",2020,158,8.3,31.9,31,28,0.2348,"I",0,5,3.15,NA,4.4e-05,NA,NA,NA,100,0,0,0,0,0,0,0,0,0,0,0,0,0,3.1623,0,0,0,0,0,0,0,0,0,0,0.451098887025134,-1.10454279766265,0.158852920393199,"2020"
"114",241,"EG South","6/6/2020","June","Summer","Jun-Jul",2020,158,8.3,31.9,35,31,0.2936,"I",0,3,3.78,NA,3.54e-05,NA,NA,NA,92.30769231,0,0,0,0,7.692307692,0,0,0,0,0,0,0,0,3.0996,0,0,0,0,1.6654,0,0,0,0,0,0.685749081353392,-0.632532393076897,-0.095115106346818,"2020"
"115",242,"EG South","6/6/2020","June","Summer","Jun-Jul",2020,158,8.3,31.9,29,26,0.168,"I",0,4,2.44,NA,6.1e-05,NA,NA,NA,100,0,0,0,0,0,0,0,0,0,0,0,0,0,3.1623,0,0,0,0,0,0,0,0,0,0,0.451098887025134,-1.10454279766265,0.158852920393199,"2020"
"116",243,"EG South","6/6/2020","June","Summer","Jun-Jul",2020,158,8.3,31.9,38,35,0.4358,"I",0,4,2.98,NA,2.37e-05,NA,NA,NA,100,0,0,0,0,0,0,0,0,0,0,0,0,0,3.1623,0,0,0,0,0,0,0,0,0,0,0.451098887025134,-1.10454279766265,0.158852920393199,"2020"
"117",244,"EG South","6/6/2020","June","Summer","Jun-Jul",2020,158,8.3,31.9,38,35,0.5144,"I",0,2,2.02,NA,1.98e-05,NA,NA,NA,100,0,0,0,0,0,0,0,0,0,0,0,0,0,3.1623,0,0,0,0,0,0,0,0,0,0,0.451098887025134,-1.10454279766265,0.158852920393199,"2020"
"118",245,"EG South","6/6/2020","June","Summer","Jun-Jul",2020,158,8.3,31.9,37,34,0.4275,"I",0,3,3.77,NA,2.43e-05,NA,NA,NA,100,0,0,0,0,0,0,0,0,0,0,0,0,0,3.1623,0,0,0,0,0,0,0,0,0,0,0.451098887025134,-1.10454279766265,0.158852920393199,"2020"
"119",246,"EG South","6/6/2020","June","Summer","Jun-Jul",2020,158,8.3,31.9,33,30,0.2585,"I",0,4,3.13,NA,3.99e-05,NA,NA,NA,100,0,0,0,0,0,0,0,0,0,0,0,0,0,3.1623,0,0,0,0,0,0,0,0,0,0,0.451098887025134,-1.10454279766265,0.158852920393199,"2020"
"120",201,"EG South","11/13/2020","Nov","Winter","Aug-Dec",2020,318,5.3,31.6,92,85,6.3693,"M",0.2773,4,5.42,0.037948872,0.04825546,316,NA,NA,24.62344466,12.18074656,0,0,0,0,0,0,0,0,0,60.44531762,0,2.750491159,2.2276,1.8682,0,0,0,0,0,0,0,0,0,0.230459638034318,-0.421293410535032,0.507197009396315,"2020"
"121",202,"EG South","11/13/2020","Nov","Winter","Aug-Dec",2020,318,5.3,31.6,107,99,10.2128,"M",0.2166,6,6.43,0.020403357,0.023191571,317,50.223,49.777,0,1.306413302,6.027315914,0,0,2.315914489,0,0,0,0,0,89.72684086,0,0.623515439,0,1.0691,1.5669,0,0,1.2336,0,0,0,0,0,-0.348984992972668,0.503334911770559,-0.354297858225895,"2020"
"122",203,"EG West","11/13/2020","Nov","Winter","Aug-Dec",2020,318,5.3,31.6,96,89,6.7532,"M",0.2993,4,4.29,0.038555676,0.048552194,318,73.541,26.459,100,0,0,0,0,0,0,0,0,0,0,0,0,0,3.1623,0,0,0,0,0,0,0,0,0,0,0.451098887025134,-1.10454279766265,0.158852920393199,"2020"
"123",204,"EG West","11/13/2020","Nov","Winter","Aug-Dec",2020,318,5.3,31.6,90,83,4.4276,"M",0.0518,4,2.9,0.008536445,0.012195409,319,20.362,79.638,26.41509434,0,0,0,0,0,0,0,0,0,0,73.58490566,0,0,2.2671,0,0,0,0,0,0,0,0,0,0,0.636185379684835,-1.02454175984835,0.252889080445655,"2020"
"124",205,"EG West","11/13/2020","Nov","Winter","Aug-Dec",2020,318,5.3,31.6,113,104,10.0547,"M",0.0926,3,2.95,0.008531889,0.009580169,320,7.672,92.328,0.104058273,0,94.27679501,5.619146722,0,0,0,0,0,0,0,0,0,0,0.568,0,3.116,1.5396,0,0,0,0,0,0,0,-0.878911590181707,-0.529540473908972,-0.244291882310072,"2020"
"125",206,"EG West","11/13/2020","Nov","Winter","Aug-Dec",2020,318,5.3,31.6,112,103,10.7928,"M",0.1693,2,3.9,0.015055848,0.016593322,321,41.015,58.985,0,0,46.79487179,53.20512821,0,0,0,0,0,0,0,0,0,0,0,0,2.6155,2.7008,0,0,0,0,0,0,0,-1.4389868382916,-0.534878389552522,0.0565799322087143,"2020"
"126",136,"EG South","10/8/2018","Oct","Winter","Aug-Dec",2018,281,9.3,30,98,93,9.2782,"M",0.0469,6,8.82,0.006176254,0.005574573,137,5.256,94.744,0,96.51435267,0,0,0,3.485647335,0,0,0,0,0,0,0,0,0,3.1344,0,0,0,1.3664,0,0,0,0,0,0.213538338661109,0.572425243600385,0.531132054376012,"2018"
"127",137,"EG South","10/8/2018","Oct","Winter","Aug-Dec",2018,281,9.3,30,79,74,4.3079,"M",0.0161,6,7.7,0.004656274,0.004065349,138,2.511,97.489,0,83.61774744,0,0,0,16.38225256,0,0,0,0,0,0,0,0,0,3.024,0,0,0,2.0118,0,0,0,0,0,0.324181007181798,0.557294529040915,0.350116697525146,"2018"
"128",138,"EG South","10/8/2018","Oct","Winter","Aug-Dec",2018,281,9.3,30,94,87,7.9803,"M",0.0696,7,13.92,0.011423694,0.010234993,139,19.58,80.42,0,99.27332396,0,0,0,0,0.726676043,0,0,0,0,0,0,0,0,3.1565,0,0,0,0,0.9233,0,0,0,0,-0.124831989817551,0.644359902006145,0.788407197396937,"2018"
"129",139,"EG South","10/8/2018","Oct","Winter","Aug-Dec",2018,281,9.3,30,87,80,4.6801,"M",0.0205,3,2.79,0.005008796,0.004526585,140,1.419,98.581,0,0,99.36708861,0,0.632911392,0,0,0,0,0,0,0,0,0,0,0,3.1573,0,0.8919,0,0,0,0,0,0,-1.13361493686345,-0.148842641265529,-0.0803868902227844,"2018"
"130",140,"EG West","10/8/2018","Oct","Winter","Aug-Dec",2018,281,8.2,31,97,91,7.4862,"M",0.076,5,6.8,0.011985302,0.011013056,141,12.398,87.602,0,100,0,0,0,0,0,0,0,0,0,0,0,0,0,3.1623,0,0,0,0,0,0,0,0,0,-0.0510278888524543,0.481829288212359,0.881718206666212,"2018"
"131",141,"EG West","10/8/2018","Oct","Winter","Aug-Dec",2018,281,8.2,31,103,96,9.2405,"F",0.1123,6,6.85,0.014581196,0.013218607,142,30.442,69.558,0,0,100,0,0,0,0,0,0,0,0,0,0,0,0,0,3.1623,0,0,0,0,0,0,0,0,-1.20863586081318,-0.0904566160956671,-0.306423498215834,"2018"
"132",142,"EG West","10/8/2018","Oct","Winter","Aug-Dec",2018,281,8.2,31,109,101,13.2919,"M",0.0963,7,10.51,0.009152339,0.008161639,143,19.819,80.181,0,10.01819422,89.98180578,0,0,0,0,0,0,0,0,0,0,0,0,1.7791,3.0799,0,0,0,0,0,0,0,0,-0.794692728404126,0.114817621106667,0.067890983859949,"2018"
"133",143,"EG West","10/8/2018","Oct","Winter","Aug-Dec",2018,281,8.2,31,116,108,15.9258,"M",0.3312,5,6.2,0.025407736,0.022673129,144,30.624,69.376,0.111794298,0,99.8882057,0,0,0,0,0,0,0,0,0,0,0,0.5782,0,3.1614,0,0,0,0,0,0,0,0,-0.884802265664966,-0.290517038427722,-0.291107879070904,"2018"
"134",144,"EG West","10/8/2018","Oct","Winter","Aug-Dec",2018,281,8.2,31,98,91,7.8496,"M",0.1924,5,5.84,0.029250346,0.026726305,145,68.634,31.366,0,15.59774243,83.06824012,0,0,1.334017445,0,0,0,0,0,0,0,0,0,1.9873,3.019,0,0,1.0747,0,0,0,0,0,-0.520966279919784,0.243726228459455,-0.0684332556232616,"2018"
"135",145,"EG West","10/8/2018","Oct","Winter","Aug-Dec",2018,281,8.2,31,93,87,7.4606,"M",0.0472,5,6.53,0.007628036,0.006814605,146,12.197,87.803,0.042881647,0.600343053,99.3567753,0,0,0,0,0,0,0,0,0,0,0,0.4551,0.8802,3.1572,0,0,0,0,0,0,0,0,-0.794152714029507,-0.153907577621432,-0.14796413807828,"2018"
"136",146,"EG West","10/8/2018","Oct","Winter","Aug-Dec",2018,281,8.2,31,91,84,6.1377,"M",0.0609,4,3.58,0.011685695,0.010398185,147,16.336,83.664,0,9.651474531,90.34852547,0,0,0,0,0,0,0,0,0,0,0,0,1.7626,3.083,0,0,0,0,0,0,0,0,-0.798209025742282,0.114414698893239,0.0664878151491086,"2018"
"137",147,"EG West","10/8/2018","Oct","Winter","Aug-Dec",2018,281,8.2,31,88,83,6.5617,"M",0.0653,6,8.94,0.012400304,0.011049256,148,22.936,77.064,0,0,100,0,0,0,0,0,0,0,0,0,0,0,0,0,3.1623,0,0,0,0,0,0,0,0,-1.20863586081318,-0.0904566160956673,-0.306423498215834,"2018"
"138",148,"EG West","10/8/2018","Oct","Winter","Aug-Dec",2018,281,8.2,31,90,84,6.2681,"M",0.0513,6,7.81,0.009839273,0.0089571,149,16.096,83.904,0,16.06156275,83.93843725,0,0,0,0,0,0,0,0,0,0,0,0,2.0019,3.0268,0,0,0,0,0,0,0,0,-0.753283178037132,0.131002192638746,0.124673202779333,"2018"
"139",149,"EG West","10/8/2018","Oct","Winter","Aug-Dec",2018,281,8.2,31,94,88,7.7853,"M",0.1056,6,6.45,0.016449111,0.014712029,150,21.145,78.855,0,0,100,0,0,0,0,0,0,0,0,0,0,0,0,0,3.1623,0,0,0,0,0,0,0,0,-1.20863586081318,-0.0904566160956671,-0.306423498215834,"2018"
"140",150,"EG West","10/8/2018","Oct","Winter","Aug-Dec",2018,281,8.2,31,87,81,5.7342,"M",0.0564,6,5.23,0.011634143,0.01048756,151,26.889,73.111,0.084602369,0,63.36717428,0,0,0,0,0,0,36.54822335,0,0,0,0,0.5393,0,2.8214,0,0,0,0,0,0,2.4588,0,-0.716471924761546,-0.38178667044085,-0.601343451315425,"2018"
"141",151,"EG West","10/8/2018","Oct","Winter","Aug-Dec",2018,281,8.2,31,88,82,5.2782,"M",0.0346,6,7.49,0.007998336,0.007136964,152,9.662,90.338,0,100,0,0,0,0,0,0,0,0,0,0,0,0,0,3.1623,0,0,0,0,0,0,0,0,0,-0.0510278888524543,0.481829288212359,0.881718206666212,"2018"
"142",152,"EG West","10/8/2018","Oct","Winter","Aug-Dec",2018,281,8.2,31,106,99,9.8655,"M",0.0705,4,3.43,0.008106616,0.007454874,153,4.964,95.036,0,29.49907236,0,0,0,17.81076067,0,0,0,52.69016698,0,0,0,0,0,2.3305,0,0,0,2.0543,0,0,0,2.6942,0,0.299449257896884,0.909363954212357,0.128378279979519,"2018"
"143",153,"EG West","10/8/2018","Oct","Winter","Aug-Dec",2018,281,8.2,31,95,87,6.8869,"M",0.0602,6,6.72,0.01027865,0.009459608,154,29.065,70.935,0,12.72624434,84.61538462,0,0,2.658371041,0,0,0,0,0,0,0,0,0,1.8888,3.0329,0,0,1.2769,0,0,0,0,0,-0.481978409499735,0.24862288826671,-0.112992007638794,"2018"
"144",154,"EG West","10/8/2018","Oct","Winter","Aug-Dec",2018,281,8.2,31,100,94,9.2933,"M",0.0425,6,7.02,0.005464411,0.004942608,155,11.133,88.867,0,0,99.03952715,0,0.22164758,0.480236424,0,0,0,0,0,0,0,0.258588844,0,0,3.1547,0,0.6861,0.8325,0,0,0,0,0,-0.794335420270363,0.0674575952071523,-0.487302737086216,"2018"
"145",155,"Lam North","10/8/2018","Oct","Winter","Aug-Dec",2018,281,8.9,31,120,112,15.9885,"M",0.1509,6,5.91,0.011141465,0.010132957,156,17.714,82.286,0,10.91640333,13.44441253,0,0,0,0,0,0,75.63918414,0,0,0,0,0,1.8177,1.9149,0,0,0,0,0,0,2.9491,0,-0.779971649579492,0.748719563623784,0.146643243043828,"2018"
"146",287,"EG South","10/16/2020","Oct","Winter","Aug-Dec",2020,290,8.6,31.4,91,84,6.0688,"I",0.0476,2,3.75,NA,0.008215962,389,4.547,95.453,0,0,0,0,0,100,0,0,0,0,0,0,0,0,0,0,0,0,0,3.1623,0,0,0,0,0,0.978688227287697,0.468317737928835,-0.500554049320816,"2020"
"147",288,"EG South","10/16/2020","Oct","Winter","Aug-Dec",2020,290,8.6,31.4,76,69,3.3301,"I",0.0249,4,4.04,NA,0.007853155,390,3.847,96.153,0.230414747,0,99.76958525,0,0,0,0,0,0,0,0,0,0,0,0.6928,0,3.1605,0,0,0,0,0,0,0,0,-0.877379259845968,-0.307599766761413,-0.284201231966163,"2020"
"148",289,"EG South","10/16/2020","Oct","Winter","Aug-Dec",2020,290,8.6,31.4,101,94,8.7967,"I",0.0546,4,4.4,NA,0.006535165,391,5.852,94.148,0,0,100,0,0,0,0,0,0,0,0,0,0,0,0,0,3.1623,0,0,0,0,0,0,0,0,-1.20863586081318,-0.090456616095667,-0.306423498215834,"2020"
"149",290,"EG South","10/16/2020","Oct","Winter","Aug-Dec",2020,290,8.6,31.4,90,83,6.0526,"I",0.0583,3,4.27,NA,0.010164232,392,2.848,97.152,0,100,0,0,0,0,0,0,0,0,0,0,0,0,0,3.1623,0,0,0,0,0,0,0,0,0,-0.0510278888524549,0.481829288212359,0.881718206666212,"2020"
"150",291,"EG South","10/16/2020","Oct","Winter","Aug-Dec",2020,290,8.6,31.4,118,110,13.9083,"I",0.1185,3,3.7,NA,0.008926352,393,3.383,96.617,0,0,100,0,0,0,0,0,0,0,0,0,0,0,0,0,3.1623,0,0,0,0,0,0,0,0,-1.20863586081318,-0.0904566160956674,-0.306423498215834,"2020"
"151",292,"EG South","10/16/2020","Oct","Winter","Aug-Dec",2020,290,8.6,31.4,93,87,7.0469,"I",0.0642,4,3.19,NA,0.009499852,394,9.937,90.063,0,0,100,0,0,0,0,0,0,0,0,0,0,0,0,0,3.1623,0,0,0,0,0,0,0,0,-1.20863586081318,-0.0904566160956672,-0.306423498215834,"2020"
"152",293,"EG South","10/16/2020","Oct","Winter","Aug-Dec",2020,290,8.6,31.4,79,74,3.7247,"I",0.0131,5,6.7,NA,0.00378394,395,1.197,98.803,0.182481752,99.81751825,0,0,0,0,0,0,0,0,0,0,0,0,0.6536,3.1608,0,0,0,0,0,0,0,0,0,0.0431637752897775,0.220836520340945,0.778146761654387,"2020"
"153",295,"EG South","10/16/2020","Oct","Winter","Aug-Dec",2020,290,8.6,31.4,92,86,6.2127,"I",0.0445,4,3.99,NA,0.007516257,397,2.867,97.133,86.81818182,13.18181818,0,0,0,0,0,0,0,0,0,0,0,0,3.0525,1.9054,0,0,0,0,0,0,0,0,0,0.264820314127501,-0.532143102587021,0.455387012166461,"2020"
"154",296,"EG South","10/16/2020","Oct","Winter","Aug-Dec",2020,290,8.6,31.4,133,124,21.8445,"I",0.2401,5,5.26,NA,0.011738248,398,19.231,80.769,0,19.63302752,80.36697248,0,0,0,0,0,0,0,0,0,0,0,0,2.105,2.9941,0,0,0,0,0,0,0,0,-0.741576336488033,0.136391840341379,0.139180450854785,"2020"
"155",297,"EG South","10/16/2020","Oct","Winter","Aug-Dec",2020,290,8.6,31.4,96,88,8.0252,"I",0.0646,5,5.24,NA,0.008567753,399,6.783,93.217,0,49.8951782,50.1048218,0,0,0,0,0,0,0,0,0,0,0,0,2.6578,2.6605,0,0,0,0,0,0,0,0,-0.65188459431507,0.205901299307305,0.291810671711425,"2020"
"156",298,"EG South","10/16/2020","Oct","Winter","Aug-Dec",2020,290,8.6,31.4,102,94,8.2803,"I",0.1046,3,2.87,NA,0.013176625,400,19.59,80.41,0,0,100,0,0,0,0,0,0,0,0,0,0,0,0,0,3.1623,0,0,0,0,0,0,0,0,-1.20863586081318,-0.0904566160956667,-0.306423498215834,"2020"
"157",299,"EG South","10/16/2020","Oct","Winter","Aug-Dec",2020,290,8.6,31.4,134,125,20.6578,"M",0.3915,2,2.14,NA,0.019747992,401,40.278,59.722,0,100,0,0,0,0,0,0,0,0,0,0,0,0,0,3.1623,0,0,0,0,0,0,0,0,0,-0.0510278888524543,0.481829288212359,0.881718206666212,"2020"
"158",301,"EG South","10/16/2020","Oct","Winter","Aug-Dec",2020,290,8.6,31.4,105,98,9.6148,"I",0.0313,4,4.7,NA,0.003427508,403,0.824,99.176,0,0,100,0,0,0,0,0,0,0,0,0,0,0,0,0,3.1623,0,0,0,0,0,0,0,0,-1.20863586081318,-0.0904566160956668,-0.306423498215834,"2020"
"159",302,"EG South","10/16/2020","Oct","Winter","Aug-Dec",2020,290,8.6,31.4,115,107,12.9382,"I",0.1284,5,6.98,NA,0.010783392,404,8.552,91.448,0,0,0,0,100,0,0,0,0,0,0,0,0,0,0,0,0,0,3.1623,0,0,0,0,0,0,-0.586378211009021,-0.723654657059599,1.27351094074214,"2020"
"160",303,"EG South","10/16/2020","Oct","Winter","Aug-Dec",2020,290,8.6,31.4,107,99,11.049,"I",0.0812,6,6.55,NA,0.007926823,405,6.323,93.677,0,88.87455659,0,0,0,0,0,0,0,0,0,0,0,11.12544341,0,3.0704,0,0,0,0,0,0,0,0,0,-0.0473810694004175,0.475802740036192,0.873216270982721,"2020"
"161",304,"EG South","10/16/2020","Oct","Winter","Aug-Dec",2020,290,8.6,31.4,125,116,15.5129,"M",0.2394,6,4.08,NA,0.016351119,406,40.453,59.547,0,0,100,0,0,0,0,0,0,0,0,0,0,0,0,0,3.1623,0,0,0,0,0,0,0,0,-1.20863586081318,-0.090456616095667,-0.306423498215834,"2020"
"162",305,"EG South","10/16/2020","Oct","Winter","Aug-Dec",2020,290,8.6,31.4,103,96,8.6389,"I",0.0471,5,4.03,NA,0.005713315,407,2.538,97.462,0,0,100,0,0,0,0,0,0,0,0,0,0,0,0,0,3.1623,0,0,0,0,0,0,0,0,-1.20863586081318,-0.0904566160956675,-0.306423498215834,"2020"
"163",306,"EG South","10/16/2020","Oct","Winter","Aug-Dec",2020,290,8.6,31.4,109,101,10.7011,"I",0.1593,4,3.51,NA,0.015669263,408,27.345,71.625,0.116144019,0,99.88385598,0,0,0,0,0,0,0,0,0,0,0,0.5838,0,3.1614,0,0,0,0,0,0,0,0,-0.884814592049488,-0.290672413726966,-0.290991327908164,"2020"
"164",161,"EG South","9/25/2018","Sept","Winter","Aug-Dec",2018,268,10,24,98,91,6.6597,"M",0.0105,3,2.66,0.001785411,0.001622373,162,0.955,99.045,0,5.64516129,66.12903226,0,28.22580645,0,0,0,0,0,0,0,0,0,0,1.5414,2.8517,0,2.305,0,0,0,0,0,0,-0.827434808953301,-0.129605286846287,0.329630791101827,"2018"
"165",162,"EG South","9/25/2018","Sept","Winter","Aug-Dec",2018,268,10,24,91,85,6.3319,"M",0.0241,5,4.91,0.004377679,0.004018877,163,3.241,96.759,0,63.91382406,0,0,0,32.31597846,0,0,0,0,3.770197487,0,0,0,0,2.8275,0,0,0,2.3843,0,0,0,0,1.3934,0.401935351717057,0.620279943548152,0.213335337358667,"2018"
"166",163,"EG South","9/25/2018","Sept","Winter","Aug-Dec",2018,268,10,24,83,76,4.3754,"M",0.0221,6,4.73,0.005786552,0.005329796,164,2.948,97.052,0,100,0,0,0,0,0,0,0,0,0,0,0,0,0,3.1623,0,0,0,0,0,0,0,0,0,-0.0510278888524549,0.481829288212359,0.881718206666212,"2018"
"167",164,"EG South","9/25/2018","Sept","Winter","Aug-Dec",2018,268,10,24,84,77,4.9677,"M",0.0091,6,9.82,0.002247413,0.002035339,165,1.787,98.213,0.048947626,18.9916789,0,0,74.40039158,0,0,0,0,0.587371512,0.048947626,0,0,5.922662751,0.4704,2.0876,0,0,2.9369,0,0,0,0,0.8754,0.4704,-0.134618039212677,-0.233564394958052,0.930983305290491,"2018"
"168",165,"EG South","9/25/2018","Sept","Winter","Aug-Dec",2018,268,10,24,99,92,7.5864,"M",0.0419,5,4.41,0.006226039,0.005811696,166,3.138,96.862,0,100,0,0,0,0,0,0,0,0,0,0,0,0,0,3.1623,0,0,0,0,0,0,0,0,0,-0.0510278888524549,0.481829288212359,0.881718206666212,"2018"
"169",166,"EG South","9/25/2018","Sept","Winter","Aug-Dec",2018,268,10,24,78,72,3.2672,"F",0.0345,5,4.53,0.011959235,0.011184594,167,20.569,79.431,0.568181818,46.02272727,0,0,0,53.40909091,0,0,0,0,0,0,0,0,0.8682,2.6046,0,0,0,2.7034,0,0,0,0,0,0.456036766926327,0.319631693134716,0.144806100143093,"2018"
"170",167,"EG South","9/25/2018","Sept","Winter","Aug-Dec",2018,268,10,24,86,80,5.3554,"M",0.0263,6,10.27,0.005999772,0.005503128,168,4.421,95.579,0,14.74323578,0,0,0.165654335,12.53451132,0,0,0,72.55659856,0,0,0,0,0,1.9595,0,0,0.638,1.8816,0,0,0,2.9186,0,0.229340804244496,0.979627938461377,0.045061140681693,"2018"
"171",168,"EG South","9/25/2018","Sept","Winter","Aug-Dec",2018,268,10,24,76,70,2.7813,"M",0.0204,4,3.82,0.008416883,0.007684774,169,3.601,96.399,1.769911504,53.98230088,0,0,6.194690265,38.05309735,0,0,0,0,0,0,0,0,1.1534,2.7106,0,0,1.5776,2.4837,0,0,0,0,0,0.514186533132811,0.239427406586881,0.300402024080863,"2018"
"172",169,"EG West","9/25/2018","Sept","Winter","Aug-Dec",2018,268,11,32,120,111,16.7408,"F",0.1177,6,9.57,0.008519725,0.007836062,170,6.646,93.354,0,0,96.60234899,0,0,0,3.397651007,0,0,0,0,0,0,0,0,0,3.1351,0,0,0,1.3577,0,0,0,0,-1.16902680052327,0.186010941946431,-0.4652917328831,"2018"
"173",170,"EG West","9/25/2018","Sept","Winter","Aug-Dec",2018,268,11,32,84,77,4.3631,"M",0.0069,3,3.79,0.001792767,0.001646464,171,0.555,99.445,12.5,87.5,0,0,0,0,0,0,0,0,0,0,0,0,1.8803,3.0585,0,0,0,0,0,0,0,0,0,0.190391999599812,-0.135940002565711,0.66429602818447,"2018"
"174",171,"EG West","9/25/2018","Sept","Winter","Aug-Dec",2018,268,11,32,96,89,7.4213,"F",0.0087,7,7.01,0.001398691,0.001262223,172,0.455,99.545,0,0,0,0,0,0,100,0,0,0,0,0,0,0,0,0,0,0,0,0,3.1623,0,0,0,0,-0.546663168374911,1.15105234718602,-1.13411067197412,"2018"
"175",172,"EG West","9/25/2018","Sept","Winter","Aug-Dec",2018,268,11,32,92,85,5.9044,"M",0.0107,4,4.83,0.002107212,0.001907716,173,0.897,99.103,0.16025641,88.94230769,0,0,0,5.128205128,5.769230769,0,0,0,0,0,0,0,0.6327,3.071,0,0,0,1.5048,1.5498,0,0,0,0,0.247805574290306,0.40576033757258,0.420393668612231,"2018"
"176",173,"EG West","9/25/2018","Sept","Winter","Aug-Dec",2018,268,11,32,68,63,2.3472,"I",0.0093,6,4.24,0.004833177,0.004154939,174,3.354,96.646,0,12.5,87.5,0,0,0,0,0,0,0,0,0,0,0,0,1.8803,3.0585,0,0,0,0,0,0,0,0,-0.778417466284371,0.125134036820579,0.0946741206921709,"2018"
"177",174,"EG West","9/25/2018","Sept","Winter","Aug-Dec",2018,268,11,32,79,73,3.9691,"I",0.0078,5,5.3,0.002383208,0.00207939,175,0.825,99.175,0.113378685,0,56.57596372,0,0,22.78911565,0,0,0,20.52154195,0,0,0,0,0.5803,0,2.7426,0,0,2.1849,0,0,0,2.1284,0,-0.262274475059043,0.0677598363495883,-0.669078061877881,"2018"
"178",176,"EG West","9/25/2018","Sept","Winter","Aug-Dec",2018,268,11,32,62,57,1.3756,"I",0.0024,4,3.7,0.002080805,0.001815019,177,0.396,99.604,0,0,100,0,0,0,0,0,0,0,0,0,0,0,0,0,3.1623,0,0,0,0,0,0,0,0,-1.20863586081318,-0.090456616095667,-0.306423498215834,"2018"
"179",177,"EG West","9/25/2018","Sept","Winter","Aug-Dec",2018,268,11,32,106,99,11.6376,"M",0.0527,7,9.57,0.005479481,0.00503266,178,8.474,91.526,0,1.432710882,98.56728912,0,0,0,0,0,0,0,0,0,0,0,0,1.0941,3.1509,0,0,0,0,0,0,0,0,-0.92995367214634,0.0681028594914419,-0.097327706417536,"2018"
"180",178,"EG West","9/25/2018","Sept","Winter","Aug-Dec",2018,268,11,32,92,85,7.6345,"M",0.0143,6,6.55,0.002238853,0.002008399,179,0.878,99.122,0,8.616692427,90.18547141,0,0,0,0,0,0,0,0,0,0,1.197836167,0,1.7133,3.0817,0,0,0,0,0,0,0,0,-0.805788787230389,0.11096504585649,0.0599882526883391,"2018"
"181",179,"EG West","9/25/2018","Sept","Winter","Aug-Dec",2018,268,11,32,93,87,7.6717,"M",0.0481,7,8.51,0.008016934,0.006900608,180,6.892,93.108,0,0,100,0,0,0,0,0,0,0,0,0,0,0,0,0,3.1623,0,0,0,0,0,0,0,0,-1.20863586081318,-0.0904566160956667,-0.306423498215834,"2018"
"182",180,"EG West","9/25/2018","Sept","Winter","Aug-Dec",2018,268,11,32,98,91,7.9866,"M",0.0345,6,6.12,0.005129196,0.004622496,181,3.781,96.219,0,29.179911,0,0,0,13.15956771,48.50603942,0,0,9.154481882,0,0,0,0,0,2.3242,0,0,0,1.9046,2.6391,0,0,1.7394,0,0.12743736749509,0.981741761559378,-0.0110988971452304,"2018"
"183",207,"EG South","9/16/2020","Sept","Winter","Aug-Dec",2020,260,11.5,31.5,85,78,4.4735,"I",0.0293,6,4.35,NA,0.006894442,322,2.805,97.195,0,0,53.93103448,0,0,46.06896552,0,0,0,0,0,0,0,0,0,0,2.7099,0,0,2.6053,0,0,0,0,0,-0.266510411380695,0.209463700703757,-0.588386507154911,"2020"
"184",208,"EG South","9/16/2020","Sept","Winter","Aug-Dec",2020,260,11.5,31.5,96,89,6.4634,"I",0.0231,6,7.45,NA,0.003876489,323,1.382,98.618,0.187899286,99.81210071,0,0,0,0,0,0,0,0,0,0,0,0,0.6584,3.1608,0,0,0,0,0,0,0,0,0,0.0444504390828514,0.219868633683418,0.778161966255359,"2020"
"185",209,"EG South","9/16/2020","Sept","Winter","Aug-Dec",2020,260,11.5,31.5,75,69,3.2506,"I",0.0046,5,4.37,NA,0.001482054,324,0.694,99.306,0,0,0,0,0,100,0,0,0,0,0,0,0,0,0,0,0,0,0,3.1623,0,0,0,0,0,0.978688227287697,0.468317737928835,-0.500554049320816,"2020"
"186",210,"EG South","9/16/2020","Sept","Winter","Aug-Dec",2020,260,11.5,31.5,86,80,3.8551,"I",0.0123,6,6.32,NA,0.003417616,325,1.604,98.396,0.171379606,40.78834619,53.38474722,0,0,0,5.655526992,0,0,0,0,0,0,0,0.6434,2.5272,2.7031,0,0,0,1.5421,0,0,0,0,-0.527593820983896,0.0347824068401131,0.243756634811393,"2020"
"187",211,"EG South","9/16/2020","Sept","Winter","Aug-Dec",2020,260,11.5,31.5,92,85,5.6229,"I",0.0179,5,3.59,NA,0.003312852,326,0.931,99.069,100,0,0,0,0,0,0,0,0,0,0,0,0,0,3.1623,0,0,0,0,0,0,0,0,0,0,0.451098887025134,-1.10454279766265,0.158852920393199,"2020"
"188",212,"EG South","9/16/2020","Sept","Winter","Aug-Dec",2020,260,11.5,31.5,87,80,5.5088,"I",0.0282,6,6.91,NA,0.005529412,327,3.061,96.939,0,21.56101768,69.77145321,0,0,0,0,8.667529107,0,0,0,0,0,0,0,2.1549,2.8901,0,0,0,0,1.7158,0,0,0,-0.834150827795683,0.302043796018684,0.225661840551471,"2020"
"189",213,"EG South","9/16/2020","Sept","Winter","Aug-Dec",2020,260,11.5,31.5,98,90,7.8518,"I",0.0319,5,3.8,NA,0.004241344,328,2.657,97.343,0,0,92.26248776,0,0,0,0,7.737512243,0,0,0,0,0,0,0,0,3.0992,0,0,0,0,1.6678,0,0,0,-1.22645563641612,0.112709301411665,-0.598329456086435,"2020"
"190",214,"EG South","9/16/2020","Sept","Winter","Aug-Dec",2020,260,11.5,31.5,90,84,6.3021,"I",0.0523,5,5.73,NA,0.008881719,329,6.098,93.902,0,10.1910828,0,0,0,85.82802548,0,0,0,3.98089172,0,0,0,0,0,1.7867,0,0,0,3.0437,0,0,0,1.4125,0,0.482336498641991,0.718863413148191,-0.144088376553503,"2020"
"191",215,"EG South","9/16/2020","Sept","Winter","Aug-Dec",2020,260,11.5,31.5,89,82,5.7205,"I",0.0277,5,6.23,NA,0.005190765,330,4.107,95.893,0,0,100,0,0,0,0,0,0,0,0,0,0,0,0,0,3.1623,0,0,0,0,0,0,0,0,-1.20863586081318,-0.0904566160956673,-0.306423498215834,"2020"
"192",216,"EG South","9/16/2020","Sept","Winter","Aug-Dec",2020,260,11.5,31.5,77,72,3.6905,"I",0.0124,4,4.1,NA,0.003515935,331,1.68,98.32,100,0,0,0,0,0,0,0,0,0,0,0,0,0,3.1623,0,0,0,0,0,0,0,0,0,0,0.451098887025134,-1.10454279766265,0.158852920393199,"2020"
"193",217,"EG South","9/16/2020","Sept","Winter","Aug-Dec",2020,260,11.5,31.5,98,91,7.8853,"I",0.0562,6,7.68,NA,0.007779947,332,10.091,89.909,0,55.50359712,0,0,0,0,13.34532374,0,31.15107914,0,0,0,0,0,0,2.7295,0,0,0,0,1.9113,0,2.3625,0,0,-0.305187999523375,1.00553205239621,0.275668951552457,"2020"
"194",218,"EG South","9/16/2020","Sept","Winter","Aug-Dec",2020,260,11.5,31.5,114,105,13.0347,"I",0.0893,6,7.52,NA,0.007463373,333,4.782,95.218,0,0,100,0,0,0,0,0,0,0,0,0,0,0,0,0,3.1623,0,0,0,0,0,0,0,0,-1.20863586081318,-0.0904566160956674,-0.306423498215834,"2020"
"195",219,"EG South","9/16/2020","Sept","Winter","Aug-Dec",2020,260,11.5,31.5,104,96,9.2834,"I",0.0438,4,3.22,NA,0.00489889,334,1.656,98.344,0,0,100,0,0,0,0,0,0,0,0,0,0,0,0,0,3.1623,0,0,0,0,0,0,0,0,-1.20863586081318,-0.090456616095667,-0.306423498215834,"2020"
"196",220,"EG South","9/16/2020","Sept","Winter","Aug-Dec",2020,260,11.5,31.5,105,97,9.8596,"I",0.0466,4,5.95,NA,0.005050724,335,3.117,96.883,0,100,0,0,0,0,0,0,0,0,0,0,0,0,0,3.1623,0,0,0,0,0,0,0,0,0,-0.0510278888524549,0.481829288212359,0.881718206666212,"2020"
"197",222,"EG South","9/16/2020","Sept","Winter","Aug-Dec",2020,260,11.5,31.5,102,93,8.491,"I",0.0582,6,7.54,NA,0.00746872,337,7.438,92.562,0,23.99787629,0,0,76.00212371,0,0,0,0,0,0,0,0,0,0,2.2133,0,0,2.9526,0,0,0,0,0,0,-0.18998429740557,-0.0730214989223203,1.0653148284962,"2020"
"198",223,"EG South","9/16/2020","Sept","Winter","Aug-Dec",2020,260,11.5,31.5,82,76,3.9822,"I",0.0493,4,6.35,NA,0.013396375,338,7.412,92.588,0,0,100,0,0,0,0,0,0,0,0,0,0,0,0,0,3.1623,0,0,0,0,0,0,0,0,-1.20863586081318,-0.090456616095667,-0.306423498215834,"2020"
"199",224,"EG South","9/16/2020","Sept","Winter","Aug-Dec",2020,260,11.5,31.5,83,76,3.6195,"I",0.0238,4,4.25,NA,0.006915187,339,3.239,96.761,0,0,76.67304015,0,23.32695985,0,0,0,0,0,0,0,0,0,0,0,2.9591,0,2.1977,0,0,0,0,0,0,-1.08854851350004,-0.346217259862216,0.207361636097093,"2020"
"200",225,"EG South","9/16/2020","Sept","Winter","Aug-Dec",2020,260,11.5,31.5,91,84,5.8459,"I",0.0976,4,3.67,NA,0.017637704,340,14.759,85.241,0,0,100,0,0,0,0,0,0,0,0,0,0,0,0,0,3.1623,0,0,0,0,0,0,0,0,-1.20863586081318,-0.0904566160956673,-0.306423498215834,"2020"
"201",226,"EG South","9/16/2020","Sept","Winter","Aug-Dec",2020,260,11.5,31.5,129,119,17.4,"I",0.2261,4,6.87,NA,0.014150264,341,26.644,73.356,1.954022989,51.22126437,0,0,46.82471264,0,0,0,0,0,0,0,0,0,1.1823,2.6752,0,0,2.6159,0,0,0,0,0,0,0.121892867114916,-0.127302942325459,0.870758776188952,"2020"
