specimen,bay,site,date,Julian_date,month,year,gear,age,TL,SL,wgt_total,sex,liver_wgt,stom_wgt,stom_full,HSIwet,HSI_wet,HSIdry,K_wet,Kdry,stom_percent_wgt,AppMonth
EFH18/19-40,Cook ,Bare North,8/22/2017,233,Aug,2017,seine,0,51,NA,1.2752,I,0.0109,0.0525,4,0.899488364,0.891469698,NA,0.913524964,NA,4.117001255,Jul-Dec
EFH18/19-41,Cook ,Bare North,8/22/2017,233,Aug,2017,seine,0,68,NA,2.0841,I,0.0133,0.0599,3,0.661395395,0.657049699,NA,0.639534144,NA,2.874142316,Jul-Dec
EFH18/19-42,Cook ,Bare North,8/22/2017,233,Aug,2017,seine,0,63,NA,2.237,I,0.0098,0.0703,4,0.454355788,0.452300734,NA,0.862597832,NA,3.142601699,Jul-Dec
EFH18/19-43,Cook ,Bare North,8/22/2017,233,Aug,2017,seine,0,92,NA,5.4106,I,0.0379,0.314,5,0.749204341,0.74363301,NA,0.649644017,NA,5.803422911,Jul-Dec
EFH18/19-44,Cook ,Bare North,8/22/2017,233,Aug,2017,seine,0,84,NA,4.4304,I,0.0253,0.152,3,0.59486022,0.591342558,NA,0.717575721,NA,3.430841459,Jul-Dec
EFH18/19-50,Cook ,Bare North,8/22/2017,233,Aug,2017,seine,0,71,NA,2.5156,I,0.0087,0.1133,4,0.363469251,0.362152937,NA,0.66876961,NA,4.503895691,Jul-Dec
EFH18/19-51,Cook ,Bare North,8/22/2017,233,Aug,2017,seine,0,60,NA,1.6255,I,0.0255,0.07,4,1.666666667,1.639344262,NA,0.708333333,NA,4.306367272,Jul-Dec
EFH18/19-52,Cook ,Bare North,8/22/2017,233,Aug,2017,seine,0,63,NA,1.8733,I,0.031,0.0575,3,1.736889287,1.70723648,NA,0.713785808,NA,3.069449634,Jul-Dec
EFH18/19-45,Cook ,Bare North,8/22/2017,233,Aug,2017,seine,0,92,NA,6.8253,M,0.0809,0.7943,7,1.359641014,1.341402752,NA,0.76411862,NA,11.6375837,Jul-Dec
EFH18/19-47,Cook ,Bare North,8/22/2017,233,Aug,2017,seine,0,105,NA,10.7515,M,0.0489,1.7411,7,0.545667578,0.542706206,NA,0.774128064,NA,16.19401944,Jul-Dec
EFH18/19-49,Cook ,Bare North,8/22/2017,233,Aug,2017,seine,0,84,NA,4.5365,M,0.0473,0.2479,5,1.115224106,1.102924031,NA,0.715584845,NA,5.464565193,Jul-Dec
EFH18/19-46,Cook ,Bare North,8/22/2017,233,Aug,2017,seine,0,106,NA,11.7423,F,0.2546,0.7963,6,2.381353237,2.325963822,NA,0.89767056,NA,6.781465301,Jul-Dec
EFH18/19-48,Cook ,Bare North,8/22/2017,233,Aug,2017,seine,0,86,NA,5.508,F,0.107,0.2612,4,2.081793066,2.039338263,NA,0.808073503,NA,4.742193174,Jul-Dec
EFH18/19-37,Cook ,EG West,8/23/2017,234,Aug,2017,seine,0,94,NA,6.7823,I,0.0412,0.3041,4,0.640049713,0.63597913,NA,0.77499687,NA,4.483729708,Jul-Dec
EFH18/19-38,Cook ,EG West,8/23/2017,234,Aug,2017,seine,0,81,NA,3.5857,I,0.0161,0.0907,2,0.462789962,0.460658083,NA,0.654616411,NA,2.529492149,Jul-Dec
EFH18/19-39,Cook ,EG West,8/23/2017,234,Aug,2017,seine,0,117,NA,12.0234,I,0.1336,0.3126,3,1.15399233,1.140827271,NA,0.722846281,NA,2.599930136,Jul-Dec
EFH18/19-130,Cook ,EG North,8/21/2018,232,Aug,2018,seine,0,64,60,2.2809,I,0.0167,0.0856,4,0.885565808,0.760716075,NA,0.831069946,NA,3.752904555,Jul-Dec
EFH18/19-134,Cook ,EG North,8/21/2018,232,Aug,2018,seine,0,65,60,2.2988,I,0.0082,0.0923,4,0.423794511,0.371629277,NA,0.800473373,NA,4.015138333,Jul-Dec
EFH18/19-122,Cook ,EG South,8/21/2018,232,Aug,2018,seine,0,66,62,2.4571,I,0.0118,0.0891,4,0.563434083,0.498310811,NA,0.819559229,NA,3.626226039,Jul-Dec
EFH18/19-116,Cook ,EG South,8/21/2018,232,Aug,2018,seine,0,83,77,5.4167,I,0.0592,0.2048,5,1.291533041,1.135862162,NA,0.901157249,NA,3.78089981,Jul-Dec
EFH18/19-119,Cook ,EG South,8/21/2018,232,Aug,2018,seine,0,71,65,3.4551,M,0.0429,0.2079,5,1.593314763,1.321138211,NA,0.895278435,NA,6.017191977,Jul-Dec
EFH18/19-128,Cook ,EG North,8/21/2018,232,Aug,2018,seine,0,78,73,4.5594,M,0.0452,0.4365,6,1.269235089,1.0963157,NA,0.859273589,NA,9.573628109,Jul-Dec
EFH18/19-129,Cook ,EG North,8/21/2018,232,Aug,2018,seine,0,81,76,5.0264,M,0.0615,0.2643,5,1.447501589,1.291447051,NA,0.884500819,NA,5.258236511,Jul-Dec
EFH18/19-131,Cook ,EG North,8/21/2018,232,Aug,2018,seine,0,86,80,5.6983,M,0.0477,0.333,5,0.988539573,0.889046279,NA,0.836027016,NA,5.843848165,Jul-Dec
NA,Cook ,Bare North,8/21/2018,232,Aug,2018,seine,0,72,NA,2.9279,I,0.032,0.3997,6,1.386962552,1.265722649,7.543611504,0.668777864,1.136509774,13.65142252,Jul-Dec
NA,Cook ,Bare North,8/21/2018,232,Aug,2018,seine,0,80,NA,4.2329,I,0.034,0.3306,5,0.979262673,0.871281039,5.349276274,0.755527344,1.24140625,7.810248293,Jul-Dec
NA,Cook ,Bare North,8/21/2018,232,Aug,2018,seine,0,79,NA,3.8006,I,0.0249,0.1417,4,0.751947817,0.6805324,3.984637542,0.737061368,1.267445375,3.72835868,Jul-Dec
NA,Cook ,Bare North,8/21/2018,232,Aug,2018,seine,0,80,NA,4.398,I,0.0311,0.26,5,0.852779073,0.751570807,4.63902148,0.802128906,1.309375,5.911778081,Jul-Dec
EFH18/19-121,Cook ,EG South,8/21/2018,232,Aug,2018,seine,0,71,65,2.5478,F,0.0217,0.1041,4,0.998895231,0.887997708,NA,0.676704544,NA,4.085878012,Jul-Dec
EFH18/19-118,Cook ,EG South,8/21/2018,232,Aug,2018,seine,0,75,70,3.7773,F,0.0379,0.1466,4,1.273692701,1.043875837,NA,0.851626667,NA,3.881079078,Jul-Dec
EFH18/19-123,Cook ,EG South,8/21/2018,232,Aug,2018,seine,0,79,74,4.6964,F,0.0483,0.188,5,1.201911113,1.071333511,NA,0.904614037,NA,4.003066178,Jul-Dec
EFH18/19-126,Cook ,EG North,8/21/2018,232,Aug,2018,seine,0,80,75,4.5437,F,0.028,0.3407,5,0.740212018,0.666190816,NA,0.815429688,NA,7.498294342,Jul-Dec
EFH18/19-127,Cook ,EG North,8/21/2018,232,Aug,2018,seine,0,80,75,5.6652,F,0.0602,0.8605,6,1.414373987,1.25293983,NA,0.926660156,NA,15.18922545,Jul-Dec
EFH18/19-117,Cook ,EG South,8/21/2018,232,Aug,2018,seine,0,81,75,4.9392,F,0.0683,0.418,6,1.754160674,1.510660886,NA,0.837891694,NA,8.462908973,Jul-Dec
EFH18/19-133,Cook ,EG North,8/21/2018,232,Aug,2018,seine,0,71,77,4.1499,F,0.024,0.1687,4,0.682031317,0.602833317,NA,1.105637994,NA,4.065158197,Jul-Dec
EFH18/19-132,Cook ,EG North,8/21/2018,232,Aug,2018,seine,0,84,78,5.2251,F,0.0534,0.4544,6,1.236712291,1.119332593,NA,0.795894747,NA,8.696484278,Jul-Dec
EFH18/19-120,Cook ,EG South,8/21/2018,232,Aug,2018,seine,0,87,83,7.0424,F,0.1009,0.383,5,1.715986395,1.515151515,NA,0.995971165,NA,5.438486879,Jul-Dec
EFH18/19-125,Cook ,EG South,8/21/2018,232,Aug,2018,seine,0,98,91,9.4029,F,0.0898,0.7261,5,1.190697181,1.034943758,NA,0.912353696,NA,7.72208574,Jul-Dec
EFH18/19-124,Cook ,EG South,8/21/2018,232,Aug,2018,seine,0,100,94,9.4368,F,0.1445,0.4621,4,1.812253088,1.610081674,NA,0.88302,NA,4.896787046,Jul-Dec
NA,Cook ,Lam East,8/22/2018,233,Aug,2018,seine,0,88,NA,5.3407,I,0.0342,0.3023,4,0.762899016,0.678786916,4.107121412,0.734322173,1.22191374,5.660306701,Jul-Dec
NA,Cook ,Lam East,8/22/2018,233,Aug,2018,seine,0,71,NA,2.97,I,0.0154,0.2981,6,0.66976906,0.576368876,3.507972665,0.742223625,1.226561911,10.03703704,Jul-Dec
NA,Cook ,Lam East,8/22/2018,233,Aug,2018,seine,0,66,NA,2.0724,I,0.006,0.0578,3,0.323502453,0.297825871,1.661129568,0.698653199,1.256365306,2.789036865,Jul-Dec
NA,Cook ,Lam East,8/22/2018,233,Aug,2018,seine,0,71,NA,3.0768,I,0.0217,0.2284,5,0.857470265,0.761831203,4.672695952,0.789777347,1.297529274,7.423296932,Jul-Dec
NA,Cook ,Lam East,8/22/2018,233,Aug,2018,seine,0,57,NA,1.5373,I,0.0042,0.0539,4,0.318374773,0.283133342,1.6840417,0.798734293,1.346703169,3.506147141,Jul-Dec
NA,Cook ,Lam East,8/22/2018,233,Aug,2018,seine,0,82,NA,4.8819,I,0.0263,0.5592,6,0.665250164,0.608416036,3.534946237,0.77922549,1.349371019,11.45455663,Jul-Dec
NA,Cook ,Lam East,8/22/2018,233,Aug,2018,seine,0,77,NA,4.0134,I,0.0172,0.1431,4,0.519543285,0.444409994,2.777329243,0.843991562,1.356528444,3.565555389,Jul-Dec
NA,Cook ,Lam East,8/22/2018,233,Aug,2018,seine,0,88,NA,6.2481,I,0.0689,0.4542,5,1.342791994,1.189181726,7.253395094,0.84009321,1.393894393,7.269409901,Jul-Dec
NA,Cook ,Lam East,8/22/2018,233,Aug,2018,seine,0,79,NA,4.538,I,0.0318,0.2895,5,0.835435057,0.74849947,4.492794575,0.855246745,1.435586232,6.379462318,Jul-Dec
NA,Cook ,Lam East,8/22/2018,233,Aug,2018,seine,0,70,NA,3.2449,I,0.0224,0.1677,4,0.814604699,0.727934486,4.357976654,0.890612245,1.498542274,5.168109957,Jul-Dec
NA,Cook ,Lam East,8/22/2018,233,Aug,2018,seine,0,104,NA,11.0654,I,0.2463,0.6613,5,2.747534693,2.367335954,14.45422535,0.903024721,1.514849795,5.976286442,Jul-Dec
NA,Cook ,Lam East,8/22/2018,233,Aug,2018,seine,0,67,NA,2.8802,I,0.0109,0.1489,4,0.436349079,0.399077362,2.27604928,0.904499556,1.592283625,5.169779876,Jul-Dec
EFH18/19-03,Woody Island,NA,8/28/2018,239,Aug,2018,jig,1,268,NA,223.05,M,6.12,13.93,4,3.014778325,2.92654935,NA,1.054609443,NA,6.245236494,Jul-Dec
EFH18/19-09,Woody Island,NA,8/28/2018,239,Aug,2018,jig,1,271,NA,237.12,M,8.41,6.03,3,3.776719957,3.639274741,NA,1.118853797,NA,2.543016194,Jul-Dec
EFH18/19-04,Woody Island,NA,8/28/2018,239,Aug,2018,jig,1,284,NA,282.41,M,12.36,6.14,3,4.683414801,4.473884244,NA,1.152128253,NA,2.174143975,Jul-Dec
EFH18/19-05,Woody Island,NA,8/28/2018,239,Aug,2018,jig,1,297,NA,316.61,M,7.89,7.54,2,2.619695863,2.55281975,NA,1.149626539,NA,2.381478791,Jul-Dec
EFH18/19-06,Woody Island,NA,8/28/2018,239,Aug,2018,jig,1,287,NA,282.43,M,11.54,6.65,3,4.367241901,4.184494887,NA,1.117771084,NA,2.354565733,Jul-Dec
EFH18/19-08,Woody Island,NA,8/28/2018,239,Aug,2018,jig,1,286,NA,230.08,M,4.14,5.34,2,1.876699909,1.842128682,NA,0.942990698,NA,2.32093185,Jul-Dec
EFH18/19-10,Woody Island,NA,8/28/2018,239,Aug,2018,jig,1,292,NA,300.01,M,6.9508,7.1177,2,2.430846869,2.373159008,NA,1.148493752,NA,2.372487584,Jul-Dec
EFH18/19-12,Woody Island,NA,8/28/2018,239,Aug,2018,jig,1,306,NA,348.06,M,11.2541,7.4674,3,3.417183232,3.304270263,NA,1.149418608,NA,2.145434695,Jul-Dec
EFH18/19-13,Woody Island,NA,8/28/2018,239,Aug,2018,jig,1,292,NA,303.23,M,7.9488,6.176,1,2.74944899,2.675877113,NA,1.16120086,NA,2.03673779,Jul-Dec
EFH18/19-14,Woody Island,NA,8/28/2018,239,Aug,2018,jig,1,310,NA,372.47,M,12.1578,9.1195,3,3.461860113,3.346025394,NA,1.178855023,NA,2.448385105,Jul-Dec
EFH18/19-15,Woody Island,NA,8/28/2018,239,Aug,2018,jig,1,292,NA,312.65,M,8.4437,5.6522,1,2.828197637,2.750410589,NA,1.199152688,NA,1.807836239,Jul-Dec
EFH18/19-18,Woody Island,NA,8/28/2018,239,Aug,2018,jig,1,302,NA,308.37,M,8.3335,6.699,3,2.840925555,2.762446506,NA,1.06499301,NA,2.17239031,Jul-Dec
EFH18/19-19,Woody Island,NA,8/28/2018,239,Aug,2018,jig,1,287,NA,283.9,M,8.7946,9.5988,4,3.312384702,3.206183568,NA,1.123128974,NA,3.381049665,Jul-Dec
EFH18/19-20,Woody Island,NA,8/28/2018,239,Aug,2018,jig,1,280,NA,242.21,M,7.8345,5.0095,2-Jan,3.415719854,3.302901975,NA,1.044852405,NA,2.068246563,Jul-Dec
EFH18/19-28,Woody Island,NA,8/28/2018,239,Aug,2018,jig,1,291,NA,315.02,M,9.8873,5.8217,2,3.303353368,3.197721333,NA,1.214629182,NA,1.848041394,Jul-Dec
EFH18/19-29,Woody Island,NA,8/28/2018,239,Aug,2018,jig,1,282,NA,251.18,M,5.0905,5.193,3,2.113148178,2.069418303,NA,1.074195096,NA,2.067441675,Jul-Dec
EFH18/19-32,Woody Island,NA,8/28/2018,239,Aug,2018,jig,1,302,NA,340.26,M,9.958,7.1858,4,3.081863429,2.989724212,NA,1.17310775,NA,2.11185564,Jul-Dec
EFH18/19-33,Woody Island,NA,8/28/2018,239,Aug,2018,jig,1,296,NA,349.06,M,13.0667,7.8191,4,3.981635363,3.829171708,NA,1.265404289,NA,2.240044691,Jul-Dec
EFH18/19-36,Woody Island,NA,8/28/2018,239,Aug,2018,jig,1,332,NA,422.52,M,11.1858,9.2739,3,2.782119995,2.706813204,NA,1.098694477,NA,2.194902016,Jul-Dec
EFH18/19-07,Woody Island,NA,8/28/2018,239,Aug,2018,jig,1,273,NA,223.17,F,7.53,6.77,3,3.605113228,3.479667283,NA,1.026568953,NA,3.033561859,Jul-Dec
EFH18/19-11,Woody Island,NA,8/28/2018,239,Aug,2018,jig,1,274,NA,233.78,F,8.3255,4.2343,1,3.763444749,3.626946617,NA,1.075407577,NA,1.811232783,Jul-Dec
EFH18/19-16,Woody Island,NA,8/28/2018,239,Aug,2018,jig,1,269,NA,218.89,F,3.9455,8.4246,6,1.910469645,1.874654931,NA,1.060974793,NA,3.848782493,Jul-Dec
EFH18/19-17,Woody Island,NA,8/28/2018,239,Aug,2018,jig,1,272,NA,253.62,F,7.6001,6.9009,4,3.178375621,3.080466814,NA,1.188248771,NA,2.720960492,Jul-Dec
EFH18/19-26,Woody Island,NA,8/28/2018,239,Aug,2018,jig,1,275,NA,255.91,F,4.2336,8.9322,4,1.744058148,1.714162164,NA,1.167214786,NA,3.490367707,Jul-Dec
EFH18/19-27,Woody Island,NA,8/28/2018,239,Aug,2018,jig,1,259,NA,206.7,F,3.8207,7.6681,4,1.957213521,1.919642027,NA,1.123583723,NA,3.709772617,Jul-Dec
EFH18/19-02,Woody Island,NA,8/28/2018,239,Aug,2018,jig,1,277,NA,232.45,F,8.89,9.01,3,4.143556281,3.978696742,NA,1.009460226,NA,3.876102388,Jul-Dec
EFH18/19-21,Woody Island,NA,8/28/2018,239,Aug,2018,jig,1,317,NA,394.11,F,9.2556,13.8906,5,2.495014338,2.434278735,NA,1.164538216,NA,3.524548984,Jul-Dec
EFH18/19-22,Woody Island,NA,8/28/2018,239,Aug,2018,jig,1,298,NA,328.25,F,9.0336,9.508,4,2.916808198,2.83414172,NA,1.170318829,NA,2.896572734,Jul-Dec
EFH18/19-23,Woody Island,NA,8/28/2018,239,Aug,2018,jig,1,294,NA,309.11,F,14.3089,7.2231,3,4.975658778,4.739821436,NA,1.131654013,NA,2.336740966,Jul-Dec
EFH18/19-24,Woody Island,NA,8/28/2018,239,Aug,2018,jig,1,303,NA,346.2,F,12.1615,7.4686,2,3.724011307,3.590307837,NA,1.173946398,NA,2.157307915,Jul-Dec
EFH18/19-25,Woody Island,NA,8/28/2018,239,Aug,2018,jig,1,313,NA,382.59,F,9.8794,19.4723,6,2.79680884,2.720715625,NA,1.151953035,NA,5.089599833,Jul-Dec
EFH18/19-30,Woody Island,NA,8/28/2018,239,Aug,2018,jig,1,285,NA,287.22,F,9.6479,8.8939,5,3.590875627,3.466401462,NA,1.160640845,NA,3.096546202,Jul-Dec
EFH18/19-31,Woody Island,NA,8/28/2018,239,Aug,2018,jig,1,289,NA,290.25,F,7.7879,5.7657,3,2.81460113,2.737550016,NA,1.14633085,NA,1.986459948,Jul-Dec
EFH18/19-34,Woody Island,NA,8/28/2018,239,Aug,2018,jig,1,324,NA,431.38,F,8.3748,9.1238,3,2.023478223,1.983345656,NA,1.216860738,NA,2.115026195,Jul-Dec
EFH18/19-35,Woody Island,NA,8/28/2018,239,Aug,2018,jig,1,297,NA,318.06,F,8.6482,8.0147,2,2.869370674,2.789334333,NA,1.150455226,NA,2.519870465,Jul-Dec
EFH18/19-85,Chiniak,NA,8/21/2019,234,Aug,2019,jig,1,274,NA,238.55,F,5.6345,7.0373,4,2.527021572,2.433775771,11.96284501,1.098051298,2.289650624,2.95003144,Jul-Dec
EFH18/19-135,Cook ,Lam East,8/22/2019,234,Aug,2018,seine,0,98,91,9.2871,F,0.0663,0.5881,5,0.861072509,0.76215657,NA,0.917209241,NA,6.332439621,Jul-Dec
EFH18/19-272,Cook ,EG South,8/21/2020,234,Aug,2020,seine,0,64,60,2.0039,I,0.0063,0.0771,3,0.328039573,0.326966992,NA,0.73261261,NA,3.84749738,Jul-Dec
EFH18/19-273,Cook ,EG South,8/21/2020,234,Aug,2020,seine,0,66,61,2.2426,I,0.0078,0.1649,5,0.376829799,0.375415122,NA,0.719975234,NA,7.353072327,Jul-Dec
EFH18/19-281,Cook ,EG South,8/21/2020,234,Aug,2020,seine,0,70,65,2.3575,I,0.0137,0.1369,5,0.62078028,0.616950374,NA,0.643411079,NA,5.80699894,Jul-Dec
EFH18/19-282,Cook ,EG South,8/21/2020,234,Aug,2020,seine,0,77,72,3.5569,I,0.0144,0.2099,5,0.432095061,0.430236032,NA,0.729980089,NA,5.901206106,Jul-Dec
EFH18/19-277,Cook ,EG South,8/21/2020,234,Aug,2020,seine,0,80,74,4.4283,I,0.0297,0.2272,4,0.711991178,0.706957702,NA,0.814726563,NA,5.130637039,Jul-Dec
EFH18/19-279,Cook ,EG South,8/21/2020,234,Aug,2020,seine,0,79,74,3.8417,I,0.0207,0.3529,6,0.596868602,0.593327219,NA,0.703412915,NA,9.186037431,Jul-Dec
EFH18/19-284,Cook ,EG South,8/21/2020,234,Aug,2020,seine,0,83,76,4.5212,I,0.0209,0.3113,5,0.498925758,0.496448847,NA,0.732615467,NA,6.885340175,Jul-Dec
EFH18/19-270,Cook ,EG South,8/21/2020,234,Aug,2020,seine,0,83,78,4.4455,I,0.0379,0.2174,4,0.904491432,0.896383718,NA,0.732825335,NA,4.890338545,Jul-Dec
EFH18/19-280,Cook ,EG South,8/21/2020,234,Aug,2020,seine,0,86,80,4.4468,I,0.0189,0.1859,4,0.445544554,0.44356826,NA,0.666922409,NA,4.180534317,Jul-Dec
EFH18/19-286,Cook ,EG South,8/21/2020,234,Aug,2020,seine,0,86,80,4.4906,I,0.0152,0.2922,5,0.363358195,0.362042683,NA,0.65767794,NA,6.506925578,Jul-Dec
EFH18/19-268,Cook ,EG South,8/21/2020,234,Aug,2020,seine,0,86,81,5.0101,I,0.0357,0.2423,4,0.754421927,0.748773019,NA,0.743975373,NA,4.836230814,Jul-Dec
EFH18/19-275,Cook ,EG South,8/21/2020,234,Aug,2020,seine,0,89,82,5.2554,I,0.0102,0.1607,3,0.200609696,0.200208059,NA,0.721237388,NA,3.057807208,Jul-Dec
EFH18/19-267,Cook ,EG South,8/21/2020,234,Aug,2020,seine,0,90,85,5.9001,I,0.0319,0.3669,4,0.579862941,0.576519916,NA,0.754636488,NA,6.218538669,Jul-Dec
EFH18/19-283,Cook ,EG South,8/21/2020,234,Aug,2020,seine,0,92,86,7.5231,I,0.0223,0.8702,6,0.336319488,0.335192172,NA,0.851509205,NA,11.56704018,Jul-Dec
EFH18/19-276,Cook ,EG South,8/21/2020,234,Aug,2020,seine,0,95,87,6.6907,I,0.0299,0.3654,5,0.474949963,0.472704852,NA,0.73426447,NA,5.46131197,Jul-Dec
EFH18/19-278,Cook ,EG South,8/21/2020,234,Aug,2020,seine,0,94,87,6.8273,I,0.0429,0.3891,4,0.670805123,0.666335311,NA,0.769976306,NA,5.699178299,Jul-Dec
EFH18/19-271,Cook ,EG South,8/21/2020,234,Aug,2020,seine,0,95,88,7.5158,I,0.0282,0.3078,3,0.392768601,0.391231964,NA,0.837416533,NA,4.095372415,Jul-Dec
EFH18/19-274,Cook ,EG South,8/21/2020,234,Aug,2020,seine,0,98,91,7.8667,I,0.0301,0.3263,4,0.400782925,0.399183067,NA,0.797956209,NA,4.14786378,Jul-Dec
EFH18/19-269,Cook ,EG South,8/21/2020,234,Aug,2020,seine,0,98,93,8.2014,I,0.0579,0.9382,6,0.803575146,0.797169292,NA,0.765550493,NA,11.43951033,Jul-Dec
EFH18/19-285,Cook ,EG South,8/21/2020,234,Aug,2020,seine,0,108,101,11.1528,I,0.0794,0.7022,4,0.765581611,0.75976499,NA,0.823299294,NA,6.296176745,Jul-Dec
NA,Cook ,EG South,8/21/2020,234,Aug,2020,seine,0,85,79,3.7923,I,0.008,0.1563,5,0.249260009,0.220022002,1.33177959,0.59075921,0.97813963,4.121509374,Jul-Dec
NA,Cook ,EG West,8/21/2020,234,Aug,2020,seine,0,57,52,1.3285,I,0.0076,0.0509,4,0.67459613,0.594865373,3.50877193,0.68577106,1.169590643,3.831388784,Jul-Dec
NA,Cook ,EG South,8/21/2020,234,Aug,2020,seine,0,85,79,4.4347,I,0.0408,0.1805,4,1.064412616,0.959052231,5.655669531,0.686081824,1.174679422,4.070173856,Jul-Dec
NA,Cook ,EG South,8/21/2020,234,Aug,2020,seine,0,79,74,4.0143,I,0.0158,0.1814,4,0.47421814,0.412220512,2.587618736,0.77419839,1.238441584,4.518845129,Jul-Dec
NA,Cook ,EG West,8/21/2020,234,Aug,2020,seine,0,62,58,1.7202,I,0.0173,0.0493,5,1.159517426,1.03537016,5.824915825,0.693833708,1.246181733,2.86594582,Jul-Dec
NA,Cook ,EG South,8/21/2020,234,Aug,2020,seine,0,77,72,3.673,I,0.0126,0.1835,4,0.402106271,0.36108325,2.207428171,0.761587881,1.250292969,4.995916145,Jul-Dec
NA,Cook ,EG South,8/21/2020,234,Aug,2020,seine,0,74,69,3.1923,I,0.0176,0.0944,4,0.643839625,0.568126796,3.436828744,0.760147474,1.263745484,2.957115559,Jul-Dec
NA,Cook ,EG South,8/21/2020,234,Aug,2020,seine,0,83,78,4.5611,I,0.0309,0.2083,5,0.799275737,0.709887888,4.26030608,0.755858388,1.268479346,4.566880796,Jul-Dec
NA,Cook ,EG South,8/21/2020,234,Aug,2020,seine,0,102,95,8.7492,I,0.0284,0.6655,6,0.394927133,0.35132427,2.057821897,0.75906891,1.300499054,7.606409729,Jul-Dec
NA,Cook ,EG South,8/21/2020,234,Aug,2020,seine,0,94,88,6.6669,I,0.0371,0.3156,4,0.641047793,0.584132382,3.414005705,0.760212092,1.30835653,4.733834316,Jul-Dec
NA,Cook ,EG South,8/21/2020,234,Aug,2020,seine,0,90,84,6.0236,I,0.0248,0.2851,4,0.500080658,0.432168685,2.588726514,0.783772291,1.314128944,4.733050003,Jul-Dec
NA,Cook ,EG South,8/21/2020,234,Aug,2020,seine,0,81,75,4.0166,I,0.0103,0.163,5,0.291710329,0.267282541,1.467445505,0.7231847,1.320748681,4.058158642,Jul-Dec
NA,Cook ,EG South,8/21/2020,234,Aug,2020,seine,0,85,79,5.2546,I,0.0151,0.1992,5,0.336228012,0.298690509,1.825655906,0.820728679,1.346794219,3.790964108,Jul-Dec
NA,Cook ,EG South,8/21/2020,234,Aug,2020,seine,0,86,80,5.5758,I,0.0373,0.2305,4,0.807848913,0.69780929,4.332171893,0.834517715,1.353654395,4.133935937,Jul-Dec
NA,Cook ,EG West,8/21/2020,234,Aug,2020,seine,0,71,67,2.6288,I,0.0119,0.0688,4,0.505780347,0.46484375,2.429563087,0.711936766,1.368496637,2.617163725,Jul-Dec
NA,Cook ,EG South,8/21/2020,234,Aug,2020,seine,0,74,69,3.2874,I,0.0256,0.1387,4,0.921990924,0.813033951,4.599353216,0.770709533,1.37356129,4.219139746,Jul-Dec
NA,Cook ,EG West,8/21/2020,234,Aug,2020,seine,0,88,82,5.7456,I,0.0854,0.4916,5,1.761296842,1.625428245,9.061007958,0.758446422,1.383035547,8.556112503,Jul-Dec
NA,Cook ,EG West,8/21/2020,234,Aug,2020,seine,0,82,75,4.4056,I,0.0277,0.131,4,0.712558522,0.648013849,3.570507863,0.77024782,1.407045748,2.973488288,Jul-Dec
NA,Cook ,EG West,8/21/2020,234,Aug,2020,seine,0,100,93,8.1342,I,0.0296,0.7334,5,0.430145029,0.399956761,2.099141905,0.73712,1.4101,9.016252367,Jul-Dec
NA,Cook ,EG South,8/21/2020,234,Aug,2020,seine,0,105,99,11.4023,I,0.1236,1.182,6,1.398110967,1.209357847,7.555935933,0.872190908,1.413065544,10.3663296,Jul-Dec
NA,Cook ,EG South,8/21/2020,234,Aug,2020,seine,0,90,84,6.7169,I,0.0469,0.7001,6,0.873354314,0.779484111,4.535344744,0.818916324,1.418518519,10.42296297,Jul-Dec
NA,Cook ,EG South,8/21/2020,234,Aug,2020,seine,0,95,89,7.2989,I,0.0199,0.2409,2,0.301665985,0.281949561,1.614211551,0.820889342,1.437877242,3.300497335,Jul-Dec
NA,Cook ,EG West,8/21/2020,234,Aug,2020,seine,0,106,97,9.6381,I,0.0562,0.412,4,0.660997612,0.609141457,3.27391355,0.769922486,1.441290461,4.274701445,Jul-Dec
NA,Cook ,EG West,8/21/2020,234,Aug,2020,seine,0,75,70,3.9324,I,0.0194,0.1413,5,0.576968832,0.511724829,3.006819591,0.894032593,1.529362963,3.593225511,Jul-Dec
NA,Cook ,EG West,8/21/2020,234,Aug,2020,seine,0,120,112,15.663,I,0.0648,0.9339,5,0.470025024,0.439945414,2.360913761,0.848628472,1.588368056,5.962459299,Jul-Dec
EFH18/19-156,Cook ,EG West,12/3/2018,337,Dec,2018,seine,0,85,80,5.5084,M,0.1272,0.5691,2,3.155153169,2.575263701,17.5230748,0.78357012,1.18200692,10.33149372,Jul-Dec
EFH18/19-160,Cook ,EG West,12/3/2018,337,Dec,2018,seine,0,88,84,5.8443,M,0.0611,0.4704,6,1.287942664,1.13697687,7.016536518,0.779606499,1.277822126,8.048868128,Jul-Dec
EFH18/19-158,Cook ,EG West,12/3/2018,337,Dec,2018,seine,0,103,96,8.2828,M,0.1203,0.4249,5,1.658052512,1.530943382,8.611926408,0.70810001,1.278361384,5.129907761,Jul-Dec
EFH18/19-159,Cook ,EG West,12/3/2018,337,Dec,2018,seine,0,91,84,5.7518,M,0.1157,0.1863,2,2.344905859,2.078878807,11.80491787,0.72319662,1.300607375,3.238986057,Jul-Dec
EFH18/19-157,Cook ,EG West,12/3/2018,337,Dec,2018,seine,0,102,95,8.9747,M,0.2421,0.2541,3,3.114747771,2.776185125,15.89625739,0.798947991,1.435156916,2.831292411,Jul-Dec
EFH18/19-82,Woody Island,NA,12/29/2018,263,Dec,2018,jig,1,212,NA,70.66,M,1.0041,1.369,2-Jan,1.56545003,1.449105944,7.90194381,0.716687475,1.333630279,1.937446929,Jul-Dec
EFH18/19-115,Cook ,EG South,7/16/2018,196,July,2018,seine,0,57,52,1.3996,I,0.0117,0.0866,4,1.007231405,0.891089109,NA,0.702672347,NA,6.187482138,Jul-Dec
EFH18/19-109,Cook ,EG South,7/16/2018,196,July,2018,seine,0,57,53,1.5418,I,0.0111,0.1169,5,0.916295196,0.779002035,NA,0.763419784,NA,7.582046958,Jul-Dec
EFH18/19-101,Cook ,EG South,7/16/2018,196,July,2018,seine,0,60,56,2.1394,I,0.0219,0.146,4,1.252502145,1.098625464,NA,0.912731481,NA,6.824343274,Jul-Dec
EFH18/19-104,Cook ,EG South,7/16/2018,196,July,2018,seine,0,60,56,1.8083,I,0.0153,0.0722,3,0.994345876,0.88128564,NA,0.796666667,NA,3.992700326,Jul-Dec
EFH18/19-96,Cook ,EG South,7/16/2018,196,July,2018,seine,0,60,56,1.774,I,0.0175,0.0802,3,1.267197683,1.033179832,NA,0.776064815,NA,4.520856821,Jul-Dec
EFH18/19-113,Cook ,EG South,7/16/2018,196,July,2018,seine,0,62,57,2.1402,I,0.0186,0.1983,5,1.054780538,0.957824811,NA,0.80699708,NA,9.265489207,Jul-Dec
EFH18/19-99,Cook ,EG South,7/16/2018,196,July,2018,seine,0,61,57,1.9093,I,0.0089,0.0979,4,0.597556063,0.491332671,NA,0.794119332,NA,5.127533651,Jul-Dec
EFH18/19-102,Cook ,EG South,7/16/2018,196,July,2018,seine,0,65,60,2.3612,I,0.0297,0.1525,5,1.561596298,1.344682392,NA,0.793445608,NA,6.458580383,Jul-Dec
EFH18/19-107,Cook ,EG South,7/16/2018,196,July,2018,seine,0,67,62,2.5592,I,0.0286,0.0912,3,1.356929354,1.158833063,NA,0.811070511,NA,3.563613629,Jul-Dec
EFH18/19-110,Cook ,EG South,7/16/2018,196,July,2018,seine,0,67,62,2.3368,I,0.0169,0.1159,4,0.86813582,0.760952767,NA,0.732802905,NA,4.95977405,Jul-Dec
EFH18/19-111,Cook ,EG South,7/16/2018,196,July,2018,seine,0,67,62,2.2965,I,0.0197,0.1367,5,1.037060434,0.912121493,NA,0.71155694,NA,5.952536469,Jul-Dec
EFH18/19-114,Cook ,EG South,7/16/2018,196,July,2018,seine,0,67,62,2.3395,I,0.0122,0.0962,4,0.60917761,0.543841662,NA,0.741813321,NA,4.111989741,Jul-Dec
EFH18/19-103,Cook ,EG South,7/16/2018,196,July,2018,seine,0,69,64,2.7453,I,0.031,0.1077,3,1.357624595,1.175310889,NA,0.793463802,NA,3.923068517,Jul-Dec
EFH18/19-105,Cook ,EG South,7/16/2018,196,July,2018,seine,0,69,64,2.7233,I,0.0306,0.1123,3,1.346653171,1.171964764,NA,0.785488373,NA,4.123673484,Jul-Dec
EFH18/19-100,Cook ,EG South,7/16/2018,196,July,2018,seine,0,73,67,3.1112,I,0.0245,0.124,4,0.929861849,0.820166042,NA,0.761586255,NA,3.985600411,Jul-Dec
EFH18/19-112,Cook ,EG South,7/16/2018,196,July,2018,seine,0,72,67,2.9751,I,0.0199,0.1507,4,0.789150176,0.704574423,NA,0.7513771,NA,5.065375954,Jul-Dec
EFH18/19-106,Cook ,EG South,7/16/2018,196,July,2018,seine,0,73,68,2.9848,I,0.0262,0.1266,4,1.040177862,0.916660835,NA,0.727988751,NA,4.241490217,Jul-Dec
NA,Cook ,EG South,7/16/2018,196,July,2018,seine,0,39,NA,0.4112,I,0.0012,0.0184,3,0.367872471,0.305498982,2,0.660159477,1.011480301,4.474708171,Jul-Dec
NA,Cook ,EG South,7/16/2018,196,July,2018,seine,0,54,NA,0.9731,I,0.0088,0.0456,4,1.114065072,0.948787062,5.086705202,0.583434944,1.098663822,4.686054876,Jul-Dec
NA,Cook ,EG South,7/16/2018,196,July,2018,seine,0,58,NA,1.2515,I,0.0041,0.0517,4,0.379911045,0.341723621,1.844354476,0.612827504,1.139345607,4.131042749,Jul-Dec
NA,Cook ,EG South,7/16/2018,196,July,2018,seine,0,56,NA,1.2727,I,0.0092,0.0483,3,0.852088543,0.751388435,4.597701149,0.691964286,1.139417821,3.795081323,Jul-Dec
NA,Cook ,EG South,7/16/2018,196,July,2018,seine,0,57,NA,1.2967,I,0.0124,0.0875,4,1.170363379,1.025471386,5.851816895,0.646244728,1.144211714,6.747898512,Jul-Dec
NA,Cook ,EG South,7/16/2018,196,July,2018,seine,0,47,NA,0.8281,I,0.0029,0.0528,4,0.454545455,0.374048755,2.43697479,0.743958468,1.146181482,6.376041541,Jul-Dec
NA,Cook ,Middle Cove,7/16/2018,196,July,2018,seine,0,61,NA,1.7441,I,0.0141,0.0652,4,0.955543508,0.839835607,5.292792793,0.733453461,1.173666518,3.738317757,Jul-Dec
NA,Cook ,EG South,7/16/2018,196,July,2018,seine,0,58,NA,1.6568,I,0.005,0.1181,5,0.383259237,0.324949633,2.172968275,0.786061339,1.179322645,7.128198938,Jul-Dec
NA,Cook ,EG South,7/16/2018,196,July,2018,seine,0,40,NA,0.4298,I,0.0016,0.0251,5,0.456881782,0.395354584,2.077922078,0.62984375,1.203125,5.839925547,Jul-Dec
NA,Cook ,Middle Cove,7/16/2018,196,July,2018,seine,0,66,NA,2.322,I,0.0143,0.0899,3,0.715679896,0.640652301,4.060193072,0.771419428,1.225060523,3.87166236,Jul-Dec
NA,Cook ,EG South,7/16/2018,196,July,2018,seine,0,64,NA,1.9335,I,0.0115,0.0674,3,0.696800776,0.616258507,3.576982893,0.707473755,1.226425171,3.485906387,Jul-Dec
NA,Cook ,EG South,7/16/2018,196,July,2018,seine,0,51,NA,1.012,I,0.0072,0.0454,5,0.831024931,0.744878957,4.371584699,0.723251238,1.241603908,4.486166008,Jul-Dec
NA,Cook ,EG South,7/16/2018,196,July,2018,seine,0,61,NA,1.6591,I,0.0127,0.0638,3,0.908375653,0.79608851,4.497167139,0.697238976,1.244157,3.845458381,Jul-Dec
NA,Cook ,Middle Cove,7/16/2018,196,July,2018,seine,0,67,NA,2.4465,I,0.0196,0.1164,4,0.951872177,0.841165615,5.190677966,0.768212845,1.255473579,4.75781729,Jul-Dec
NA,Cook ,EG South,7/16/2018,196,July,2018,seine,0,54,NA,1.2936,I,0.003,0.0462,4,0.274147857,0.240500241,1.51591713,0.790275873,1.256795204,3.571428571,Jul-Dec
NA,Cook ,Middle Cove,7/16/2018,196,July,2018,seine,0,64,NA,2.2063,I,0.0158,0.098,4,0.85354654,0.749418963,4.7893301,0.798225403,1.258468628,4.441825681,Jul-Dec
NA,Cook ,Middle Cove,7/16/2018,196,July,2018,seine,0,61,NA,1.9351,I,0.0057,0.0898,4,0.353028614,0.308892863,1.993704092,0.810464312,1.259576793,4.64058705,Jul-Dec
NA,Cook ,Middle Cove,7/16/2018,196,July,2018,seine,0,60,NA,1.7926,I,0.0172,0.0857,4,1.146972526,1.007674732,6.245461147,0.782268519,1.275,4.780765369,Jul-Dec
NA,Cook ,EG South,7/16/2018,196,July,2018,seine,0,65,NA,2.0931,I,0.0205,0.1105,4,1.177551841,1.033995763,5.809011051,0.71446518,1.285025034,5.279250872,Jul-Dec
NA,Cook ,Middle Cove,7/16/2018,196,July,2018,seine,0,61,NA,1.9816,I,0.0187,0.0702,3,1.126166817,0.978340483,6.247911794,0.833858341,1.318612571,3.542591845,Jul-Dec
NA,Cook ,Middle Cove,7/16/2018,196,July,2018,seine,0,64,NA,2.2516,I,0.0056,0.0993,4,0.294133095,0.260186777,1.608733123,0.818901062,1.327896118,4.410197193,Jul-Dec
NA,Cook ,EG South,7/16/2018,196,July,2018,seine,0,78,NA,4.224,I,0.0209,0.2454,5,0.592151863,0.525310411,3.312202853,0.833986581,1.329675146,5.809659091,Jul-Dec
NA,Cook ,EG South,7/16/2018,196,July,2018,seine,0,72,NA,3.1094,I,0.0209,0.1382,4,0.771217712,0.703419494,4.176658673,0.7904396,1.34066358,4.444644557,Jul-Dec
NA,Cook ,EG South,7/16/2018,196,July,2018,seine,0,61,NA,1.626,I,0.0165,0.1193,4,1.225217198,1.095108515,5.238095238,0.656530723,1.387781356,7.33702337,Jul-Dec
EFH18/19-108,Cook ,EG South,7/16/2018,196,July,2018,seine,0,52,48,1.1657,I,0.0079,0.059,4,0.827485074,0.713833921,NA,0.781463359,NA,5.061336536,Jul-Dec
EFH18/19-97,Cook ,EG South,7/16/2018,196,July,2018,seine,0,53,49,1.214,I,0.006,0.0507,4,0.633847454,0.515774091,NA,0.777353117,NA,4.176276771,Jul-Dec
EFH18/19-98,Cook ,EG South,7/16/2018,196,July,2018,seine,0,54,49,1.3491,I,0.01,0.0659,4,0.943663301,0.779301746,NA,0.808565767,NA,4.884737973,Jul-Dec
NA,Cook ,Lam South,7/17/2018,197,July,2018,seine,0,51,NA,1.0033,I,0.0038,0.0409,5,0.44653349,0.394846218,2.434336963,0.722648152,1.176772131,4.076547394,Jul-Dec
NA,Cook ,Lam South,7/17/2018,197,July,2018,seine,0,57,NA,1.4265,I,0.01,0.0658,3,0.827540549,0.734915852,4.492362983,0.729347222,1.201989276,4.612688398,Jul-Dec
NA,Cook ,Lam South,7/17/2018,197,July,2018,seine,0,72,NA,2.7141,I,0.0164,0.1068,5,0.694856368,0.629003183,3.583133057,0.694149734,1.226262431,3.935006079,Jul-Dec
NA,Cook ,Lam South,7/17/2018,197,July,2018,seine,0,69,NA,2.5716,I,0.0215,0.086,3,0.975676166,0.864982298,5.234964694,0.750085995,1.250194059,3.344221496,Jul-Dec
NA,Cook ,Lam South,7/17/2018,197,July,2018,seine,0,57,NA,1.5345,I,0.0064,0.0615,3,0.491287326,0.434487441,2.635914333,0.791930581,1.311064673,4.007820137,Jul-Dec
EFH18/19-86,Cook ,Entrance,7/1/2019,181,July,2019,jig,1,212,NA,96.94,F,1.9714,3.3053,4,2.207367596,2.105416048,11.07353899,0.962028428,1.868446771,3.409634826,Jul-Dec
EFH18/19-87,Cook ,Entrance,7/1/2019,181,July,2019,jig,1,235,NA,160.14,M,4.7738,6.0532,5,3.30572675,3.098123915,16.68239224,1.150519634,2.204968071,3.77994255,Jul-Dec
EFH18/19-88,Cook ,Entrance,7/1/2019,181,July,2019,jig,1,247,NA,185.39,F,6.6149,5.2625,4,3.903747418,3.672343201,19.52478638,1.151436939,2.248257923,2.838610497,Jul-Dec
EFH18/19-84,Cook ,Lam East,7/12/2019,192,July,2019,jig,1,210,NA,108.96,F,1.6224,4.6615,6,1.60936415,1.555535315,8.219178082,1.108693446,2.131432891,4.278175477,Jul-Dec
EFH18/19-83,Cook ,Lam East,7/12/2019,192,July,2019,jig,1,211,NA,105.54,F,1.3754,2.6764,3,1.463035847,1.337110504,6.730543376,1.080359223,2.175361944,2.535910555,Jul-Dec
EFH18/19-247,Cook ,EG South,7/2/2020,183,July,2020,seine,0,56,52,1.0379,I,0.0045,0.033,4,0.449820072,0.447805752,NA,0.569651968,NA,3.179497061,Jul-Dec
EFH18/19-250,Cook ,EG South,7/2/2020,183,July,2020,seine,0,56,52,1.3274,I,0.0066,0.0762,6,0.530290857,0.527493606,NA,0.708705357,NA,5.740545427,Jul-Dec
EFH18/19-255,Cook ,EG South,7/2/2020,183,July,2020,seine,0,57,52,1.3571,I,0.0045,0.0635,5,0.349080754,0.347866419,NA,0.696084625,NA,4.679095129,Jul-Dec
EFH18/19-256,Cook ,EG South,7/2/2020,183,July,2020,seine,0,58,52,1.2481,I,0.0064,0.1011,6,0.561108189,0.557977332,NA,0.584587314,NA,8.100312475,Jul-Dec
EFH18/19-265,Cook ,EG South,7/2/2020,183,July,2020,seine,0,56,53,1.316,I,0.0044,0.0355,4,0.344800564,0.343615775,NA,0.726642219,NA,2.697568389,Jul-Dec
EFH18/19-248,Cook ,EG South,7/2/2020,183,July,2020,seine,0,58,54,1.4691,I,0.0046,0.0875,6,0.33405955,0.332947307,NA,0.705748493,NA,5.9560275,Jul-Dec
EFH18/19-254,Cook ,EG South,7/2/2020,183,July,2020,seine,0,58,54,1.2545,I,0.0084,0.0594,5,0.707845285,0.702870053,NA,0.608214769,NA,4.734954165,Jul-Dec
EFH18/19-263,Cook ,EG South,7/2/2020,183,July,2020,seine,0,59,54,1.3941,I,0.0055,0.0806,6,0.420489297,0.418728588,NA,0.636871345,NA,5.781507783,Jul-Dec
EFH18/19-266,Cook ,EG South,7/2/2020,183,July,2020,seine,0,59,55,1.3113,I,0.006,0.036,4,0.472701489,0.470477535,NA,0.618028133,NA,2.745367193,Jul-Dec
EFH18/19-257,Cook ,EG South,7/2/2020,183,July,2020,seine,0,60,56,1.3162,I,0.0063,0.0873,6,0.515295272,0.512653593,NA,0.566018519,NA,6.632730588,Jul-Dec
EFH18/19-259,Cook ,EG South,7/2/2020,183,July,2020,seine,0,61,56,1.6715,I,0.0094,0.0538,6,0.584468072,0.581071892,NA,0.70856151,NA,3.218665869,Jul-Dec
EFH18/19-249,Cook ,EG South,7/2/2020,183,July,2020,seine,0,61,57,1.8554,I,0.0082,0.1242,6,0.475914103,0.473659889,NA,0.759094374,NA,6.693974345,Jul-Dec
EFH18/19-258,Cook ,EG South,7/2/2020,183,July,2020,seine,0,61,57,1.4418,I,0.0097,0.0807,5,0.71777416,0.712658879,NA,0.59538023,NA,5.597170204,Jul-Dec
EFH18/19-264,Cook ,EG South,7/2/2020,183,July,2020,seine,0,62,58,1.6267,I,0.0088,0.1327,6,0.592512793,0.589022758,NA,0.623174784,NA,8.157619721,Jul-Dec
EFH18/19-252,Cook ,EG South,7/2/2020,183,July,2020,seine,0,65,61,2.0424,I,0.0126,0.1081,6,0.655669459,0.651398439,NA,0.69975421,NA,5.292792793,Jul-Dec
NA,Cook ,EG South,7/2/2020,183,July,2020,seine,0,44,40,0.497,I,0.0014,0.0239,4,0.339476237,0.295920524,1.674641148,0.553742487,0.981404959,4.808853119,Jul-Dec
NA,Cook ,EG South,7/2/2020,183,July,2020,seine,0,60,56,1.5808,I,0.0055,0.0741,6,0.458715596,0.365036172,2.541589649,0.695,1.001851852,4.6875,Jul-Dec
NA,Cook ,EG South,7/2/2020,183,July,2020,seine,0,58,54,1.3791,I,0.0085,0.0806,5,0.799247767,0.654601463,4.144319844,0.661158719,1.051191111,5.84439127,Jul-Dec
NA,Cook ,EG South,7/2/2020,183,July,2020,seine,0,61,57,1.4555,I,0.0033,0.0717,5,0.267944138,0.238473768,1.368159204,0.608200686,1.06264401,4.926142219,Jul-Dec
NA,Cook ,EG South,7/2/2020,183,July,2020,seine,0,50,46,0.8276,I,0.0036,0.0237,4,0.522268969,0.447816893,2.589928058,0.64024,1.112,2.863702272,Jul-Dec
NA,Cook ,EG South,7/2/2020,183,July,2020,seine,0,59,55,1.6999,I,0.005,0.0915,6,0.389893949,0.310867943,2.151462995,0.780702993,1.131566518,5.382669569,Jul-Dec
NA,Cook ,EG South,7/2/2020,183,July,2020,seine,0,54,50,1.2413,I,0.0039,0.0849,6,0.408633697,0.337253545,2.167871039,0.731913326,1.142483361,6.839603641,Jul-Dec
NA,Cook ,EG South,7/2/2020,183,July,2020,seine,0,45,41,0.6523,I,0.0016,0.0332,5,0.303547714,0.25843967,1.525262154,0.677640604,1.151165981,5.089682661,Jul-Dec
NA,Cook ,EG South,7/2/2020,183,July,2020,seine,0,49,45,0.7647,I,0.0016,0.038,5,0.247908274,0.220173387,1.180811808,0.616324831,1.151730996,4.969268994,Jul-Dec
NA,Cook ,EG South,7/2/2020,183,July,2020,seine,0,57,53,1.354,I,0.0062,0.049,5,0.541863311,0.475095785,2.898550725,0.701322404,1.155011259,3.618906942,Jul-Dec
NA,Cook ,EG South,7/2/2020,183,July,2020,seine,0,50,46,0.957,I,0.003,0.0834,6,0.398459291,0.343406593,2.035278155,0.69648,1.1792,8.714733542,Jul-Dec
NA,Cook ,EG South,7/2/2020,183,July,2020,seine,0,59,54,1.6281,I,0.0042,0.0694,6,0.322580645,0.269455315,1.724137931,0.756893353,1.186099845,4.26263743,Jul-Dec
NA,Cook ,EG South,7/2/2020,183,July,2020,seine,0,56,51,1.2922,I,0.0101,0.0639,4,0.949158914,0.822274689,4.837164751,0.693672558,1.188957726,4.945054945,Jul-Dec
NA,Cook ,EG South,7/2/2020,183,July,2020,seine,0,63,59,1.77,I,0.0062,0.0823,6,0.415021086,0.367363868,2.047556143,0.672473575,1.210972337,4.649717514,Jul-Dec
NA,Cook ,EG South,7/2/2020,183,July,2020,seine,0,56,52,1.327,I,0.0024,0.0801,6,0.216606498,0.192477344,1.123595506,0.708648415,1.216290087,6.036171816,Jul-Dec
NA,Cook ,EG South,7/2/2020,183,July,2020,seine,0,56,53,1.3834,I,0.0048,0.0965,6,0.43964096,0.372989354,2.206896552,0.730058765,1.238497631,6.975567443,Jul-Dec
NA,Cook ,EG South,7/2/2020,183,July,2020,seine,0,62,58,2.0323,I,0.0051,0.1125,5,0.320855615,0.265652672,1.701134089,0.803388607,1.257930247,5.535600059,Jul-Dec
NA,Cook ,EG South,7/2/2020,183,July,2020,seine,0,57,54,1.4978,I,0.0094,0.0881,6,0.771630274,0.666808541,3.936348409,0.756130091,1.289465585,5.881960208,Jul-Dec
NA,Cook ,EG South,7/2/2020,183,July,2020,seine,0,62,58,1.9114,I,0.0067,0.0949,4,0.420273491,0.368841178,2.127659574,0.759373636,1.321288309,4.964947159,Jul-Dec
NA,Cook ,EG South,7/2/2020,183,July,2020,seine,0,58,53,1.5674,I,0.0022,0.0819,6,0.164794007,0.148098283,0.848111025,0.760230022,1.329492804,5.22521373,Jul-Dec
NA,Cook ,EG South,7/2/2020,183,July,2020,seine,0,62,58,2.0769,I,0.0102,0.1417,5,0.622102952,0.527077305,3.202511774,0.807710382,1.336393542,6.8226684,Jul-Dec
NA,Cook ,EG South,7/2/2020,183,July,2020,seine,0,58,54,1.6456,I,0.0048,0.043,4,0.344877138,0.299513291,1.821631879,0.818914265,1.350506376,2.613028683,Jul-Dec
NA,Cook ,EG South,7/2/2020,183,July,2020,seine,0,61,57,1.8907,I,0.002,0.1221,6,0.126470216,0.113083795,0.650195059,0.77830303,1.355179508,6.457925636,Jul-Dec
NA,Cook ,EG South,7/2/2020,183,July,2020,seine,0,56,51,1.4595,I,0.0069,0.0869,5,0.577309237,0.502695614,2.807160293,0.777662628,1.399644679,5.954093868,Jul-Dec
EFH18/19-253,Cook ,EG South,7/2/2020,183,July,2020,seine,0,50,46,0.9008,I,0.0043,0.0714,6,0.521148952,0.51844707,NA,0.66008,NA,7.926287744,Jul-Dec
EFH18/19-260,Cook ,EG South,7/2/2020,183,July,2020,seine,0,53,49,1.0231,I,0.0054,0.0444,5,0.554813521,0.551752325,NA,0.653761159,NA,4.339751735,Jul-Dec
EFH18/19-251,Cook ,EG South,7/2/2020,183,July,2020,seine,0,56,51,1.0474,I,0.0026,0.0451,4,0.260078023,0.259403372,NA,0.569253371,NA,4.305900325,Jul-Dec
EFH18/19-261,Cook ,EG South,7/2/2020,183,July,2020,seine,0,55,51,1.3008,I,0.009,0.0518,4,0.725806452,0.720576461,NA,0.745304282,NA,3.982164822,Jul-Dec
EFH18/19-262,Cook ,EG South,7/2/2020,183,July,2020,seine,0,55,51,1.1319,I,0.0055,0.0351,4,0.503986072,0.501458789,NA,0.655927874,NA,3.100980652,Jul-Dec
EFH18/19-184,Cook ,EG South,6/28/2018,178,June,2018,seine,0,59,54,1.7724,I,0.0101,0.1434,5,0.708175571,0.620012277,NA,0.788250016,NA,8.090724441,June
EFH18/19-185,Cook ,EG South,6/28/2018,178,June,2018,seine,0,61,56,1.9534,I,0.0361,0.1236,6,2.344155844,1.972893212,NA,0.790242355,NA,6.327429098,June
EFH18/19-194,Cook ,EG South,6/28/2018,178,June,2018,seine,0,62,57,2.0208,I,0.0272,0.1346,5,1.693121693,1.442052805,NA,0.780017455,NA,6.660728424,June
NA,Cook ,EG South,6/28/2018,178,June,2018,seine,0,53,NA,0.9021,I,0.0024,0.0438,6,0.323842936,0.27962251,1.477832512,0.574904115,1.090833373,4.855337546,June
NA,Cook ,EG South,6/28/2018,178,June,2018,seine,0,52,NA,0.893,I,0.0007,0.0535,6,0.096048299,0.083382966,0.453074434,0.596552117,1.098799499,5.991041433,June
NA,Cook ,EG South,6/28/2018,178,June,2018,seine,0,55,NA,1.1875,I,0.0035,0.0617,5,0.351088374,0.310890034,1.802265705,0.674560481,1.167242675,5.195789474,June
NA,Cook ,EG South,6/28/2018,178,June,2018,seine,0,50,NA,0.9301,I,0.0013,0.0533,5,0.173843274,0.148266423,0.876601483,0.7004,1.1864,5.730566606,June
NA,Cook ,EG South,6/28/2018,178,June,2018,seine,0,51,NA,0.9485,I,0.0051,0.046,5,0.64426478,0.565096953,3.117359413,0.67651205,1.233311471,4.849762783,June
NA,Cook ,EG South,6/28/2018,178,June,2018,seine,0,50,NA,0.9983,I,0.0072,0.0774,6,0.902368718,0.781843848,4.591836735,0.73096,1.2544,7.753180407,June
NA,Cook ,EG South,6/28/2018,178,June,2018,seine,0,57,NA,1.4007,I,0.0092,0.1069,6,0.807088341,0.71108363,3.899957609,0.693654728,1.273806245,7.631898337,June
NA,Cook ,EG South,6/28/2018,178,June,2018,seine,0,52,NA,1.0661,I,0.0035,0.056,5,0.3969154,0.346500347,1.919912233,0.715890988,1.296512289,5.252790545,June
NA,Cook ,EG South,6/28/2018,178,June,2018,seine,0,51,NA,1.0524,I,0.0021,0.0537,5,0.240577386,0.210273355,1.193860148,0.751294751,1.326035989,5.102622577,June
NA,Cook ,EG South,6/28/2018,178,June,2018,seine,0,46,NA,0.7666,I,0.0004,0.0501,6,0.064174555,0.055826936,0.308880309,0.735699022,1.330443002,6.5353509,June
NA,Cook ,EG South,6/28/2018,178,June,2018,seine,0,53,NA,1.0799,I,0.0013,0.0952,6,0.147878512,0.132019905,0.652610442,0.660545282,1.338017289,8.815631077,June
NA,Cook ,EG South,6/28/2018,178,June,2018,seine,0,49,NA,0.9457,I,0.0023,0.0515,6,0.287967948,0.257213151,1.411909147,0.758102491,1.384627154,5.445701597,June
EFH18/19-188,Cook ,EG South,6/28/2018,178,June,2018,seine,0,37,34,0.3457,I,0.0012,0.0096,4,0.503566932,0.357036596,NA,0.661165183,NA,2.776974255,June
EFH18/19-187,Cook ,EG South,6/28/2018,178,June,2018,seine,0,38,35,0.4273,I,0.0014,0.0201,5,0.443318556,0.343811395,NA,0.739539291,NA,4.703955067,June
EFH18/19-189,Cook ,EG South,6/28/2018,178,June,2018,seine,0,41,38,0.5249,I,0.0025,0.025,5,0.672766416,0.50010002,NA,0.721695855,NA,4.762811964,June
EFH18/19-196,Cook ,EG South,6/28/2018,178,June,2018,seine,0,49,45,0.985,I,0.0038,0.0821,5,0.513236089,0.420866098,NA,0.76422239,NA,8.335025381,June
EFH18/19-192,Cook ,EG South,6/28/2018,178,June,2018,seine,0,50,46,1.0315,I,0.0072,0.0492,5,0.837209302,0.732973633,NA,0.78008,NA,4.769752787,June
EFH18/19-198,Cook ,EG South,6/28/2018,178,June,2018,seine,0,49,46,0.9363,I,0.0067,0.0438,4,0.872850443,0.75070028,NA,0.752917577,NA,4.677987824,June
EFH18/19-186,Cook ,EG South,6/28/2018,178,June,2018,seine,0,51,47,0.9297,I,0.0021,0.0363,3,0.283018868,0.235057085,NA,0.671913517,NA,3.904485318,June
EFH18/19-193,Cook ,EG South,6/28/2018,178,June,2018,seine,0,51,47,1.047,I,0.0146,0.0491,4,1.717445006,1.463072452,NA,0.741268441,NA,4.689589303,June
EFH18/19-195,Cook ,EG South,6/28/2018,178,June,2018,seine,0,51,47,1.1722,I,0.0073,0.0592,4,0.793305803,0.655884996,NA,0.833540644,NA,5.050332708,June
EFH18/19-200,Cook ,EG South,6/28/2018,178,June,2018,seine,0,50,47,0.9843,I,0.0033,0.0734,6,0.429017161,0.362279065,NA,0.72608,NA,7.457076095,June
EFH18/19-190,Cook ,EG South,6/28/2018,178,June,2018,seine,0,53,48,1.1329,I,0.0046,0.0616,5,0.548860518,0.42938486,NA,0.716497511,NA,5.437373113,June
EFH18/19-191,Cook ,EG South,6/28/2018,178,June,2018,seine,0,53,48,1.3326,I,0.0097,0.0589,4,0.853422488,0.761560807,NA,0.849023019,NA,4.419930962,June
EFH18/19-182,Cook ,EG South,6/28/2018,178,June,2018,seine,0,53,49,1.2147,I,0.0136,0.0796,4,1.383379107,1.198132323,NA,0.753306421,NA,6.553058368,June
EFH18/19-199,Cook ,EG South,6/28/2018,178,June,2018,seine,0,53,49,1.1619,I,0.0165,0.0962,5,1.883991779,1.548278127,NA,0.704742841,NA,8.279542129,June
EFH18/19-197,Cook ,EG South,6/28/2018,178,June,2018,seine,0,53,50,1.1197,I,0.0057,0.0625,5,0.626511321,0.539160045,NA,0.706287741,NA,5.581852282,June
EFH18/19-181,Cook ,EG South,6/28/2018,178,June,2018,seine,0,55,51,1.3324,I,0.022,0.0816,5,2.012440542,1.75887432,NA,0.738572502,NA,6.124287001,June
EFH18/19-183,Cook ,EG South,6/28/2018,178,June,2018,seine,0,54,51,1.3385,I,0.0101,0.0674,5,0.916598602,0.794587365,NA,0.800817965,NA,5.035487486,June
EFH18/19-01,Cook ,EG South,6/28/2018,178,June,2018,seine,1,205,NA,83.88,M,1.43,4.41,5,1.832393644,1.799421165,NA,0.905848725,NA,5.25751073,June
EFH18/19-91,Cook ,Lam East,6/5/2019,155,June,2019,seine,1,157,NA,36.17,F,0.4155,1.0206,3,1.222058824,1.182096992,6.198994435,0.897541612,1.732011712,2.821964094,June
EFH18/19-90,Cook ,Lam East,6/5/2019,155,June,2019,seine,1,162,NA,43.71,M,0.5525,1.4895,4,1.35516311,1.308606009,7.025329332,0.980071165,1.849782008,3.407796177,June
EFH18/19-92,Cook ,Lam East,6/19/2019,169,June,2019,seine,1,210,NA,99.15,M,1.4437,5.559,6,1.62195259,1.542562853,8.13329202,0.995003779,1.916693662,5.606656581,June
NA,Cook ,EG South,6/6/2020,157,June,2020,seine,0,36,34,0.2696,I,0.0013,0.0093,4,0.680628272,0.499423742,4.529616725,0.555126886,0.615140604,3.449554896,June
NA,Cook ,EG South,6/6/2020,157,June,2020,seine,0,33,30,0.2665,I,0.0017,0.0119,4,0.946547884,0.667714061,6.746031746,0.70373153,0.701227148,4.465290807,June
NA,Cook ,EG South,6/6/2020,157,June,2020,seine,0,30,28,0.2093,I,0.0012,0.0085,3,0.742574257,0.597609562,6.030150754,0.739259259,0.737037037,4.061156235,June
NA,Cook ,EG South,6/6/2020,157,June,2020,seine,0,31,28,0.2445,I,0.0016,0.0082,4,0.934033859,0.677105375,6.374501992,0.787821825,0.842536336,3.353783231,June
NA,Cook ,EG South,6/6/2020,157,June,2020,seine,0,31,29,0.212,I,0.0012,0.0088,4,0.726392252,0.590551181,4.347826087,0.678057131,0.926454298,4.150943396,June
NA,Cook ,EG South,6/6/2020,157,June,2020,seine,0,29,27,0.1985,I,0.0008,0.0032,2,0.539083558,0.409626216,3.539823009,0.797490672,0.926647259,1.61209068,June
NA,Cook ,EG South,6/6/2020,157,June,2020,seine,0,33,29,0.278,I,0.0018,0.0163,5,0.880626223,0.68781047,5.294117647,0.723210062,0.94610012,5.863309353,June
NA,Cook ,EG South,6/6/2020,157,June,2020,seine,0,31,29,0.2691,I,0.001,0.0126,4,0.520291363,0.389863548,3.267973856,0.85764157,1.027155852,4.682274247,June
NA,Cook ,EG South,6/6/2020,157,June,2020,seine,0,27,25,0.202,I,0.001,0.0064,4,0.710227273,0.511247444,4.444444444,0.988670426,1.143118427,3.168316832,June
NA,Cook ,EG South,6/6/2020,157,June,2020,seine,0,27,25,0.2014,I,0.0006,0.0039,3,0.394996708,0.303797468,2.5,1.000355637,1.219326322,1.936444886,June
EFH18/19-233,Cook ,EG South,6/6/2020,157,June,2020,seine,0,23,21,0.1142,I,0.0002,0.0016,2,0.177935943,0.177619893,NA,0.923810307,NA,1.401050788,June
EFH18/19-231,Cook ,EG South,6/6/2020,157,June,2020,seine,0,27,24,0.143,I,0.0002,0.003,3,0.143061516,0.142857143,NA,0.710257583,NA,2.097902098,June
EFH18/19-232,Cook ,EG South,6/6/2020,157,June,2020,seine,0,28,25,0.1504,I,0.0002,0.0037,3,0.136518771,0.136332652,NA,0.66736516,NA,2.460106383,June
EFH18/19-236,Cook ,EG South,6/6/2020,157,June,2020,seine,0,28,25,0.2018,I,0.0002,0.0042,5,0.101317123,0.101214575,NA,0.899234694,NA,2.081268583,June
EFH18/19-234,Cook ,EG South,6/6/2020,157,June,2020,seine,0,29,26,0.199,I,0.0002,0.0068,5,0.104166667,0.104058273,NA,0.787240149,NA,3.417085427,June
EFH18/19-242,Cook ,EG South,6/6/2020,157,June,2020,seine,0,29,26,0.168,I,0.0002,0.0041,4,0.12217471,0.122025625,NA,0.671204231,NA,2.44047619,June
EFH18/19-228,Cook ,EG South,6/6/2020,157,June,2020,seine,0,30,27,0.2438,I,0.0021,0.0058,3,0.890207715,0.882352941,NA,0.873703704,NA,2.37899918,June
EFH18/19-240,Cook ,EG South,6/6/2020,157,June,2020,seine,0,31,28,0.2348,I,0.0002,0.0074,5,0.088028169,0.087950748,NA,0.762646437,NA,3.151618399,June
EFH18/19-230,Cook ,EG South,6/6/2020,157,June,2020,seine,0,32,29,0.2462,I,0.0008,0.0066,4,0.335008375,0.333889816,NA,0.728759766,NA,2.68074736,June
EFH18/19-235,Cook ,EG South,6/6/2020,157,June,2020,seine,0,33,30,0.3037,I,0.0018,0.0084,4,0.613287905,0.609549611,NA,0.816707015,NA,2.765887389,June
EFH18/19-237,Cook ,EG South,6/6/2020,157,June,2020,seine,0,34,30,0.3266,I,0.0011,0.0125,5,0.3514377,0.35020694,NA,0.796356605,NA,3.827311696,June
EFH18/19-246,Cook ,EG South,6/6/2020,157,June,2020,seine,0,33,30,0.2585,I,0.0002,0.0081,4,0.079936051,0.079872204,NA,0.696218382,NA,3.133462282,June
EFH18/19-229,Cook ,EG South,6/6/2020,157,June,2020,seine,0,34,31,0.2601,I,0.0005,0.018,3,0.206953642,0.206526229,NA,0.614695705,NA,6.920415225,June
EFH18/19-239,Cook ,EG South,6/6/2020,157,June,2020,seine,0,34,31,0.2835,I,0.0002,0.0114,5,0.073556455,0.073502389,NA,0.691787095,NA,4.021164021,June
EFH18/19-241,Cook ,EG South,6/6/2020,157,June,2020,seine,0,35,31,0.2936,I,0.0002,0.0111,3,0.070846617,0.07079646,NA,0.658425656,NA,3.780653951,June
EFH18/19-227,Cook ,EG South,6/6/2020,157,June,2020,seine,0,35,32,0.2645,I,0.0028,0.0101,4,1.112877583,1.100628931,NA,0.586822157,NA,3.81852552,June
EFH18/19-245,Cook ,EG South,6/6/2020,157,June,2020,seine,0,37,34,0.4275,I,0.0002,0.0161,3,0.048638132,0.048614487,NA,0.811797919,NA,3.766081871,June
EFH18/19-243,Cook ,EG South,6/6/2020,157,June,2020,seine,0,38,35,0.4358,I,0.0002,0.013,4,0.047326077,0.04730369,NA,0.770155999,NA,2.983019734,June
EFH18/19-244,Cook ,EG South,6/6/2020,157,June,2020,seine,0,38,35,0.5144,I,0.0002,0.0104,2,0.039698293,0.03968254,NA,0.918136755,NA,2.021772939,June
EFH18/19-238,Cook ,EG South,6/6/2020,157,June,2020,seine,0,41,37,0.5041,I,0.0007,0.0321,2,0.148525355,0.148305085,NA,0.68382641,NA,6.36778417,June
EFH18/19-89,Cook ,Lam East,5/18/2019,137,May,2019,seine,1,157,NA,32.53,F,0.2406,0.9,4,0.780661908,0.76067025,3.879518849,0.811118033,1.602576609,2.766260231,May
EFH18/19-204,Cook ,EG West,11/13/2020,317,Nov,2020,seine,0,90,83,4.4276,M,0.0518,0.1283,4,1.219540906,1.204847301,7.794161902,0.582647462,0.911659808,2.897732406,Jul-Dec
EFH18/19-205,Cook ,EG West,11/13/2020,317,Nov,2020,seine,0,113,104,10.0547,M,0.0926,0.2963,3,0.958016926,0.948926053,5.933235087,0.669888426,1.081643388,2.946880563,Jul-Dec
EFH18/19-201,Cook ,EG South,11/13/2020,317,Nov,2020,seine,0,92,85,6.3693,M,0.2773,0.3455,4,4.825545985,4.603406488,30.57331863,0.737972076,1.164779732,5.424457947,Jul-Dec
EFH18/19-203,Cook ,EG West,11/13/2020,317,Nov,2020,seine,0,96,89,6.7532,M,0.2993,0.2894,4,4.855219401,4.630403168,28.90112012,0.69676152,1.170518663,4.285375822,Jul-Dec
EFH18/19-206,Cook ,EG West,11/13/2020,317,Nov,2020,seine,0,112,103,10.7928,M,0.1693,0.4206,2,1.659332151,1.632247739,10.06001545,0.726222269,1.197854979,3.897042473,Jul-Dec
EFH18/19-202,Cook ,EG South,11/13/2020,317,Nov,2020,seine,0,107,99,10.2128,M,0.2166,0.6566,6,2.319157137,2.266591323,13.87038934,0.762389565,1.274730765,6.429186903,Jul-Dec
EFH18/19-69,Dog Bay,Jfloat,10/7/2018,279,Oct,2018,jig,0,113,NA,11.3134,M,0.1494,0.337,4,1.515243717,1.361102001,7.092669958,0.750365411,1.459840862,2.97876854,Jul-Dec
EFH18/19-70,Dog Bay,Jfloat,10/7/2018,279,Oct,2018,jig,0,134,NA,21.7454,M,0.3089,0.879,5,1.605392539,1.480370356,7.839902541,0.854389503,1.637543514,4.04223422,Jul-Dec
EFH18/19-71,Dog Bay,Jfloat,10/7/2018,279,Oct,2018,jig,1,160,NA,38.2939,M,0.4348,2.1055,5,1.329777473,1.20148998,6.282056839,0.872890625,1.689770508,5.498264737,Jul-Dec
EFH18/19-137,Cook ,EG South,10/8/2018,280,Oct,2018,seine,0,79,74,4.3079,M,0.0161,0.3315,6,0.46562744,0.404888844,NA,0.803242746,NA,7.695164697,Jul-Dec
EFH18/19-139,Cook ,EG South,10/8/2018,280,Oct,2018,seine,0,87,80,4.6801,M,0.0205,0.1308,3,0.500879593,0.450618777,NA,0.687741741,NA,2.794812077,Jul-Dec
EFH18/19-150,Cook ,EG West,10/8/2018,280,Oct,2018,seine,0,87,81,5.7342,M,0.0564,0.3,6,1.163414332,1.03787126,NA,0.816670539,NA,5.231767291,Jul-Dec
EFH18/19-151,Cook ,EG West,10/8/2018,280,Oct,2018,seine,0,88,82,5.2782,M,0.0346,0.3956,6,0.799833561,0.70863884,NA,0.711401202,NA,7.494979349,Jul-Dec
EFH18/19-147,Cook ,EG West,10/8/2018,280,Oct,2018,seine,0,88,83,6.5617,M,0.0653,0.5865,6,1.240030384,1.092850449,NA,0.867225653,NA,8.93823247,Jul-Dec
EFH18/19-146,Cook ,EG West,10/8/2018,280,Oct,2018,seine,0,91,84,6.1377,M,0.0609,0.22,4,1.16856951,1.029116042,NA,0.777206129,NA,3.584548935,Jul-Dec
EFH18/19-148,Cook ,EG West,10/8/2018,280,Oct,2018,seine,0,90,84,6.2681,M,0.0513,0.4895,6,0.98392727,0.887758281,NA,0.78563786,NA,7.809384024,Jul-Dec
EFH18/19-138,Cook ,EG South,10/8/2018,280,Oct,2018,seine,0,94,87,7.9803,M,0.0696,1.1105,7,1.142369432,1.013129931,NA,0.818725138,NA,13.91551696,Jul-Dec
EFH18/19-145,Cook ,EG West,10/8/2018,280,Oct,2018,seine,0,93,87,7.4606,M,0.0472,0.4871,5,0.762803627,0.676848068,NA,0.861097746,NA,6.528965499,Jul-Dec
EFH18/19-153,Cook ,EG West,10/8/2018,280,Oct,2018,seine,0,95,87,6.8869,M,0.0602,0.4628,6,1.027865046,0.937096247,NA,0.742253973,NA,6.720004647,Jul-Dec
EFH18/19-149,Cook ,EG West,10/8/2018,280,Oct,2018,seine,0,94,88,7.7853,M,0.1056,0.5019,6,1.644911056,1.449872312,NA,0.864187126,NA,6.446765057,Jul-Dec
EFH18/19-140,Cook ,EG West,10/8/2018,280,Oct,2018,seine,0,97,91,7.4862,M,0.076,0.5093,5,1.198530223,1.089309005,NA,0.756119662,NA,6.803184526,Jul-Dec
EFH18/19-144,Cook ,EG West,10/8/2018,280,Oct,2018,seine,0,98,91,7.8496,M,0.1924,0.4583,5,2.925034587,2.603060355,NA,0.764870505,NA,5.838514064,Jul-Dec
EFH18/19-136,Cook ,EG South,10/8/2018,280,Oct,2018,seine,0,98,93,9.2782,M,0.0469,0.8181,6,0.617625369,0.55436697,NA,0.893887751,NA,8.817443039,Jul-Dec
EFH18/19-154,Cook ,EG West,10/8/2018,280,Oct,2018,seine,0,100,94,9.2933,M,0.0425,0.6521,6,0.546441062,0.491829838,NA,0.85987,NA,7.016883131,Jul-Dec
EFH18/19-152,Cook ,EG West,10/8/2018,280,Oct,2018,seine,0,106,99,9.8655,M,0.0705,0.3381,4,0.810661638,0.739971031,NA,0.79401956,NA,3.42709442,Jul-Dec
EFH18/19-142,Cook ,EG West,10/8/2018,280,Oct,2018,seine,0,109,101,13.2919,M,0.0963,1.3965,7,0.915233941,0.809556635,NA,0.91110701,NA,10.50639863,Jul-Dec
EFH18/19-143,Cook ,EG West,10/8/2018,280,Oct,2018,seine,0,116,108,15.9258,M,0.3312,0.987,5,2.540773586,2.217045546,NA,0.935847103,NA,6.197490864,Jul-Dec
EFH18/19-155,Cook ,Lam North,10/8/2018,280,Oct,2018,seine,0,120,112,15.9885,M,0.1509,0.9456,6,1.114146486,1.003131045,NA,0.861805556,NA,5.914250868,Jul-Dec
EFH18/19-53,Cook ,Lam East,10/8/2018,280,Oct,2018,seine,0,83,NA,4.1479,F,0.0425,0.168,6,1.230314961,1.067866027,6.315945906,0.688613067,1.176836829,4.050242291,Jul-Dec
EFH18/19-55,Cook ,EG South,10/8/2018,280,Oct,2018,seine,0,81,NA,4.1595,F,0.0193,0.2347,5,0.56761367,0.491744802,3.005762342,0.734888727,1.208224431,5.642505109,Jul-Dec
NA,Cook ,Lam North,10/8/2018,280,Oct,2018,seine,0,75,NA,3.046,I,0.0386,0.13,4,1.499029126,1.323731139,7.55086072,0.68205037,1.211733333,4.267892318,Jul-Dec
NA,Cook ,Lam North,10/8/2018,280,Oct,2018,seine,0,80,NA,4.0741,I,0.0363,0.2519,5,1.0787198,0.949714824,5.584615385,0.739433594,1.26953125,6.182960654,Jul-Dec
EFH18/19-56,Cook ,EG South,10/8/2018,280,Oct,2018,seine,0,89,NA,5.2908,F,0.037,0.2124,5,0.812900958,0.728575929,4.133616356,0.715123644,1.269701221,4.014515763,Jul-Dec
EFH18/19-68,Cook ,EG South,10/8/2018,280,Oct,2018,seine,0,96,NA,6.9217,M,0.1119,0.2548,3,1.892792503,1.678441255,9.896524277,0.74089898,1.278008355,3.68117659,Jul-Dec
EFH18/19-57,Cook ,EG South,10/8/2018,280,Oct,2018,seine,0,89,NA,6.0071,M,0.0511,0.4553,7,1.075517764,0.920422205,5.57738485,0.780275445,1.299631615,7.579364419,Jul-Dec
NA,Cook ,Lam North,10/8/2018,280,Oct,2018,seine,0,96,NA,6.5097,I,0.0263,0.1615,3,0.438874612,0.414290665,2.236965212,0.714552138,1.328870985,2.480913099,Jul-Dec
EFH18/19-65,Cook ,EG South,10/8/2018,280,Oct,2018,seine,0,87,NA,5.6091,F,0.0164,0.1443,1,0.350068306,0.300102474,1.863636364,0.827391827,1.336364451,2.572605231,Jul-Dec
NA,Cook ,Lam North,10/8/2018,280,Oct,2018,seine,0,99,NA,7.9427,I,0.0339,0.4351,6,0.495454678,0.451542437,2.613522473,0.770247109,1.336804428,5.477986075,Jul-Dec
NA,Cook ,Lam North,10/8/2018,280,Oct,2018,seine,0,99,NA,7.8945,I,0.038,0.4927,6,0.559984674,0.513388635,2.877262058,0.758920704,1.361126828,6.241053898,Jul-Dec
EFH18/19-54,Cook ,Lam East,10/8/2018,280,Oct,2018,seine,0,86,NA,5.2296,M,0.0377,0.1839,5-Apr,0.859729539,0.747170858,4.347324723,0.787352057,1.363401965,3.51652134,Jul-Dec
NA,Cook ,Lam North,10/8/2018,280,Oct,2018,seine,0,84,NA,5.1508,I,0.0089,0.445,6,0.207880784,0.18912831,1.092694905,0.792452894,1.374210398,8.639434651,Jul-Dec
EFH18/19-60,Cook ,EG South,10/8/2018,280,Oct,2018,seine,0,89,NA,5.8735,M,0.0293,0.2306,4,0.584503671,0.519236563,3.014713448,0.796290333,1.378642181,3.926108794,Jul-Dec
EFH18/19-59,Cook ,EG South,10/8/2018,280,Oct,2018,seine,0,89,NA,6.393,M,0.0411,0.5415,6,0.78463565,0.702384004,4.208478394,0.824206454,1.385309141,8.470201783,Jul-Dec
NA,Cook ,Lam North,10/8/2018,280,Oct,2018,seine,0,102,NA,8.4993,I,0.0946,0.333,4,1.25119035,1.158419358,6.39016482,0.760614319,1.395013984,3.917969715,Jul-Dec
NA,Cook ,Lam North,10/8/2018,280,Oct,2018,seine,0,86,NA,5.0595,I,0.0192,0.2238,5,0.432559083,0.397046963,2.11593564,0.757244645,1.426603947,4.423361992,Jul-Dec
EFH18/19-61,Cook ,EG South,10/8/2018,280,Oct,2018,seine,0,106,NA,10.6361,M,0.076,0.6102,6,0.862802974,0.758036685,4.422718808,0.83541279,1.442801776,5.737065278,Jul-Dec
NA,Cook ,Lam North,10/8/2018,280,Oct,2018,seine,0,84,NA,5.1184,I,0.0178,0.3986,6,0.422391495,0.377134624,2.063289672,0.793313357,1.45553261,7.787589872,Jul-Dec
EFH18/19-64,Cook ,EG South,10/8/2018,280,Oct,2018,seine,0,88,NA,6.3204,M,0.0091,0.4871,5,0.176654437,0.156000891,0.916138125,0.854649934,1.457580062,7.706790709,Jul-Dec
NA,Cook ,Lam North,10/8/2018,280,Oct,2018,seine,0,78,NA,4.1304,I,0.0191,0.2591,6,0.540387608,0.493374319,2.745830937,0.811755087,1.465803537,6.273000194,Jul-Dec
NA,Cook ,Lam North,10/8/2018,280,Oct,2018,seine,0,106,NA,10.1279,I,0.072,0.602,6,0.816317275,0.755834094,4.123947534,0.793767674,1.465891306,5.94397654,Jul-Dec
EFH18/19-58,Cook ,EG South,10/8/2018,280,Oct,2018,seine,0,89,NA,6.4746,M,0.0256,0.3239,4,0.460555905,0.416212789,2.473908002,0.868846715,1.467865963,5.002625645,Jul-Dec
EFH18/19-67,Cook ,EG South,10/8/2018,280,Oct,2018,seine,0,96,NA,7.9464,M,0.0826,0.3779,4,1.217732305,1.091365528,6.30245689,0.846116808,1.481345848,4.755612604,Jul-Dec
EFH18/19-63,Cook ,EG South,10/8/2018,280,Oct,2018,seine,0,123,NA,16.9785,M,0.1949,0.9055,4,1.369439506,1.212592547,6.986163883,0.853263559,1.499193655,5.333215537,Jul-Dec
EFH18/19-66,Cook ,EG South,10/8/2018,280,Oct,2018,seine,0,98,NA,8.3926,M,0.0462,0.3553,4,0.627981895,0.574819902,3.245521602,0.849040366,1.512443795,4.233491409,Jul-Dec
EFH18/19-62,Cook ,EG South,10/8/2018,280,Oct,2018,seine,0,123,NA,18.86,M,0.082,2.0907,7,0.557311313,0.488988807,2.84209067,0.896748666,1.550460081,11.08536585,Jul-Dec
EFH18/19-77,Dog Bay,Jfloat,10/8/2018,280,Oct,2018,jig,0,122,NA,16.4116,M,0.0841,0.6184,4,0.580136032,0.532507662,2.969108561,0.865110956,1.559877258,3.76806649,Jul-Dec
NA,Cook ,Lam North,10/8/2018,280,Oct,2018,seine,0,108,NA,12.0591,I,0.083,0.766,6,0.79741752,0.734962056,4.086656819,0.889893881,1.612273282,6.35204949,Jul-Dec
EFH18/19-141,Cook ,EG West,10/8/2018,280,Oct,2018,seine,0,103,96,9.2405,F,0.1123,0.6326,6,1.458119636,1.304615528,NA,0.777467748,NA,6.845949894,Jul-Dec
EFH18/19-76,Dog Bay,Jfloat,10/8/2018,280,Oct,2018,jig,1,145,NA,27.8149,M,0.3795,1.7346,5,1.604013627,1.455121298,7.845285593,0.843029234,1.586715322,6.236225908,Jul-Dec
EFH18/19-72,Dog Bay,Jfloat,10/8/2018,280,Oct,2018,jig,1,139,NA,22.0306,M,0.2225,0.477,2,1.109006629,1.032310148,5.215780961,0.794271265,1.588423377,2.165170263,Jul-Dec
EFH18/19-78,Dog Bay,Jfloat,10/8/2018,280,Oct,2018,jig,1,147,NA,30.2836,M,0.267,1.66,7,1.012471986,0.932796713,5.156132321,0.892693048,1.630178658,5.481514747,Jul-Dec
EFH18/19-79,Dog Bay,Jfloat,10/15/2018,287,Oct,2018,jig,0,129,NA,18.4301,M,0.0745,0.3555,3,0.460621499,0.412180629,2.344684333,0.838505252,1.480139881,1.928909773,Jul-Dec
EFH18/19-80,Dog Bay,Jfloat,10/15/2018,287,Oct,2018,jig,1,138,NA,24.3069,M,0.1547,1.455,5,0.731044586,0.676967779,3.747577519,0.863644527,1.570733222,5.985954605,Jul-Dec
EFH18/19-81,Dog Bay,Jfloat,10/15/2018,287,Oct,2018,jig,1,151,NA,33.0312,M,0.417,1.5298,7,1.431980907,1.32375069,7.082441659,0.902841777,1.710102758,4.631378818,Jul-Dec
EFH18/19-74,Dog Bay,Jfloat,10/17/2018,289,Oct,2018,jig,0,119,NA,12.4059,M,0.0615,0.3228,3,0.553535426,0.508975346,2.525771079,0.713380755,1.444908166,2.601987764,Jul-Dec
EFH18/19-75,Dog Bay,Jfloat,10/22/2018,294,Oct,2018,jig,1,158,NA,36.3235,M,0.3172,2.8214,6,1.016712288,0.94680632,5.051679381,0.841335574,1.59193796,7.767423293,Jul-Dec
EFH18/19-73,Dog Bay,Jfloat,10/27/2018,299,Oct,2018,jig,1,135,NA,21.4024,M,0.1805,0.5684,3,0.949210656,0.866372276,4.558311026,0.839445207,1.609429457,2.655776922,Jul-Dec
EFH18/19-294,Cook ,EG South,10/16/2020,289,Oct,2020,seine,0,64,59,1.9847,I,0.0096,0.0639,3,0.502302219,0.499791753,NA,0.729064941,NA,3.219630171,Jul-Dec
EFH18/19-288,Cook ,EG South,10/16/2020,289,Oct,2020,seine,0,76,69,3.3301,I,0.0249,0.1345,4,0.785315545,0.779196395,NA,0.722294613,NA,4.03891775,Jul-Dec
EFH18/19-293,Cook ,EG South,10/16/2020,289,Oct,2020,seine,0,79,74,3.7247,I,0.0131,0.2496,5,0.378393992,0.376967569,NA,0.70217569,NA,6.701210836,Jul-Dec
EFH18/19-300,Cook ,EG South,10/16/2020,289,Oct,2020,seine,0,88,82,5.1252,I,0.0356,0.1542,3,0.721319447,0.716153691,NA,0.724226381,NA,3.008663077,Jul-Dec
EFH18/19-290,Cook ,EG South,10/16/2020,289,Oct,2020,seine,0,90,83,6.0526,I,0.0583,0.2585,3,1.016423167,1.006195958,NA,0.786803841,NA,4.270891848,Jul-Dec
EFH18/19-287,Cook ,EG South,10/16/2020,289,Oct,2020,seine,0,91,84,6.0688,I,0.0476,0.2276,2,0.821596244,0.814901048,NA,0.768819395,NA,3.750329554,Jul-Dec
EFH18/19-295,Cook ,EG South,10/16/2020,289,Oct,2020,seine,0,92,86,6.2127,I,0.0445,0.2477,4,0.751625707,0.746018441,NA,0.760317354,NA,3.986994382,Jul-Dec
EFH18/19-292,Cook ,EG South,10/16/2020,289,Oct,2020,seine,0,93,87,7.0469,I,0.0642,0.2247,4,0.949985203,0.941045411,NA,0.840174201,NA,3.188636138,Jul-Dec
EFH18/19-297,Cook ,EG South,10/16/2020,289,Oct,2020,seine,0,96,88,8.0252,I,0.0646,0.4207,5,0.856775289,0.849497008,NA,0.852220323,NA,5.242236954,Jul-Dec
EFH18/19-289,Cook ,EG South,10/16/2020,289,Oct,2020,seine,0,101,94,8.7967,I,0.0546,0.3873,4,0.653516541,0.649273432,NA,0.810908657,NA,4.402787409,Jul-Dec
EFH18/19-298,Cook ,EG South,10/16/2020,289,Oct,2020,seine,0,102,94,8.2803,I,0.1046,0.2374,3,1.317662472,1.30052593,NA,0.748043739,NA,2.86704588,Jul-Dec
EFH18/19-305,Cook ,EG South,10/16/2020,289,Oct,2020,seine,0,103,96,8.6389,I,0.0471,0.3479,5,0.57133153,0.568085876,NA,0.754433633,NA,4.027133084,Jul-Dec
EFH18/19-301,Cook ,EG South,10/16/2020,289,Oct,2020,seine,0,105,98,9.6148,I,0.0313,0.4515,4,0.342750767,0.341579998,NA,0.788856495,NA,4.69588551,Jul-Dec
EFH18/19-303,Cook ,EG South,10/16/2020,289,Oct,2020,seine,0,107,99,11.049,I,0.0812,0.7241,6,0.792682332,0.786448295,NA,0.836191056,NA,6.553534256,Jul-Dec
EFH18/19-306,Cook ,EG South,10/16/2020,289,Oct,2020,seine,0,109,101,10.7011,I,0.1593,0.3754,4,1.566926346,1.542752549,NA,0.785032613,NA,3.508050574,Jul-Dec
EFH18/19-302,Cook ,EG South,10/16/2020,289,Oct,2020,seine,0,115,107,12.9382,I,0.1284,0.9026,5,1.078339156,1.066835056,NA,0.782917728,NA,6.976240899,Jul-Dec
EFH18/19-291,Cook ,EG South,10/16/2020,289,Oct,2020,seine,0,118,110,13.9083,I,0.1185,0.5145,3,0.892635195,0.884737714,NA,0.807975742,NA,3.699229956,Jul-Dec
EFH18/19-296,Cook ,EG South,10/16/2020,289,Oct,2020,seine,0,133,124,21.8445,I,0.2401,1.1499,5,1.173824831,1.160206044,NA,0.869428645,NA,5.26402527,Jul-Dec
EFH18/19-304,Cook ,EG South,10/16/2020,289,Oct,2020,seine,0,125,116,15.5129,M,0.2394,0.6323,6,1.635111876,1.608806097,NA,0.74962944,NA,4.075962586,Jul-Dec
EFH18/19-299,Cook ,EG South,10/16/2020,289,Oct,2020,seine,0,134,125,20.6578,M,0.3915,0.4415,2,1.974799241,1.936556145,NA,0.823937785,NA,2.137207253,Jul-Dec
NA,Cook ,EG South,10/16/2020,289,Oct,2020,seine,0,73,68,2.7844,I,0.0243,0.1209,3,1.005253796,0.912333396,5.138507084,0.678427935,1.215628109,4.342048556,Jul-Dec
NA,Cook ,EG South,10/16/2020,289,Oct,2020,seine,0,70,65,2.764,I,0.0309,0.0814,3,1.315341393,1.151867591,7.243319269,0.773090379,1.243731778,2.945007236,Jul-Dec
NA,Cook ,EG South,10/16/2020,289,Oct,2020,seine,0,88,82,4.9863,I,0.0647,0.2045,4,1.464297839,1.35304697,7.628817356,0.692192783,1.24451188,4.10123739,Jul-Dec
NA,Cook ,EG South,10/16/2020,289,Oct,2020,seine,0,85,78,4.1702,I,0.0599,0.1981,4,1.675946392,1.508018429,7.829041955,0.637036434,1.245837574,4.750371685,Jul-Dec
NA,Cook ,EG South,10/16/2020,289,Oct,2020,seine,0,96,90,6.5793,I,0.0308,0.1903,3,0.527036277,0.482078573,2.772277228,0.718655056,1.255741826,2.892404967,Jul-Dec
NA,Cook ,EG South,10/16/2020,289,Oct,2020,seine,0,94,87,6.3787,I,0.0746,0.248,4,1.329246998,1.21682679,6.799125046,0.729137571,1.320998237,3.887939549,Jul-Dec
NA,Cook ,EG South,10/16/2020,289,Oct,2020,seine,0,86,80,5.0848,I,0.0338,0.194,4,0.755290385,0.691093482,3.932518906,0.763612009,1.351296112,3.815292637,Jul-Dec
NA,Cook ,EG South,10/16/2020,289,Oct,2020,seine,0,93,88,6.4061,I,0.0472,0.2611,5,0.84348976,0.76810415,4.305783616,0.758096218,1.3628277,4.075802751,Jul-Dec
NA,Cook ,EG South,10/16/2020,289,Oct,2020,seine,0,89,84,5.6844,I,0.0495,0.2594,4,1.003568243,0.912442396,5.097837281,0.762515799,1.37736553,4.563366406,Jul-Dec
NA,Cook ,EG South,10/16/2020,289,Oct,2020,seine,0,94,88,6.6862,I,0.0657,0.2565,4,1.11890732,1.021820614,5.629337675,0.766207873,1.40515589,3.836259759,Jul-Dec
NA,Cook ,EG South,10/16/2020,289,Oct,2020,seine,0,97,90,7.5299,I,0.0804,0.3184,5,1.229884354,1.114885946,6.209453197,0.781342277,1.418689936,4.22847581,Jul-Dec
NA,Cook ,EG South,10/16/2020,289,Oct,2020,seine,0,98,91,8.0821,I,0.0659,0.2758,3,0.937264439,0.844189949,4.927839677,0.82240393,1.420857806,3.41247943,Jul-Dec
NA,Cook ,EG South,10/16/2020,289,Oct,2020,seine,0,100,93,8.4345,I,0.0669,0.3133,3,0.899556273,0.823769886,4.649384947,0.80543,1.4389,3.714505898,Jul-Dec
NA,Cook ,EG South,10/16/2020,289,Oct,2020,seine,0,108,99,11.3993,I,0.0863,0.6105,4,0.87561765,0.799903604,4.650786808,0.849598956,1.473035106,5.35559201,Jul-Dec
NA,Cook ,EG South,10/16/2020,289,Oct,2020,seine,0,145,135,28.8655,I,0.3607,2.0191,5,1.513955929,1.343569343,7.925034055,0.868775268,1.49293534,6.99485545,Jul-Dec
NA,Cook ,EG South,10/16/2020,289,Oct,2020,seine,0,112,105,12.0784,I,0.0961,0.5596,4,0.929373422,0.834288294,4.565754466,0.813045224,1.498155066,4.633063982,Jul-Dec
NA,Cook ,EG South,10/16/2020,289,Oct,2020,seine,0,118,110,14.6049,I,0.1723,0.3617,3,1.348231962,1.209700067,6.918845119,0.856398415,1.515673462,2.476566084,Jul-Dec
EFH18/19-176,Cook ,EG West,9/25/2018,267,Sept,2018,seine,0,62,57,1.3756,I,0.0024,0.0509,4,0.208080458,0.181173096,NA,0.554823604,NA,3.700203548,Jul-Dec
EFH18/19-173,Cook ,EG West,9/25/2018,267,Sept,2018,seine,0,68,63,2.3472,I,0.0093,0.0996,6,0.483317742,0.413774693,NA,0.711855027,NA,4.243353783,Jul-Dec
EFH18/19-174,Cook ,EG West,9/25/2018,267,Sept,2018,seine,0,79,73,3.9691,I,0.0078,0.2102,5,0.238320755,0.207507515,NA,0.760812025,NA,5.295910912,Jul-Dec
EFH18/19-175,Cook ,EG West,9/25/2018,267,Sept,2018,seine,0,79,73,3.386,I,0.0182,0.0602,2,0.622967654,0.547236755,NA,0.670859709,NA,1.777909037,Jul-Dec
EFH18/19-168,Cook ,EG South,9/25/2018,267,Sept,2018,seine,0,76,70,2.7813,M,0.0204,0.1063,4,0.841688328,0.762616822,NA,0.604725543,NA,3.821953763,Jul-Dec
EFH18/19-163,Cook ,EG South,9/25/2018,267,Sept,2018,seine,0,83,76,4.3754,M,0.0221,0.2068,6,0.578655216,0.530154009,NA,0.725182629,NA,4.726425013,Jul-Dec
EFH18/19-164,Cook ,EG South,9/25/2018,267,Sept,2018,seine,0,84,77,4.9677,M,0.0091,0.4876,6,0.224741301,0.203120466,NA,0.754339434,NA,9.815407533,Jul-Dec
EFH18/19-170,Cook ,EG West,9/25/2018,267,Sept,2018,seine,0,84,77,4.3631,M,0.0069,0.1654,3,0.179276658,0.16437573,NA,0.707064572,NA,3.790882629,Jul-Dec
EFH18/19-167,Cook ,EG South,9/25/2018,267,Sept,2018,seine,0,86,80,5.3554,M,0.0263,0.55,6,0.599977187,0.547300953,NA,0.75136466,NA,10.27000784,Jul-Dec
EFH18/19-162,Cook ,EG South,9/25/2018,267,Sept,2018,seine,0,91,85,6.3319,M,0.0241,0.3111,5,0.437767929,0.400279033,NA,0.795771069,NA,4.913217202,Jul-Dec
EFH18/19-172,Cook ,EG West,9/25/2018,267,Sept,2018,seine,0,92,85,5.9044,M,0.0107,0.2849,4,0.210721178,0.190408399,NA,0.720288485,NA,4.825215094,Jul-Dec
EFH18/19-178,Cook ,EG West,9/25/2018,267,Sept,2018,seine,0,92,85,7.6345,M,0.0143,0.5001,6,0.223885271,0.200437318,NA,0.914371353,NA,6.550527212,Jul-Dec
EFH18/19-179,Cook ,EG West,9/25/2018,267,Sept,2018,seine,0,93,87,7.6717,M,0.0481,0.6532,7,0.80169339,0.685331624,NA,0.866580387,NA,8.514410105,Jul-Dec
EFH18/19-161,Cook ,EG South,9/25/2018,267,Sept,2018,seine,0,98,91,6.6597,M,0.0105,0.1772,3,0.178541064,0.161974547,NA,0.687638654,NA,2.660780516,Jul-Dec
EFH18/19-180,Cook ,EG West,9/25/2018,267,Sept,2018,seine,0,98,91,7.9866,M,0.0345,0.4886,6,0.512919628,0.460122699,NA,0.792983791,NA,6.117747227,Jul-Dec
EFH18/19-165,Cook ,EG South,9/25/2018,267,Sept,2018,seine,0,99,92,7.5864,M,0.0419,0.3349,5,0.622603941,0.577811487,NA,0.743028695,NA,4.414478541,Jul-Dec
EFH18/19-177,Cook ,EG West,9/25/2018,267,Sept,2018,seine,0,106,99,11.6376,M,0.0527,1.1133,7,0.547948054,0.500745893,NA,0.879215728,NA,9.566405444,Jul-Dec
NA,Cook ,EG West,9/25/2018,267,Sept,2018,seine,0,81,NA,3.3665,I,0.0048,0.0815,3,0.153885612,0.146118721,0.734281781,0.6172275,1.230051878,2.420911926,Jul-Dec
NA,Cook ,EG West,9/25/2018,267,Sept,2018,seine,0,79,NA,3.9353,I,0.0247,0.372,6,0.784500556,0.693177672,3.943796902,0.717711986,1.270284906,9.452900668,Jul-Dec
NA,Cook ,EG West,9/25/2018,267,Sept,2018,seine,0,83,NA,4.7444,I,0.0133,0.536,7,0.355462904,0.316034597,1.79511405,0.733682298,1.295762233,11.29752972,Jul-Dec
NA,Cook ,EG West,9/25/2018,267,Sept,2018,seine,0,90,NA,5.4791,I,0.0438,0.1779,4,0.885850659,0.826228024,4.548758957,0.721179698,1.32085048,3.246883612,Jul-Dec
NA,Cook ,EG West,9/25/2018,267,Sept,2018,seine,0,81,NA,3.8051,I,0.0121,0.2267,4,0.367769977,0.338139951,1.72143975,0.671062263,1.322630358,5.957793488,Jul-Dec
NA,Cook ,Lam North,9/25/2018,267,Sept,2018,seine,0,76,NA,3.2251,I,0.0076,0.459,3,0.266208974,0.27475507,1.288790911,0.628394263,1.343353623,14.23211683,Jul-Dec
NA,Cook ,EG West,9/25/2018,267,Sept,2018,seine,0,86,NA,4.3058,I,0.0266,0.1559,3,0.70787982,0.640979301,3.098788444,0.648260531,1.349566705,3.620697664,Jul-Dec
NA,Cook ,EG West,9/25/2018,267,Sept,2018,seine,0,75,NA,3.0763,I,0.0084,0.1265,4,0.320415014,0.284765069,1.470588235,0.697220741,1.353955556,4.112082697,Jul-Dec
NA,Cook ,EG West,9/25/2018,267,Sept,2018,seine,0,79,NA,3.7782,I,0.0125,0.2016,4,0.384189821,0.349493933,1.861781352,0.722883991,1.3617584,5.335874226,Jul-Dec
NA,Cook ,EG West,9/25/2018,267,Sept,2018,seine,0,77,NA,3.617,I,0.0174,0.0891,4,0.539016759,0.493211259,2.789355563,0.768947699,1.366385343,2.463367432,Jul-Dec
NA,Cook ,EG West,9/25/2018,267,Sept,2018,seine,0,77,NA,3.9731,I,0.0171,0.1838,4,0.518936635,0.451270683,2.698863636,0.826271047,1.387851481,4.626110594,Jul-Dec
NA,Cook ,EG West,9/25/2018,267,Sept,2018,seine,0,89,NA,5.9679,I,0.0262,0.2367,4,0.517868438,0.457146845,2.675380374,0.809255442,1.389139097,3.966219273,Jul-Dec
NA,Cook ,EG West,9/25/2018,267,Sept,2018,seine,0,80,NA,3.8423,I,0.0082,0.1602,4,0.240511527,0.222699003,1.152170859,0.717558594,1.390039063,4.169377716,Jul-Dec
NA,Cook ,Lam North,9/25/2018,267,Sept,2018,seine,0,91,NA,6.6654,I,0.0476,0.2004,4,0.86100861,0.736272235,4.505868989,0.851598589,1.401858617,3.006571249,Jul-Dec
NA,Cook ,EG West,9/25/2018,267,Sept,2018,seine,0,76,NA,3.7762,I,0.0016,0.1643,5,0.0494927,0.044298015,0.252964427,0.822436762,1.440853258,4.350934802,Jul-Dec
NA,Cook ,EG West,9/25/2018,267,Sept,2018,seine,0,88,NA,6.1919,I,0.0122,0.2732,4,0.232824427,0.206126345,1.220244049,0.866726733,1.467118238,4.41221596,Jul-Dec
NA,Cook ,Lam North,9/25/2018,267,Sept,2018,seine,0,105,NA,10.5264,I,0.0371,0.5031,6,0.413504085,0.370137579,2.178764388,0.862645503,1.470942663,4.779411765,Jul-Dec
NA,Cook ,Lam North,9/25/2018,267,Sept,2018,seine,0,86,NA,5.765,I,0.0345,0.1476,4,0.69374623,0.614163136,3.643083421,0.87773718,1.488862616,2.560277537,Jul-Dec
NA,Cook ,Lam North,9/25/2018,267,Sept,2018,seine,0,99,NA,8.5702,I,0.0733,0.3506,5,0.987351662,0.891770889,5.054823805,0.839565948,1.494487782,4.090919698,Jul-Dec
NA,Cook ,EG West,9/25/2018,267,Sept,2018,seine,0,94,NA,7.2562,I,0.0306,0.3116,4,0.486115524,0.44063013,2.443113772,0.832426341,1.507975111,4.294258703,Jul-Dec
NA,Cook ,EG West,9/25/2018,267,Sept,2018,seine,0,110,NA,11.3034,I,0.0576,0.5505,5,0.586611808,0.535669447,2.866384673,0.803553719,1.509767092,4.870216041,Jul-Dec
NA,Cook ,Lam North,9/25/2018,267,Sept,2018,seine,0,105,NA,10.7979,I,0.0346,0.4147,4,0.377276197,0.333230603,1.978952185,0.893950977,1.510333657,3.840561591,Jul-Dec
NA,Cook ,EG West,9/25/2018,267,Sept,2018,seine,0,95,NA,7.9083,I,0.0309,0.3397,5,0.461028885,0.408265729,2.375278653,0.879160227,1.51730573,4.29548702,Jul-Dec
NA,Cook ,EG West,9/25/2018,267,Sept,2018,seine,0,95,NA,7.2957,I,0.0854,0.3189,5,1.323210412,1.224056874,6.50418888,0.803778977,1.531418574,4.371067889,Jul-Dec
NA,Cook ,Lam North,9/25/2018,267,Sept,2018,seine,0,98,NA,8.6608,I,0.0687,0.3234,5,0.921665169,0.823997889,4.720676149,0.878534879,1.546230737,3.734066137,Jul-Dec
NA,Cook ,EG West,9/25/2018,267,Sept,2018,seine,0,116,NA,15.2381,I,0.2939,1.2408,6,2.350635847,2.099690655,12.15618149,0.877918836,1.548918057,8.142747455,Jul-Dec
NA,Cook ,EG West,9/25/2018,267,Sept,2018,seine,0,98,NA,9.9083,I,0.0341,1.7494,6,0.465910644,0.417948498,2.251716852,0.863245756,1.609023451,17.65590465,Jul-Dec
NA,Cook ,EG West,9/25/2018,267,Sept,2018,seine,0,115,NA,15.316,I,0.1091,1.2998,6,0.856122729,0.778385012,4.251753702,0.9144144,1.687186652,8.486550013,Jul-Dec
EFH18/19-166,Cook ,EG South,9/25/2018,267,Sept,2018,seine,0,78,72,3.2672,F,0.0345,0.1481,5,1.195923461,1.106088295,NA,0.650002529,NA,4.532933399,Jul-Dec
EFH18/19-171,Cook ,EG West,9/25/2018,267,Sept,2018,seine,0,96,89,7.4213,F,0.0087,0.52,7,0.139869134,0.126063205,NA,0.779057255,NA,7.006858637,Jul-Dec
EFH18/19-169,Cook ,EG West,9/25/2018,267,Sept,2018,seine,0,120,111,16.7408,F,0.1177,1.6028,6,0.851972494,0.777513542,NA,0.869230324,NA,9.574213897,Jul-Dec
EFH18/19-209,Cook ,EG South,9/16/2020,259,Sept,2020,seine,0,75,69,3.2506,I,0.0046,0.1422,5,0.148205426,0.147986102,NA,0.735715556,NA,4.374577001,Jul-Dec
EFH18/19-216,Cook ,EG South,9/16/2020,259,Sept,2020,seine,0,77,72,3.6905,I,0.0124,0.1513,4,0.351593513,0.350361664,NA,0.772518087,NA,4.099715486,Jul-Dec
EFH18/19-223,Cook ,EG South,9/16/2020,259,Sept,2020,seine,0,82,76,3.9822,I,0.0493,0.2528,4,1.33963751,1.32192846,NA,0.667448963,NA,6.348249711,Jul-Dec
EFH18/19-224,Cook ,EG South,9/16/2020,259,Sept,2020,seine,0,83,76,3.6195,I,0.0238,0.154,4,0.691518726,0.686769586,NA,0.601919946,NA,4.254731316,Jul-Dec
EFH18/19-221,Cook ,EG South,9/16/2020,259,Sept,2020,seine,0,82,77,4.2142,I,0.0248,0.1284,5,0.610687023,0.606980273,NA,0.736531681,NA,3.046841631,Jul-Dec
EFH18/19-207,Cook ,EG South,9/16/2020,259,Sept,2020,seine,0,85,78,4.4735,I,0.0293,0.1944,6,0.689444209,0.684723423,NA,0.692008956,NA,4.345590701,Jul-Dec
EFH18/19-210,Cook ,EG South,9/16/2020,259,Sept,2020,seine,0,86,80,3.8551,I,0.0123,0.2438,6,0.3417616,0.340597569,NA,0.565830682,NA,6.324090166,Jul-Dec
EFH18/19-212,Cook ,EG South,9/16/2020,259,Sept,2020,seine,0,87,80,5.5088,I,0.0282,0.3806,6,0.552941176,0.54990055,NA,0.774483943,NA,6.908945687,Jul-Dec
EFH18/19-215,Cook ,EG South,9/16/2020,259,Sept,2020,seine,0,89,82,5.7205,I,0.0277,0.3564,5,0.519076531,0.51639604,NA,0.756969455,NA,6.230224631,Jul-Dec
EFH18/19-214,Cook ,EG South,9/16/2020,259,Sept,2020,seine,0,90,84,6.3021,I,0.0523,0.3613,5,0.88817186,0.880352814,NA,0.807750343,NA,5.733009632,Jul-Dec
EFH18/19-225,Cook ,EG South,9/16/2020,259,Sept,2020,seine,0,91,84,5.8459,I,0.0976,0.2147,4,1.763770421,1.733200739,NA,0.734317005,NA,3.672659471,Jul-Dec
EFH18/19-211,Cook ,EG South,9/16/2020,259,Sept,2020,seine,0,92,85,5.6229,I,0.0179,0.2018,5,0.331285164,0.33019129,NA,0.693885099,NA,3.58889541,Jul-Dec
EFH18/19-208,Cook ,EG South,9/16/2020,259,Sept,2020,seine,0,96,89,6.4634,I,0.0231,0.4813,6,0.387648934,0.38615202,NA,0.673534252,NA,7.446545162,Jul-Dec
EFH18/19-213,Cook ,EG South,9/16/2020,259,Sept,2020,seine,0,98,90,7.8518,I,0.0319,0.2987,5,0.424134447,0.422343144,NA,0.799114315,NA,3.804223235,Jul-Dec
EFH18/19-217,Cook ,EG South,9/16/2020,259,Sept,2020,seine,0,98,91,7.8853,I,0.0562,0.6054,6,0.777994656,0.771988626,NA,0.767505461,NA,7.677577264,Jul-Dec
EFH18/19-222,Cook ,EG South,9/16/2020,259,Sept,2020,seine,0,102,93,8.491,I,0.0582,0.6403,6,0.746871992,0.741335168,NA,0.734304679,NA,7.540925686,Jul-Dec
EFH18/19-219,Cook ,EG South,9/16/2020,259,Sept,2020,seine,0,104,96,9.2834,I,0.0438,0.2988,4,0.489889048,0.487500835,NA,0.794833864,NA,3.21864834,Jul-Dec
EFH18/19-220,Cook ,EG South,9/16/2020,259,Sept,2020,seine,0,105,97,9.8596,I,0.0466,0.5866,4,0.505072401,0.502534239,NA,0.797011122,NA,5.949531421,Jul-Dec
EFH18/19-218,Cook ,EG South,9/16/2020,259,Sept,2020,seine,0,114,105,13.0347,I,0.0893,0.9803,6,0.746337264,0.740808336,NA,0.807610169,NA,7.520694761,Jul-Dec
EFH18/19-226,Cook ,EG South,9/16/2020,259,Sept,2020,seine,0,129,119,17.4,I,0.2261,1.1954,4,1.415026442,1.395282821,NA,0.744332318,NA,6.870114943,Jul-Dec
NA,Cook ,EG South,9/16/2020,259,Sept,2020,seine,0,78,72,3.677,I,0.0172,0.0931,4,0.565529033,0.479924105,3.004366812,0.751593081,1.206400985,2.531955398,Jul-Dec
NA,Cook ,EG South,9/16/2020,259,Sept,2020,seine,0,82,77,4.3622,I,0.0245,0.2575,4,0.71591374,0.596876751,3.565710959,0.740013929,1.246173155,5.902984732,Jul-Dec
NA,Cook ,EG South,9/16/2020,259,Sept,2020,seine,0,79,72,3.595,I,0.0051,0.1253,4,0.174807198,0.146986771,0.828056503,0.702703032,1.24919124,3.485396384,Jul-Dec
NA,Cook ,EG South,9/16/2020,259,Sept,2020,seine,0,69,64,2.4911,I,0.0199,0.0848,4,0.965363345,0.826995803,4.720113852,0.726433675,1.283374276,3.404118662,Jul-Dec
NA,Cook ,EG West,9/16/2020,259,Sept,2020,seine,0,92,86,7.0243,I,0.0351,1.3918,6,0.72865417,0.623169108,3.475935829,0.718824484,1.296796663,19.814074,Jul-Dec
NA,Cook ,EG South,9/16/2020,259,Sept,2020,seine,0,99,93,7.9933,I,0.0296,0.5632,6,0.453001133,0.398379564,2.305655086,0.762703043,1.323097313,7.045900942,Jul-Dec
NA,Cook ,EG West,9/16/2020,259,Sept,2020,seine,0,87,80,5.5105,I,0.0385,0.3094,5,0.849777071,0.740228029,4.398994516,0.783990354,1.32907519,5.614735505,Jul-Dec
NA,Cook ,EG West,9/16/2020,259,Sept,2020,seine,0,90,83,5.3143,I,0.0454,0.175,5,0.973684775,0.883388788,4.558690632,0.698751715,1.36611797,3.293001901,Jul-Dec
NA,Cook ,EG South,9/16/2020,259,Sept,2020,seine,0,84,78,4.4609,I,0.0236,0.176,5,0.625463797,0.550771313,2.903900578,0.718959211,1.371173469,3.945392185,Jul-Dec
NA,Cook ,EG South,9/16/2020,259,Sept,2020,seine,0,93,86,6.4242,I,0.0118,0.1978,5,0.210289951,0.189515611,1.069324875,0.772617134,1.371903272,3.078982597,Jul-Dec
NA,Cook ,EG South,9/16/2020,259,Sept,2020,seine,0,78,72,3.7864,I,0.0177,0.0946,4,0.528989839,0.479440923,2.710981774,0.774224953,1.375823935,2.498415381,Jul-Dec
NA,Cook ,EG South,9/16/2020,259,Sept,2020,seine,0,114,106,13.4108,I,0.1384,1.5066,6,1.295055583,1.162614875,6.592045725,0.794157987,1.417102698,11.23422913,Jul-Dec
NA,Cook ,EG South,9/16/2020,259,Sept,2020,seine,0,77,72,3.7104,I,0.0148,0.1567,5,0.465716354,0.416467344,2.278325123,0.775168498,1.422898235,4.223264338,Jul-Dec
NA,Cook ,EG South,9/16/2020,259,Sept,2020,seine,0,102,95,9.1332,I,0.0539,0.4608,4,0.704050577,0.621511923,3.54418727,0.812140504,1.433083806,5.045329129,Jul-Dec
NA,Cook ,EG South,9/16/2020,259,Sept,2020,seine,0,87,81,5.7011,I,0.007,0.4691,6,0.152121001,0.133792049,0.741761153,0.793466393,1.433099014,8.228236656,Jul-Dec
NA,Cook ,EG South,9/16/2020,259,Sept,2020,seine,0,114,106,12.6689,I,0.0596,0.5001,4,0.560413728,0.489777135,2.774544947,0.817336508,1.449906314,3.947461895,Jul-Dec
NA,Cook ,EG South,9/16/2020,259,Sept,2020,seine,0,107,100,11.4175,I,0.0924,1.0916,6,1.006185208,0.894837254,5.12763596,0.835358432,1.470968774,9.560761988,Jul-Dec
NA,Cook ,EG South,9/16/2020,259,Sept,2020,seine,0,100,92,9.1469,I,0.0892,0.559,6,1.173205666,1.038670688,5.8125896,0.84987,1.5346,6.111360133,Jul-Dec
NA,Cook ,EG South,9/16/2020,259,Sept,2020,seine,0,87,82,6.2143,I,0.0427,0.2104,4,0.792075535,0.711204384,4.071707829,0.905265428,1.592551591,3.385739343,Jul-Dec
