date,month,day,year,Avg Temp,# datapoints,site,,,,
02/20/18,2,20,2018,4.24,56,a,,,,
02/21/18,2,21,2018,3.88,96,a,,,,
02/22/18,2,22,2018,4.06,96,a,,,,
02/23/18,2,23,2018,3.80,96,a,,,,
02/24/18,2,24,2018,3.69,96,a,,,,
02/25/18,2,25,2018,3.49,96,a,,,,
02/26/18,2,26,2018,3.15,96,a,,,,
02/27/18,2,27,2018,2.67,96,a,,,,
02/28/18,2,28,2018,2.03,96,a,,,,
03/01/18,3,1,2018,2.35,96,a,,,,
03/02/18,3,2,2018,3.07,96,a,,,,
03/03/18,3,3,2018,3.18,96,a,,,,
03/04/18,3,4,2018,3.46,96,a,,,,
03/05/18,3,5,2018,3.72,96,a,,,,
03/06/18,3,6,2018,3.69,96,a,,,,
03/07/18,3,7,2018,3.75,96,a,,,,
03/08/18,3,8,2018,3.81,96,a,,,,
03/09/18,3,9,2018,3.60,96,a,,,,
03/10/18,3,10,2018,3.48,96,a,,,,
03/11/18,3,11,2018,3.53,96,a,,,,
03/12/18,3,12,2018,3.62,96,a,,,,
03/13/18,3,13,2018,3.68,96,a,,,,
03/14/18,3,14,2018,3.89,96,a,,,,
03/15/18,3,15,2018,3.93,96,a,,,,
03/16/18,3,16,2018,4.10,96,a,,,,
03/17/18,3,17,2018,4.36,96,a,,,,
03/18/18,3,18,2018,4.41,96,a,,,,
03/19/18,3,19,2018,4.20,96,a,,,,
03/20/18,3,20,2018,4.04,96,a,,,,
03/21/18,3,21,2018,3.94,96,a,,,,
03/22/18,3,22,2018,3.86,96,a,,,,
03/23/18,3,23,2018,3.95,96,a,,,,
03/24/18,3,24,2018,4.01,96,a,,,,
03/25/18,3,25,2018,3.86,96,a,,,,
03/26/18,3,26,2018,3.77,96,a,,,,
03/27/18,3,27,2018,4.26,96,a,,,,
03/28/18,3,28,2018,4.15,96,a,,,,
03/29/18,3,29,2018,4.18,96,a,,,,
03/30/18,3,30,2018,3.90,96,a,,,,
03/31/18,3,31,2018,3.89,96,a,,,,
04/01/18,4,1,2018,4.69,96,a,,,,
04/02/18,4,2,2018,4.82,96,a,,,,
04/03/18,4,3,2018,4.56,96,a,,,,
04/04/18,4,4,2018,4.70,96,a,,,,
04/05/18,4,5,2018,4.56,96,a,,,,
04/06/18,4,6,2018,4.70,96,a,,,,
04/07/18,4,7,2018,4.52,96,a,,,,
04/08/18,4,8,2018,4.67,96,a,,,,
04/09/18,4,9,2018,4.62,96,a,,,,
04/10/18,4,10,2018,4.69,96,a,,,,
04/11/18,4,11,2018,4.72,96,a,,,,
04/12/18,4,12,2018,4.79,96,a,,,,
04/13/18,4,13,2018,4.74,96,a,,,,
04/14/18,4,14,2018,4.98,96,a,,,,
04/15/18,4,15,2018,5.16,96,a,,,,
04/16/18,4,16,2018,5.12,96,a,,,,
04/17/18,4,17,2018,4.93,96,a,,,,
04/18/18,4,18,2018,5.00,96,a,,,,
04/19/18,4,19,2018,5.21,96,a,,,,
04/20/18,4,20,2018,5.49,96,a,,,,
04/21/18,4,21,2018,5.61,96,a,,,,
04/22/18,4,22,2018,5.03,96,a,,,,
04/23/18,4,23,2018,5.45,96,a,,,,
04/24/18,4,24,2018,5.64,96,a,,,,
04/25/18,4,25,2018,5.79,96,a,,,,
04/26/18,4,26,2018,6.13,96,a,,,,
04/27/18,4,27,2018,6.10,96,a,,,,
04/28/18,4,28,2018,6.09,96,a,,,,
04/29/18,4,29,2018,6.08,96,a,,,,
04/30/18,4,30,2018,5.88,96,a,,,,
05/01/18,5,1,2018,5.65,96,a,,,,
05/02/18,5,2,2018,5.93,96,a,,,,
05/03/18,5,3,2018,6.11,96,a,,,,
05/04/18,5,4,2018,6.08,96,a,,,,
05/05/18,5,5,2018,6.18,96,a,,,,
05/06/18,5,6,2018,6.88,96,a,,,,
05/07/18,5,7,2018,7.17,96,a,,,,
05/08/18,5,8,2018,5.99,96,a,,,,
05/09/18,5,9,2018,6.06,96,a,,,,
05/10/18,5,10,2018,5.92,96,a,,,,
05/11/18,5,11,2018,6.03,96,a,,,,
05/12/18,5,12,2018,6.42,96,a,,,,
05/13/18,5,13,2018,6.34,96,a,,,,
05/14/18,5,14,2018,6.42,96,a,,,,
05/15/18,5,15,2018,6.48,96,a,,,,
05/16/18,5,16,2018,6.03,96,a,,,,
05/17/18,5,17,2018,6.02,96,a,,,,
05/18/18,5,18,2018,6.02,96,a,,,,
05/19/18,5,19,2018,6.16,96,a,,,,
05/20/18,5,20,2018,6.03,96,a,,,,
05/21/18,5,21,2018,6.12,96,a,,,,
05/22/18,5,22,2018,6.36,96,a,,,,
05/23/18,5,23,2018,6.72,96,a,,,,
05/24/18,5,24,2018,6.72,96,a,,,,
05/25/18,5,25,2018,6.59,96,a,,,,
05/26/18,5,26,2018,6.95,96,a,,,,
05/27/18,5,27,2018,7.67,96,a,,,,
05/28/18,5,28,2018,8.09,96,a,,,,
05/29/18,5,29,2018,8.08,96,a,,,,
05/30/18,5,30,2018,7.52,96,a,,,,
05/31/18,5,31,2018,7.42,96,a,,,,
06/01/18,6,1,2018,7.99,96,a,,,,
06/02/18,6,2,2018,8.74,96,a,,,,
06/03/18,6,3,2018,9.17,96,a,,,,
06/04/18,6,4,2018,8.83,96,a,,,,
06/05/18,6,5,2018,8.79,96,a,,,,
06/06/18,6,6,2018,8.80,96,a,,,,
06/07/18,6,7,2018,8.89,96,a,,,,
06/08/18,6,8,2018,9.63,96,a,,,,
06/09/18,6,9,2018,9.42,96,a,,,,
06/10/18,6,10,2018,9.64,96,a,,,,
06/11/18,6,11,2018,10.06,96,a,,,,
06/12/18,6,12,2018,9.49,96,a,,,,
06/13/18,6,13,2018,9.33,96,a,,,,
06/14/18,6,14,2018,9.84,96,a,,,,
06/15/18,6,15,2018,9.04,96,a,,,,
06/16/18,6,16,2018,8.70,96,a,,,,
06/17/18,6,17,2018,8.55,96,a,,,,
06/18/18,6,18,2018,8.52,96,a,,,,
06/19/18,6,19,2018,8.89,96,a,,,,
06/20/18,6,20,2018,8.38,96,a,,,,
06/21/18,6,21,2018,8.43,96,a,,,,
06/22/18,6,22,2018,8.87,96,a,,,,
06/23/18,6,23,2018,9.00,96,a,,,,
06/24/18,6,24,2018,9.50,96,a,,,,
06/25/18,6,25,2018,9.46,96,a,,,,
06/26/18,6,26,2018,9.17,96,a,,,,
06/27/18,6,27,2018,8.60,96,a,,,,
06/28/18,6,28,2018,9.07,96,a,,,,
06/29/18,6,29,2018,9.57,96,a,,,,
06/30/18,6,30,2018,9.67,96,a,,,,
07/01/18,7,1,2018,10.25,96,a,,,,
07/02/18,7,2,2018,10.90,96,a,,,,
07/03/18,7,3,2018,11.12,96,a,,,,
07/04/18,7,4,2018,11.19,96,a,,,,
07/05/18,7,5,2018,11.63,96,a,,,,
07/06/18,7,6,2018,12.12,96,a,,,,
07/07/18,7,7,2018,12.86,96,a,,,,
07/08/18,7,8,2018,12.89,96,a,,,,
07/09/18,7,9,2018,11.85,96,a,,,,
07/10/18,7,10,2018,11.05,96,a,,,,
07/11/18,7,11,2018,10.50,96,a,,,,
07/12/18,7,12,2018,10.89,96,a,,,,
07/13/18,7,13,2018,10.16,96,a,,,,
07/14/18,7,14,2018,10.66,96,a,,,,
07/15/18,7,15,2018,10.82,96,a,,,,
07/16/18,7,16,2018,10.75,96,a,,,,
07/17/18,7,17,2018,10.83,96,a,,,,
07/18/18,7,18,2018,11.26,96,a,,,,
07/19/18,7,19,2018,11.56,96,a,,,,
07/20/18,7,20,2018,12.03,96,a,,,,
07/21/18,7,21,2018,12.45,96,a,,,,
07/22/18,7,22,2018,11.41,96,a,,,,
07/23/18,7,23,2018,10.41,96,a,,,,
07/24/18,7,24,2018,10.20,96,a,,,,
07/25/18,7,25,2018,10.15,96,a,,,,
07/26/18,7,26,2018,10.11,96,a,,,,
07/27/18,7,27,2018,10.38,96,a,,,,
07/28/18,7,28,2018,10.38,96,a,,,,
07/29/18,7,29,2018,10.74,96,a,,,,
07/30/18,7,30,2018,11.01,96,a,,,,
07/31/18,7,31,2018,11.61,96,a,,,,
08/01/18,8,1,2018,11.81,96,a,,,,
08/02/18,8,2,2018,11.27,96,a,,,,
08/03/18,8,3,2018,10.72,96,a,,,,
08/04/18,8,4,2018,11.08,96,a,,,,
08/05/18,8,5,2018,11.44,96,a,,,,
08/06/18,8,6,2018,11.46,96,a,,,,
08/07/18,8,7,2018,11.84,96,a,,,,
08/08/18,8,8,2018,12.51,96,a,,,,
08/09/18,8,9,2018,12.50,96,a,,,,
08/10/18,8,10,2018,12.09,96,a,,,,
08/11/18,8,11,2018,12.10,96,a,,,,
08/12/18,8,12,2018,11.85,96,a,,,,
08/13/18,8,13,2018,11.77,96,a,,,,
08/14/18,8,14,2018,11.56,96,a,,,,
08/15/18,8,15,2018,11.11,96,a,,,,
08/16/18,8,16,2018,10.94,96,a,,,,
08/17/18,8,17,2018,11.26,96,a,,,,
08/18/18,8,18,2018,10.30,96,a,,,,
08/19/18,8,19,2018,10.49,96,a,,,,
08/20/18,8,20,2018,10.76,96,a,,,,
08/21/18,8,21,2018,10.97,96,a,,,,
08/22/18,8,22,2018,11.31,96,a,,,,
08/23/18,8,23,2018,11.69,96,a,,,,
08/24/18,8,24,2018,11.41,96,a,,,,
08/25/18,8,25,2018,11.31,96,a,,,,
08/26/18,8,26,2018,11.37,96,a,,,,
08/27/18,8,27,2018,11.51,96,a,,,,
08/28/18,8,28,2018,11.54,96,a,,,,
08/29/18,8,29,2018,11.66,96,a,,,,
08/30/18,8,30,2018,11.26,96,a,,,,
08/31/18,8,31,2018,11.39,96,a,,,,
09/01/18,9,1,2018,11.42,96,a,,,,
09/02/18,9,2,2018,11.67,96,a,,,,
09/03/18,9,3,2018,11.91,96,a,,,,
09/04/18,9,4,2018,11.78,96,a,,,,
09/05/18,9,5,2018,11.89,96,a,,,,
09/06/18,9,6,2018,11.78,96,a,,,,
09/07/18,9,7,2018,11.72,96,a,,,,
09/08/18,9,8,2018,11.71,96,a,,,,
09/09/18,9,9,2018,11.75,96,a,,,,
09/10/18,9,10,2018,11.97,96,a,,,,
09/11/18,9,11,2018,12.10,96,a,,,,
09/12/18,9,12,2018,12.15,96,a,,,,
09/13/18,9,13,2018,12.15,96,a,,,,
09/14/18,9,14,2018,12.14,96,a,,,,
09/15/18,9,15,2018,12.07,96,a,,,,
09/16/18,9,16,2018,11.69,96,a,,,,
09/17/18,9,17,2018,11.74,96,a,,,,
09/18/18,9,18,2018,12.03,96,a,,,,
09/19/18,9,19,2018,12.17,96,a,,,,
09/20/18,9,20,2018,12.23,96,a,,,,
09/21/18,9,21,2018,12.03,96,a,,,,
09/22/18,9,22,2018,11.82,96,a,,,,
09/23/18,9,23,2018,11.56,96,a,,,,
09/24/18,9,24,2018,11.46,96,a,,,,
9/25/2018,9,25,2018,11.17,40,a,,,,
9/26/2018,9,26,2018,10.87,96,a,,,,
9/27/2018,9,27,2018,10.69,96,a,,,,
9/28/2018,9,28,2018,10.69,96,a,,,,
9/29/2018,9,29,2018,10.61,96,a,,,,
9/30/2018,9,30,2018,10.64,96,a,,,,
10/1/2018,10,1,2018,10.51,96,a,,,,
10/2/2018,10,2,2018,10.38,96,a,,,,
10/3/2018,10,3,2018,10.36,96,a,,,,
10/4/2018,10,4,2018,10.26,96,a,,,,
10/5/2018,10,5,2018,10.22,96,a,,,,
10/6/2018,10,6,2018,10.21,96,a,,,,
10/7/2018,10,7,2018,10.17,96,a,,,,
10/8/2018,10,8,2018,9.94,96,a,,,,
10/9/2018,10,9,2018,9.89,96,a,,,,
10/10/2018,10,10,2018,9.77,96,a,,,,
10/11/2018,10,11,2018,9.58,96,a,,,,
10/12/2018,10,12,2018,9.56,96,a,,,,
10/13/2018,10,13,2018,9.40,96,a,,,,
10/14/2018,10,14,2018,9.18,96,a,,,,
10/15/2018,10,15,2018,9.31,96,a,,,,
10/16/2018,10,16,2018,9.32,96,a,,,,
10/17/2018,10,17,2018,9.22,96,a,,,,
10/18/2018,10,18,2018,9.06,96,a,,,,
10/19/2018,10,19,2018,9.04,96,a,,,,
10/20/2018,10,20,2018,8.74,96,a,,,,
10/21/2018,10,21,2018,8.82,96,a,,,,
10/22/2018,10,22,2018,8.79,96,a,,,,
10/23/2018,10,23,2018,8.65,96,a,,,,
10/24/2018,10,24,2018,8.36,96,a,,,,
10/25/2018,10,25,2018,8.37,96,a,,,,
10/26/2018,10,26,2018,8.31,96,a,,,,
10/27/2018,10,27,2018,8.44,96,a,,,,
10/28/2018,10,28,2018,8.17,96,a,,,,
10/29/2018,10,29,2018,7.78,96,a,,,,
10/30/2018,10,30,2018,7.40,96,a,,,,
10/31/2018,10,31,2018,7.34,96,a,,,,
11/1/2018,11,1,2018,7.17,96,a,,,,
11/2/2018,11,2,2018,7.01,96,a,,,,
11/3/2018,11,3,2018,7.22,96,a,,,,
11/4/2018,11,4,2018,7.27,96,a,,,,
11/5/2018,11,5,2018,7.04,96,a,,,,
11/6/2018,11,6,2018,7.09,96,a,,,,
11/7/2018,11,7,2018,7.35,96,a,,,,
11/8/2018,11,8,2018,7.14,96,a,,,,
11/9/2018,11,9,2018,6.75,96,a,,,,
11/10/2018,11,10,2018,6.82,96,a,,,,
11/11/2018,11,11,2018,7.08,96,a,,,,
11/12/2018,11,12,2018,7.15,96,a,,,,
11/13/2018,11,13,2018,7.06,96,a,,,,
11/14/2018,11,14,2018,7.14,96,a,,,,
11/15/2018,11,15,2018,7.08,96,a,,,,
11/16/2018,11,16,2018,7.20,96,a,,,,
11/17/2018,11,17,2018,7.26,96,a,,,,
11/18/2018,11,18,2018,7.29,96,a,,,,
11/19/2018,11,19,2018,7.02,96,a,,,,
11/20/2018,11,20,2018,7.06,96,a,,,,
11/21/2018,11,21,2018,7.02,96,a,,,,
11/22/2018,11,22,2018,6.67,96,a,,,,
11/23/2018,11,23,2018,6.61,96,a,,,,
11/24/2018,11,24,2018,6.50,96,a,,,,
11/25/2018,11,25,2018,6.62,96,a,,,,
11/26/2018,11,26,2018,6.69,96,a,,,,
11/27/2018,11,27,2018,6.59,96,a,,,,
11/28/2018,11,28,2018,6.14,96,a,,,,
11/29/2018,11,29,2018,6.30,96,a,,,,
11/30/2018,11,30,2018,6.25,96,a,,,,
12/1/2018,12,1,2018,6.18,96,a,,,,
12/2/2018,12,2,2018,5.99,96,a,,,,
12/3/2018,12,3,2018,5.91,96,a,,,,
12/4/2018,12,4,2018,6.28,96,a,,,,
12/5/2018,12,5,2018,6.25,96,a,,,,
12/6/2018,12,6,2018,6.33,96,a,,,,
12/7/2018,12,7,2018,6.30,96,a,,,,
12/8/2018,12,8,2018,6.04,96,a,,,,
12/9/2018,12,9,2018,5.69,96,a,,,,
12/10/2018,12,10,2018,5.63,96,a,,,,
12/11/2018,12,11,2018,5.51,96,a,,,,
12/12/2018,12,12,2018,4.92,96,a,,,,
12/13/2018,12,13,2018,4.48,96,a,,,,
12/14/2018,12,14,2018,4.40,96,a,,,,
12/15/2018,12,15,2018,4.36,96,a,,,,
12/16/2018,12,16,2018,4.47,96,a,,,,
12/17/2018,12,17,2018,4.22,96,a,,,,
12/18/2018,12,18,2018,3.80,96,a,,,,
12/19/2018,12,19,2018,3.62,96,a,,,,
12/20/2018,12,20,2018,3.68,96,a,,,,
12/21/2018,12,21,2018,3.93,96,a,,,,
12/22/2018,12,22,2018,4.35,96,a,,,,
12/23/2018,12,23,2018,4.72,96,a,,,,
12/24/2018,12,24,2018,4.66,96,a,,,,
12/25/2018,12,25,2018,4.71,96,a,,,,
12/26/2018,12,26,2018,4.65,96,a,,,,
12/27/2018,12,27,2018,4.76,96,a,,,,
12/28/2018,12,28,2018,4.47,96,a,,,,
12/29/2018,12,29,2018,4.30,96,a,,,,
12/30/2018,12,30,2018,4.38,96,a,,,,
12/31/2018,12,31,2018,4.41,96,a,,,,
1/1/2019,1,1,2019,4.57,96,a,,,,
1/2/2019,1,2,2019,4.42,96,a,,,,
1/3/2019,1,3,2019,4.02,96,a,,,,
1/4/2019,1,4,2019,3.66,96,a,,,,
1/5/2019,1,5,2019,4.08,96,a,,,,
1/6/2019,1,6,2019,4.03,96,a,,,,
1/7/2019,1,7,2019,3.85,96,a,,,,
1/8/2019,1,8,2019,3.80,96,a,,,,
1/9/2019,1,9,2019,3.95,96,a,,,,
1/10/2019,1,10,2019,3.99,96,a,,,,
1/11/2019,1,11,2019,3.66,96,a,,,,
1/12/2019,1,12,2019,3.70,96,a,,,,
1/13/2019,1,13,2019,4.00,96,a,,,,
1/14/2019,1,14,2019,4.10,96,a,,,,
1/15/2019,1,15,2019,4.14,96,a,,,,
1/16/2019,1,16,2019,4.37,96,a,,,,
1/17/2019,1,17,2019,4.48,96,a,,,,
1/18/2019,1,18,2019,4.29,96,a,,,,
1/19/2019,1,19,2019,4.33,96,a,,,,
1/20/2019,1,20,2019,4.11,96,a,,,,
1/21/2019,1,21,2019,4.22,96,a,,,,
1/22/2019,1,22,2019,4.58,96,a,,,,
1/23/2019,1,23,2019,4.71,96,a,,,,
1/24/2019,1,24,2019,4.69,96,a,,,,
1/25/2019,1,25,2019,4.57,96,a,,,,
1/26/2019,1,26,2019,4.42,96,a,,,,
1/27/2019,1,27,2019,4.33,96,a,,,,
1/28/2019,1,28,2019,4.60,96,a,,,,
1/29/2019,1,29,2019,4.63,96,a,,,,
1/30/2019,1,30,2019,4.61,96,a,,,,
1/31/2019,1,31,2019,4.51,96,a,,,,
2/1/2019,2,1,2019,4.11,96,a,,,,
2/2/2019,2,2,2019,4.15,96,a,,,,
2/3/2019,2,3,2019,4.45,96,a,,,,
2/4/2019,2,4,2019,4.39,96,a,,,,
2/5/2019,2,5,2019,4.48,96,a,,,,
2/6/2019,2,6,2019,4.51,96,a,,,,
2/7/2019,2,7,2019,4.51,96,a,,,,
2/8/2019,2,8,2019,4.51,96,a,,,,
2/9/2019,2,9,2019,4.41,96,a,,,,
2/10/2019,2,10,2019,4.49,96,a,,,,
2/11/2019,2,11,2019,4.51,96,a,,,,
2/12/2019,2,12,2019,4.48,96,a,,,,
2/13/2019,2,13,2019,4.26,96,a,,,,
2/14/2019,2,14,2019,3.70,96,a,,,,
2/15/2019,2,15,2019,3.45,96,a,,,,
2/16/2019,2,16,2019,3.88,96,a,,,,
2/17/2019,2,17,2019,4.25,96,a,,,,
2/18/2019,2,18,2019,4.42,96,a,,,,
2/19/2019,2,19,2019,4.25,96,a,,,,
2/20/2019,2,20,2019,4.34,96,a,,,,
2/21/2019,2,21,2019,4.49,96,a,,,,
2/22/2019,2,22,2019,4.40,96,a,,,,
2/23/2019,2,23,2019,4.61,96,a,,,,
2/24/2019,2,24,2019,4.85,96,a,,,,
2/25/2019,2,25,2019,4.86,96,a,,,,
2/26/2019,2,26,2019,4.95,96,a,,,,
2/27/2019,2,27,2019,4.96,96,a,,,,
2/28/2019,2,28,2019,4.98,96,a,,,,
3/1/2019,3,1,2019,4.93,96,a,,,,
3/2/2019,3,2,2019,4.97,96,a,,,,
3/3/2019,3,3,2019,5.09,96,a,,,,
3/4/2019,3,4,2019,5.19,96,a,,,,
3/5/2019,3,5,2019,5.06,96,a,,,,
3/6/2019,3,6,2019,5.15,96,a,,,,
3/7/2019,3,7,2019,5.11,96,a,,,,
3/8/2019,3,8,2019,5.22,96,a,,,,
3/9/2019,3,9,2019,5.06,96,a,,,,
3/10/2019,3,10,2019,5.06,96,a,,,,
3/11/2019,3,11,2019,5.05,96,a,,,,
3/12/2019,3,12,2019,5.06,96,a,,,,
3/13/2019,3,13,2019,4.98,96,a,,,,
3/14/2019,3,14,2019,5.13,96,a,,,,
3/15/2019,3,15,2019,5.09,96,a,,,,
3/16/2019,3,16,2019,5.21,96,a,,,,
3/17/2019,3,17,2019,5.26,96,a,,,,
3/18/2019,3,18,2019,5.33,96,a,,,,
3/19/2019,3,19,2019,5.02,96,a,,,,
3/20/2019,3,20,2019,5.14,96,a,,,,
3/21/2019,3,21,2019,5.20,96,a,,,,
3/22/2019,3,22,2019,5.29,96,a,,,,
3/23/2019,3,23,2019,5.40,96,a,,,,
3/24/2019,3,24,2019,5.73,96,a,,,,
3/25/2019,3,25,2019,5.95,96,a,,,,
3/26/2019,3,26,2019,6.00,96,a,,,,
3/27/2019,3,27,2019,6.05,96,a,,,,
3/28/2019,3,28,2019,5.97,96,a,,,,
3/29/2019,3,29,2019,6.18,96,a,,,,
3/30/2019,3,30,2019,6.39,96,a,,,,
3/31/2019,3,31,2019,6.47,96,a,,,,
4/1/2019,4,1,2019,6.33,96,a,,,,
4/2/2019,4,2,2019,6.27,96,a,,,,
4/3/2019,4,3,2019,6.23,96,a,,,,
4/4/2019,4,4,2019,6.13,96,a,,,,
4/5/2019,4,5,2019,5.81,96,a,,,,
4/6/2019,4,6,2019,5.79,96,a,,,,
4/7/2019,4,7,2019,5.88,96,a,,,,
4/8/2019,4,8,2019,5.91,13,a,,,,
4/9/2019,4,9,2019,6.19,96,b,,,,
4/10/2019,4,10,2019,6.22,96,b,,,,
4/11/2019,4,11,2019,6.20,96,b,,,,
4/12/2019,4,12,2019,6.35,96,b,,,,
4/13/2019,4,13,2019,6.56,96,b,,,,
4/14/2019,4,14,2019,6.76,96,b,,,,
4/15/2019,4,15,2019,6.71,96,b,,,,
4/16/2019,4,16,2019,6.55,96,b,,,,
4/17/2019,4,17,2019,6.62,96,b,,,,
4/18/2019,4,18,2019,6.39,96,b,,,,
4/19/2019,4,19,2019,6.38,96,b,,,,
4/20/2019,4,20,2019,6.06,96,b,,,,
4/21/2019,4,21,2019,6.03,96,b,,,,
4/22/2019,4,22,2019,6.18,96,b,,,,
4/23/2019,4,23,2019,6.08,96,b,,,,
4/24/2019,4,24,2019,6.19,96,b,,,,
4/25/2019,4,25,2019,6.34,96,b,,,,
4/26/2019,4,26,2019,6.59,96,b,,,,
4/27/2019,4,27,2019,6.80,96,b,,,,
4/28/2019,4,28,2019,6.65,96,b,,,,
4/29/2019,4,29,2019,6.61,96,b,,,,
4/30/2019,4,30,2019,6.63,96,b,,,,
5/1/2019,5,1,2019,6.91,96,b,,,,
5/2/2019,5,2,2019,7.47,96,b,,,,
5/3/2019,5,3,2019,7.42,96,b,,,,
5/4/2019,5,4,2019,7.23,96,b,,,,
5/5/2019,5,5,2019,7.05,96,b,,,,
5/6/2019,5,6,2019,7.14,96,b,,,,
5/7/2019,5,7,2019,7.05,96,b,,,,
5/8/2019,5,8,2019,7.48,96,b,,,,
5/9/2019,5,9,2019,7.27,96,b,,,,
5/10/2019,5,10,2019,7.22,96,b,,,,
5/11/2019,5,11,2019,7.66,96,b,,,,
5/12/2019,5,12,2019,7.78,96,b,,,,
5/13/2019,5,13,2019,7.47,96,b,,,,
5/14/2019,5,14,2019,7.58,96,b,,,,
5/15/2019,5,15,2019,7.59,96,b,,,,
5/16/2019,5,16,2019,7.32,96,b,,,,
5/17/2019,5,17,2019,7.50,96,b,,,,
5/18/2019,5,18,2019,7.52,40,b,,,,
5/19/2019,5,19,2019,na,na,na,,,,
5/20/2019,5,20,2019,na,na,na,,,,
5/21/2019,5,21,2019,na,na,na,,,,
5/22/2019,5,22,2019,na,na,na,,,,
5/23/2019,5,23,2019,na,na,na,,,,
5/24/2019,5,24,2019,na,na,na,,,,
5/25/2019,5,25,2019,na,na,na,,,,
5/26/2019,5,26,2019,na,na,na,,,,
5/27/2019,5,27,2019,na,na,na,,,,
5/28/2019,5,28,2019,na,na,na,,,,
5/29/2019,5,29,2019,na,na,na,,,,
5/30/2019,5,30,2019,na,na,na,,,,
5/31/2019,5,31,2019,na,na,na,,,,
6/1/2019,6,1,2019,na,na,na,,,,
6/2/2019,6,2,2019,na,na,na,,,,
6/3/2019,6,3,2019,na,na,na,,,,
6/4/2019,6,4,2019,na,na,na,,,,
06/05/19,6,5,2019,10.58,55,a,,,,
06/06/19,6,6,2019,9.82,89,a,,,,
06/07/19,6,7,2019,10.15,92,a,,,,
06/08/19,6,8,2019,10.05,96,a,,,,
06/09/19,6,9,2019,9.69,96,a,,,,
06/10/19,6,10,2019,9.87,96,a,,,,
06/11/19,6,11,2019,9.67,96,a,,,,
06/12/19,6,12,2019,9.61,96,a,,,,
06/13/19,6,13,2019,9.79,96,a,,,,
06/14/19,6,14,2019,9.31,96,a,,,,
06/15/19,6,15,2019,9.25,96,a,,,,
06/16/19,6,16,2019,9.40,96,a,,,,
06/17/19,6,17,2019,9.01,96,a,,,,
06/18/19,6,18,2019,9.71,96,a,,,,
06/19/19,6,19,2019,10.74,96,a,,,,
06/20/19,6,20,2019,10.31,96,a,,,,
06/21/19,6,21,2019,9.11,96,a,,,,
06/22/19,6,22,2019,9.62,96,a,,,,
06/23/19,6,23,2019,10.18,96,a,,,,
06/24/19,6,24,2019,11.33,96,a,,,,
06/25/19,6,25,2019,11.41,96,a,,,,
06/26/19,6,26,2019,11.87,96,a,,,,
06/27/19,6,27,2019,12.27,96,a,,,,
06/28/19,6,28,2019,12.99,96,a,,,,
06/29/19,6,29,2019,13.30,96,a,,,,
06/30/19,6,30,2019,13.43,96,a,,,,
07/01/19,7,1,2019,12.95,96,a,,,,
07/02/19,7,2,2019,13.44,96,a,,,,
07/03/19,7,3,2019,13.03,96,a,,,,
07/04/19,7,4,2019,12.84,88,a,,,,
07/05/19,7,5,2019,12.76,92,a,,,,
07/06/19,7,6,2019,12.44,91,a,,,,
07/07/19,7,7,2019,12.50,96,a,,,,
07/08/19,7,8,2019,12.65,96,a,,,,
07/09/19,7,9,2019,12.15,96,a,,,,
07/10/19,7,10,2019,12.30,96,a,,,,
07/11/19,7,11,2019,12.69,96,a,,,,
07/12/19,7,12,2019,12.73,96,a,,,,
07/13/19,7,13,2019,12.30,96,a,,,,
07/14/19,7,14,2019,11.67,96,a,,,,
07/15/19,7,15,2019,12.01,96,a,,,,
07/16/19,7,16,2019,11.91,96,a,,,,
07/17/19,7,17,2019,12.55,96,a,,,,
07/18/19,7,18,2019,13.16,96,a,,,,
07/19/19,7,19,2019,13.13,96,a,,,,
07/20/19,7,20,2019,12.76,96,a,,,,
07/21/19,7,21,2019,13.38,96,a,,,,
07/22/19,7,22,2019,13.44,96,a,,,,
07/23/19,7,23,2019,13.53,96,a,,,,
07/24/19,7,24,2019,14.01,96,a,,,,
07/25/19,7,25,2019,13.87,96,a,,,,
07/26/19,7,26,2019,14.29,96,a,,,,
07/27/19,7,27,2019,13.88,96,a,,,,
07/28/19,7,28,2019,13.83,96,a,,,,
07/29/19,7,29,2019,13.54,96,a,,,,
07/30/19,7,30,2019,13.80,96,a,,,,
07/31/19,7,31,2019,13.70,96,a,,,,
08/01/19,8,1,2019,13.97,96,a,,,,
08/02/19,8,2,2019,13.49,89,a,,,,
08/03/19,8,3,2019,13.33,88,a,,,,
08/04/19,8,4,2019,13.58,91,a,,,,
08/05/19,8,5,2019,13.70,96,a,,,,
08/06/19,8,6,2019,13.68,96,a,,,,
08/07/19,8,7,2019,13.76,96,a,,,,
08/08/19,8,8,2019,14.58,96,a,,,,
08/09/19,8,9,2019,14.66,96,a,,,,
08/10/19,8,10,2019,14.73,96,a,,,,
08/11/19,8,11,2019,14.28,96,a,,,,
08/12/19,8,12,2019,14.25,96,a,,,,
08/13/19,8,13,2019,14.36,96,a,,,,
08/14/19,8,14,2019,14.22,96,a,,,,
08/15/19,8,15,2019,14.26,96,a,,,,
08/16/19,8,16,2019,14.34,96,a,,,,
08/17/19,8,17,2019,14.49,96,a,,,,
08/18/19,8,18,2019,14.30,96,a,,,,
08/19/19,8,19,2019,14.19,96,a,,,,
08/20/19,8,20,2019,13.86,96,a,,,,
08/21/19,8,21,2019,13.94,96,a,,,,
08/22/19,8,22,2019,13.60,96,a,,,,
08/23/19,8,23,2019,13.56,96,a,,,,
08/24/19,8,24,2019,14.07,96,a,,,,
08/25/19,8,25,2019,14.25,96,a,,,,
08/26/19,8,26,2019,13.84,96,a,,,,
08/27/19,8,27,2019,13.88,96,a,,,,
08/28/19,8,28,2019,13.98,96,a,,,,
08/29/19,8,29,2019,13.87,96,a,,,,
08/30/19,8,30,2019,13.29,96,a,,,,
08/31/19,8,31,2019,13.19,96,a,,,,
09/01/19,9,1,2019,13.00,96,a,,,,
09/02/19,9,2,2019,12.84,96,a,,,,
09/03/19,9,3,2019,12.72,96,a,,,,
09/04/19,9,4,2019,12.59,96,a,,,,
09/05/19,9,5,2019,12.47,96,a,,,,
09/06/19,9,6,2019,12.42,96,a,,,,
09/07/19,9,7,2019,12.14,96,a,,,,
09/08/19,9,8,2019,12.24,96,a,,,,
09/09/19,9,9,2019,12.48,96,a,,,,
09/10/19,9,10,2019,12.41,96,a,,,,
09/11/19,9,11,2019,12.16,96,a,,,,
09/12/19,9,12,2019,12.004,96,a,,,,
09/13/19,9,13,2019,11.797,96,a,,,,
09/14/19,9,14,2019,11.714,96,a,,,,
09/15/19,9,15,2019,11.867,96,a,,,,
09/16/19,9,16,2019,11.929,96,a,,,,
09/17/19,9,17,2019,11.767,96,a,,,,
09/18/19,9,18,2019,11.813,96,a,,,,
09/19/19,9,19,2019,11.756,96,a,,,,
09/20/19,9,20,2019,11.64,96,a,,,,
09/21/19,9,21,2019,11.216,96,a,,,,
09/22/19,9,22,2019,11.053,96,a,,,,
09/23/19,9,23,2019,11.122,96,a,,,,
09/24/19,9,24,2019,10.919,96,a,,,,
09/25/19,9,25,2019,10.692,96,a,,,,
09/26/19,9,26,2019,10.657,96,a,,,,
09/27/19,9,27,2019,10.744,96,a,,,,
09/28/19,9,28,2019,10.813,96,a,,,,
09/29/19,9,29,2019,10.944,96,a,,,,
9/30/2019,9,30,2019,10.805,96,a,,,,
10/1/2019,10,1,2019,10.298,96,b,,,,
10/2/2019,10,2,2019,10.091,96,b,,,,
10/3/2019,10,3,2019,10.206,96,b,,,,
10/4/2019,10,4,2019,10.192,96,b,,,,
10/5/2019,10,5,2019,10.187,96,b,,,,
10/6/2019,10,6,2019,9.762,96,b,,,,
10/7/2019,10,7,2019,9.672,96,b,,,,
10/8/2019,10,8,2019,9.785,96,b,,,,
10/9/2019,10,9,2019,9.726,96,b,,,,
10/10/2019,10,10,2019,9.54,96,b,,,,
10/11/2019,10,11,2019,9.105,96,b,,,,
10/12/2019,10,12,2019,8.85,96,b,,,,
10/13/2019,10,13,2019,8.927,96,b,,,,
10/14/2019,10,14,2019,9.027,96,b,,,,
10/15/2019,10,15,2019,8.913,96,b,,,,
10/16/2019,10,16,2019,8.85,96,b,,,,
10/17/2019,10,17,2019,8.872,96,b,,,,
10/18/2019,10,18,2019,8.714,96,b,,,,
10/19/2019,10,19,2019,8.698,96,b,,,,
10/20/2019,10,20,2019,8.754,96,b,,,,
10/21/2019,10,21,2019,8.697,96,b,,,,
10/22/2019,10,22,2019,8.51,96,b,,,,
10/23/2019,10,23,2019,8.536,96,b,,,,
10/24/2019,10,24,2019,8.278,96,b,,,,
10/25/2019,10,25,2019,8.039,96,b,,,,
10/26/2019,10,26,2019,8.269,96,b,,,,
10/27/2019,10,27,2019,8.563,96,b,,,,
10/28/2019,10,28,2019,8.74,96,b,,,,
10/29/2019,10,29,2019,8.637,96,b,,,,
10/30/2019,10,30,2019,8.633,96,b,,,,
10/31/2019,10,31,2019,8.527,96,b,,,,
11/1/2019,11,1,2019,8.417,96,b,,,,
11/2/2019,11,2,2019,8.458,96,b,,,,
11/3/2019,11,3,2019,8.429,96,b,,,,
11/4/2019,11,4,2019,8.411,96,b,,,,
11/5/2019,11,5,2019,8.403,96,b,,,,
11/6/2019,11,6,2019,8.453,96,b,,,,
11/7/2019,11,7,2019,8.465,96,b,,,,
11/8/2019,11,8,2019,8.49,96,b,,,,
11/9/2019,11,9,2019,8.488,96,b,,,,
11/10/2019,11,10,2019,8.448,96,b,,,,
11/11/2019,11,11,2019,8.269,96,b,,,,
11/12/2019,11,12,2019,8.189,96,b,,,,
11/13/2019,11,13,2019,8.181,96,b,,,,
11/14/2019,11,14,2019,8.149,96,b,,,,
11/15/2019,11,15,2019,8.045,96,b,,,,
11/16/2019,11,16,2019,8.009,96,b,,,,
11/17/2019,11,17,2019,8.027,96,b,,,,
11/18/2019,11,18,2019,7.508,96,b,,,,
11/19/2019,11,19,2019,7.65,96,b,,,,
11/20/2019,11,20,2019,7.454,96,b,,,,
11/21/2019,11,21,2019,7.359,96,b,,,,
11/22/2019,11,22,2019,7.184,96,b,,,,
11/23/2019,11,23,2019,6.821,96,b,,,,
11/24/2019,11,24,2019,6.158,96,b,,,,
11/25/2019,11,25,2019,5.454,96,b,,,,
11/26/2019,11,26,2019,5.57,96,b,,,,
11/27/2019,11,27,2019,5.892,96,b,,,,
11/28/2019,11,28,2019,6.448,96,b,,,,
11/29/2019,11,29,2019,6.833,96,b,,,,
11/30/2019,11,30,2019,6.906,96,b,,,,
12/1/2019,12,1,2019,6.574,96,b,,,,
12/2/2019,12,2,2019,5.781,96,b,,,,
12/3/2019,12,3,2019,5.158,96,b,,,,
12/4/2019,12,4,2019,4.676,96,b,,,,
12/5/2019,12,5,2019,4.805,96,b,,,,
12/6/2019,12,6,2019,5.253,96,b,,,,
12/7/2019,12,7,2019,5.446,96,b,,,,
12/8/2019,12,8,2019,5.466,96,b,,,,
12/9/2019,12,9,2019,5.687,96,b,,,,
12/10/2019,12,10,2019,5.785,96,b,,,,
12/11/2019,12,11,2019,6.047,96,b,,,,
12/12/2019,12,12,2019,6.212,96,b,,,,
12/13/2019,12,13,2019,6.262,96,b,,,,
12/14/2019,12,14,2019,6.234,96,b,,,,
12/15/2019,12,15,2019,6.22,96,b,,,,
12/16/2019,12,16,2019,6.231,96,b,,,,
12/17/2019,12,17,2019,6.211,96,b,,,,
12/18/2019,12,18,2019,6.118,96,b,,,,
12/19/2019,12,19,2019,5.623,96,b,,,,
12/20/2019,12,20,2019,4.864,96,b,,,,
12/21/2019,12,21,2019,4.864,96,b,,,,
12/22/2019,12,22,2019,4.814,96,b,,,,
12/23/2019,12,23,2019,4.947,96,b,,,,
12/24/2019,12,24,2019,4.765,96,b,,,,
12/25/2019,12,25,2019,4.634,96,b,,,,
12/26/2019,12,26,2019,4.141,96,b,,,,
12/27/2019,12,27,2019,3.728,96,b,,,,
12/28/2019,12,28,2019,3.6,96,b,,,,
12/29/2019,12,29,2019,3.72,96,b,,,,
12/30/2019,12,30,2019,3.844,96,b,,,,
12/31/2019,12,31,2019,3.891,96,b,,,,
1/1/2020,1,1,2020,2.762,96,b,,,,
1/2/2020,1,2,2020,2.082,96,b,,,,
1/3/2020,1,3,2020,2.617,96,b,,,,
1/4/2020,1,4,2020,2.253,96,b,,,,
1/5/2020,1,5,2020,1.816,96,b,,,,
1/6/2020,1,6,2020,2.069,96,b,,,,
1/7/2020,1,7,2020,2.56,96,b,,,,
1/8/2020,1,8,2020,2.377,96,b,,,,
1/9/2020,1,9,2020,2.841,96,b,,,,
1/10/2020,1,10,2020,2.413,96,b,,,,
1/11/2020,1,11,2020,2.952,96,b,,,,
1/12/2020,1,12,2020,3.52,96,b,,,,
1/13/2020,1,13,2020,3.614,96,b,,,,
1/14/2020,1,14,2020,3.25,96,b,,,,
1/15/2020,1,15,2020,2.699,96,b,,,,
1/16/2020,1,16,2020,2.551,96,b,,,,
1/17/2020,1,17,2020,2.757,96,b,,,,
1/18/2020,1,18,2020,2.83,96,b,,,,
1/19/2020,1,19,2020,2.937,96,b,,,,
1/20/2020,1,20,2020,3.045,96,b,,,,
1/21/2020,1,21,2020,3.065,96,b,,,,
1/22/2020,1,22,2020,2.777,96,b,,,,
1/23/2020,1,23,2020,2.613,96,b,,,,
1/24/2020,1,24,2020,2.233,96,b,,,,
1/25/2020,1,25,2020,1.696,96,b,,,,
1/26/2020,1,26,2020,1.939,96,b,,,,
1/27/2020,1,27,2020,2.191,96,b,,,,
1/28/2020,1,28,2020,2.023,96,b,,,,
1/29/2020,1,29,2020,1.724,96,b,,,,
1/30/2020,1,30,2020,1.017,96,b,,,,
1/31/2020,1,31,2020,1.481,96,b,,,,
2/1/2020,2,1,2020,1.259,96,b,,,,
2/2/2020,2,2,2020,1.126,96,b,,,,
2/3/2020,2,3,2020,1.495,96,b,,,,
2/4/2020,2,4,2020,2.047,96,b,,,,
2/5/2020,2,5,2020,2.212,96,b,,,,
2/6/2020,2,6,2020,2.218,96,b,,,,
2/7/2020,2,7,2020,2.194,96,b,,,,
2/8/2020,2,8,2020,2.54,96,b,,,,
2/9/2020,2,9,2020,2.324,96,b,,,,
2/10/2020,2,10,2020,2.458,96,b,,,,
2/11/2020,2,11,2020,2.358,96,b,,,,
2/12/2020,2,12,2020,2.696,96,b,,,,
2/13/2020,2,13,2020,2.431,96,b,,,,
2/14/2020,2,14,2020,2.615,96,b,,,,
2/15/2020,2,15,2020,2.931,96,b,,,,
2/16/2020,2,16,2020,2.874,96,b,,,,
2/17/2020,2,17,2020,2.922,96,b,,,,
2/18/2020,2,18,2020,2.85,96,b,,,,
2/19/2020,2,19,2020,2.558,96,b,,,,
2/20/2020,2,20,2020,2.794,96,b,,,,
2/21/2020,2,21,2020,2.457,96,b,,,,
2/22/2020,2,22,2020,1.776,96,b,,,,
2/23/2020,2,23,2020,1.849,96,b,,,,
2/24/2020,2,24,2020,1.704,96,b,,,,
2/25/2020,2,25,2020,2.079,96,b,,,,
2/26/2020,2,26,2020,2.378,96,b,,,,
2/27/2020,2,27,2020,2.847,96,b,,,,
2/28/2020,2,28,2020,2.63,96,b,,,,
2/29/2020,2,29,2020,2.934,96,b,,,,
3/1/2020,3,1,2020,2.997,96,b,,,,
3/2/2020,3,2,2020,2.792,96,b,,,,
3/3/2020,3,3,2020,2.324,96,b,,,,
3/4/2020,3,4,2020,1.741,96,b,,,,
3/5/2020,3,5,2020,1.312,96,b,,,,
3/6/2020,3,6,2020,1.905,96,b,,,,
3/7/2020,3,7,2020,2.603,96,b,,,,
3/8/2020,3,8,2020,3.124,96,b,,,,
3/9/2020,3,9,2020,3.266,96,b,,,,
3/10/2020,3,10,2020,2.678,96,b,,,,
3/11/2020,3,11,2020,2.426,96,b,,,,
3/12/2020,3,12,2020,2.543,96,b,,,,
3/13/2020,3,13,2020,3.067,96,b,,,,
3/14/2020,3,14,2020,3.265,96,b,,,,
3/15/2020,3,15,2020,3.302,96,b,,,,
3/16/2020,3,16,2020,3.503,96,b,,,,
3/17/2020,3,17,2020,3.77,96,b,,,,
3/18/2020,3,18,2020,3.673,96,b,,,,
3/19/2020,3,19,2020,3.726,96,b,,,,
3/20/2020,3,20,2020,3.552,96,b,,,,
3/21/2020,3,21,2020,3.702,96,b,,,,
3/22/2020,3,22,2020,3.436,96,b,,,,
3/23/2020,3,23,2020,3.634,96,b,,,,
3/24/2020,3,24,2020,3.842,96,b,,,,
3/25/2020,3,25,2020,4.028,96,b,,,,
3/26/2020,3,26,2020,4.222,96,b,,,,
3/27/2020,3,27,2020,4.241,96,b,,,,
3/28/2020,3,28,2020,3.973,96,b,,,,
3/29/2020,3,29,2020,3.792,96,b,,,,
3/30/2020,3,30,2020,3.585,96,b,,,,
3/31/2020,3,31,2020,3.603,96,b,,,,
4/1/2020,4,1,2020,3.673,96,b,,,,
4/2/2020,4,2,2020,3.865,96,b,,,,
4/3/2020,4,3,2020,4.103,96,b,,,,
4/4/2020,4,4,2020,4.304,96,b,,,,
4/5/2020,4,5,2020,4.298,96,b,,,,
4/6/2020,4,6,2020,3.673,96,b,,,,
4/7/2020,4,7,2020,3.71,96,b,,,,
4/8/2020,4,8,2020,3.498,96,b,,,,
4/9/2020,4,9,2020,3.658,96,b,,,,
4/10/2020,4,10,2020,3.911,96,b,,,,
4/11/2020,4,11,2020,4.053,96,b,,,,
4/12/2020,4,12,2020,4.152,96,b,,,,
4/13/2020,4,13,2020,4.242,96,b,,,,
4/14/2020,4,14,2020,4.33,96,b,,,,
4/15/2020,4,15,2020,4.511,96,b,,,,
4/16/2020,4,16,2020,4.825,96,b,,,,
4/17/2020,4,17,2020,5.024,96,b,,,,
4/18/2020,4,18,2020,5.054,96,b,,,,
4/19/2020,4,19,2020,4.943,96,b,,,,
4/20/2020,4,20,2020,4.785,96,b,,,,
4/21/2020,4,21,2020,4.737,96,b,,,,
4/22/2020,4,22,2020,4.893,96,b,,,,
4/23/2020,4,23,2020,4.939,96,b,,,,
4/24/2020,4,24,2020,4.832,96,b,,,,
4/25/2020,4,25,2020,4.821,96,b,,,,
4/26/2020,4,26,2020,5.052,96,b,,,,
4/27/2020,4,27,2020,5.386,96,b,,,,
4/28/2020,4,28,2020,5.614,96,b,,,,
4/29/2020,4,29,2020,5.87,96,b,,,,
4/30/2020,4,30,2020,6.109,96,b,,,,
5/1/2020,5,1,2020,6.172,96,b,,,,
5/2/2020,5,2,2020,6.103,96,b,,,,
5/3/2020,5,3,2020,6.337,96,b,,,,
5/4/2020,5,4,2020,6.181,96,b,,,,
5/5/2020,5,5,2020,5.794,96,b,,,,
5/6/2020,5,6,2020,5.703,96,b,,,,
5/7/2020,5,7,2020,5.616,96,b,,,,
5/8/2020,5,8,2020,5.578,96,b,,,,
5/9/2020,5,9,2020,5.555,96,b,,,,
5/10/2020,5,10,2020,5.71255,48,a,,,,
5/11/2020,5,11,2020,na,na,,,,,
5/12/2020,5,12,2020,na,na,,,,,
5/13/2020,5,13,2020,na,na,,,,,
5/14/2020,5,14,2020,na,na,,,,,
5/15/2020,5,15,2020,na,na,,,,,
5/16/2020,5,16,2020,na,na,,,,,
5/17/2020,5,17,2020,na,na,,,,,
5/18/2020,5,18,2020,na,na,,,,,
5/19/2020,5,19,2020,na,na,,,,,
5/20/2020,5,20,2020,na,na,,,,,
5/21/2020,5,21,2020,na,na,,,,,
5/22/2020,5,22,2020,na,na,,,,,
5/23/2020,5,23,2020,na,na,,,,,
5/24/2020,5,24,2020,na,na,,,,,
5/25/2020,5,25,2020,na,na,,,,,
5/26/2020,5,26,2020,na,na,,,,,
5/27/2020,5,27,2020,na,na,,,,,
5/28/2020,5,28,2020,na,na,,,,,
5/29/2020,5,29,2020,na,na,,,,,
5/30/2020,5,30,2020,na,na,,,,,
5/31/2020,5,31,2020,na,na,,,,,
6/1/2020,6,1,2020,na,na,,,,,
6/2/2020,6,2,2020,na,na,,,,,
6/3/2020,6,3,2020,na,na,,,,,
6/4/2020,6,4,2020,na,na,,,,,
6/5/2020,6,5,2020,na,na,,,,,
6/6/2020,6,6,2020,8.238,na,,,,,
6/7/2020,6,7,2020,8.442,na,,,,,
6/8/2020,6,8,2020,8.77,na,,,,,
6/9/2020,6,9,2020,8.425,na,,,,,
6/10/2020,6,10,2020,8.912,na,,,,,
6/11/2020,6,11,2020,9.406,na,,,,,
6/12/2020,6,12,2020,9.844,na,,,,,
6/13/2020,6,13,2020,10.337,na,,,,,
6/14/2020,6,14,2020,9.995,na,,,,,
6/15/2020,6,15,2020,10.228,na,,,,,
6/16/2020,6,16,2020,9.292,na,,,,,
6/17/2020,6,17,2020,8.693,na,,,,,
6/18/2020,6,18,2020,9.272,na,,,,,
6/19/2020,6,19,2020,9.49,na,,,,,
6/20/2020,6,20,2020,9.172,na,,,,,
6/21/2020,6,21,2020,9.112,na,,,,,
6/22/2020,6,22,2020,9.189,na,,,,,
6/23/2020,6,23,2020,9.261,na,,,,,
6/24/2020,6,24,2020,9.458,na,,,,,
6/25/2020,6,25,2020,8.877,na,,,,,
6/26/2020,6,26,2020,9.337,na,,,,,
6/27/2020,6,27,2020,9.53,na,,,,,
6/28/2020,6,28,2020,9.789,na,,,,,
6/29/2020,6,29,2020,9.904,na,,,,,
6/30/2020,6,30,2020,10.324,na,,,,,
7/1/2020,7,1,2020,10.6,na,,,,,
7/2/2020,7,2,2020,10.521,na,,,,,
7/3/2020,7,3,2020,10.598,na,,,,,
7/4/2020,7,4,2020,11.082,na,,,,,
7/5/2020,7,5,2020,10.89,na,,,,,
7/6/2020,7,6,2020,10.399,na,,,,,
7/7/2020,7,7,2020,10.379,na,,,,,
7/8/2020,7,8,2020,10.511,na,,,,,
7/9/2020,7,9,2020,11.116,na,,,,,
7/10/2020,7,10,2020,11.464,na,,,,,
7/11/2020,7,11,2020,11.211,na,,,,,
7/12/2020,7,12,2020,11.208,na,,,,,
7/13/2020,7,13,2020,11.013,na,,,,,
7/14/2020,7,14,2020,11.427,na,,,,,
7/15/2020,7,15,2020,12.071,na,,,,,
7/16/2020,7,16,2020,12.244,na,,,,,
7/17/2020,7,17,2020,12.018,na,,,,,
7/18/2020,7,18,2020,12.199,na,,,,,
7/19/2020,7,19,2020,11.92,na,,,,,
7/20/2020,7,20,2020,12.166,na,,,,,
7/21/2020,7,21,2020,12.563,na,,,,,
7/22/2020,7,22,2020,12.47,na,,,,,
7/23/2020,7,23,2020,12.532,na,,,,,
7/24/2020,7,24,2020,12.366,na,,,,,
7/25/2020,7,25,2020,12.073,na,,,,,
7/26/2020,7,26,2020,12.224,na,,,,,
7/27/2020,7,27,2020,12.431,na,,,,,
7/28/2020,7,28,2020,12.682,na,,,,,
7/29/2020,7,29,2020,12.929,na,,,,,
7/30/2020,7,30,2020,12.977,na,,,,,
7/31/2020,7,31,2020,12.436,na,,,,,
8/1/2020,8,1,2020,12.314,na,,,,,
8/2/2020,8,2,2020,12.554,na,,,,,
8/3/2020,8,3,2020,12.431,na,,,,,
8/4/2020,8,4,2020,11.78,na,,,,,
8/5/2020,8,5,2020,12.373,na,,,,,
8/6/2020,8,6,2020,12.55,na,,,,,
8/7/2020,8,7,2020,12.369,na,,,,,
8/8/2020,8,8,2020,11.942,na,,,,,
8/9/2020,8,9,2020,12.105,na,,,,,
8/10/2020,8,10,2020,12.354,na,,,,,
8/11/2020,8,11,2020,12.75,na,,,,,
8/12/2020,8,12,2020,12.719,na,,,,,
8/13/2020,8,13,2020,12.654,na,,,,,
8/14/2020,8,14,2020,12.647,na,,,,,
8/15/2020,8,15,2020,13.42,na,,,,,
8/16/2020,8,16,2020,13.489,na,,,,,
8/17/2020,8,17,2020,13.697,na,,,,,
8/18/2020,8,18,2020,13.495,na,,,,,
8/19/2020,8,19,2020,12.965,na,,,,,
8/20/2020,8,20,2020,12.77,na,,,,,
8/21/2020,8,21,2020,12.726,na,,,,,
8/22/2020,8,22,2020,12.614,na,,,,,
8/23/2020,8,23,2020,12.506,na,,,,,
8/24/2020,8,24,2020,12.55,na,,,,,
8/25/2020,8,25,2020,12.609,na,,,,,
8/26/2020,8,26,2020,12.732,na,,,,,
8/27/2020,8,27,2020,12.738,na,,,,,
8/28/2020,8,28,2020,12.772,na,,,,,
8/29/2020,8,29,2020,12.599,na,,,,,
8/30/2020,8,30,2020,12.19,na,,,,,
8/31/2020,8,31,2020,12.024,na,,,,,
9/1/2020,9,1,2020,12.191,na,,,,,
9/2/2020,9,2,2020,12.322,na,,,,,
9/3/2020,9,3,2020,12.104,na,,,,,
9/4/2020,9,4,2020,12.117,na,,,,,
9/5/2020,9,5,2020,11.84,na,,,,,
9/6/2020,9,6,2020,11.537,na,,,,,
9/7/2020,9,7,2020,11.627,na,,,,,
9/8/2020,9,8,2020,11.709,na,,,,,
9/9/2020,9,9,2020,11.938,na,,,,,
9/10/2020,9,10,2020,11.961,na,,,,,
9/11/2020,9,11,2020,11.932,na,,,,,
9/12/2020,9,12,2020,11.926,na,,,,,
9/13/2020,9,13,2020,11.96,na,,,,,
9/14/2020,9,14,2020,12.107,na,,,,,
9/15/2020,9,15,2020,12.08,na,,,,,
9/16/2020,9,16,2020,12.08,na,,,,,
9/17/2020,9,17,2020,11.624,na,,,,,
9/18/2020,9,18,2020,11.552,na,,,,,
9/19/2020,9,19,2020,11.144,na,,,,,
9/20/2020,9,20,2020,11.172,na,,,,,
9/21/2020,9,21,2020,10.879,na,,,,,
9/22/2020,9,22,2020,10.768,na,,,,,
9/23/2020,9,23,2020,10.76,na,,,,,
9/24/2020,9,24,2020,10.849,na,,,,,
9/25/2020,9,25,2020,10.967,na,,,,,
9/26/2020,9,26,2020,10.922,na,,,,,
9/27/2020,9,27,2020,10.707,na,,,,,
9/28/2020,9,28,2020,10.633,na,,,,,
9/29/2020,9,29,2020,10.321,na,,,,,
9/30/2020,9,30,2020,10.288,na,,,,,
10/1/2020,10,1,2020,10.24,na,,,,,
10/2/2020,10,2,2020,10.232,na,,,,,
10/3/2020,10,3,2020,10.163,na,,,,,
10/4/2020,10,4,2020,10.055,na,,,,,
10/5/2020,10,5,2020,9.766,na,,,,,
10/6/2020,10,6,2020,9.724,na,,,,,
10/7/2020,10,7,2020,9.655,na,,,,,
10/8/2020,10,8,2020,9.697,na,,,,,
10/9/2020,10,9,2020,9.786,na,,,,,
10/10/2020,10,10,2020,9.815,na,,,,,
10/11/2020,10,11,2020,9.472,na,,,,,
10/12/2020,10,12,2020,9.096,na,,,,,
10/13/2020,10,13,2020,9.312,na,,,,,
10/14/2020,10,14,2020,9.063,na,,,,,
10/15/2020,10,15,2020,8.96,na,,,,,
10/16/2020,10,16,2020,8.693,na,,,,,
10/17/2020,10,17,2020,8.604,na,,,,,
10/18/2020,10,18,2020,8.338,na,,,,,
10/19/2020,10,19,2020,8.099,na,,,,,
10/20/2020,10,20,2020,7.993,na,,,,,
10/21/2020,10,21,2020,7.593,na,,,,,
10/22/2020,10,22,2020,7.566,na,,,,,
10/23/2020,10,23,2020,7.585,na,,,,,
10/24/2020,10,24,2020,7.682,na,,,,,
10/25/2020,10,25,2020,7.733,na,,,,,
10/26/2020,10,26,2020,7.677,na,,,,,
10/27/2020,10,27,2020,7.422,na,,,,,
10/28/2020,10,28,2020,7.127,na,,,,,
10/29/2020,10,29,2020,7.181,na,,,,,
10/30/2020,10,30,2020,7.022,na,,,,,
10/31/2020,10,31,2020,6.545,na,,,,,
11/1/2020,11,1,2020,6.007,na,,,,,
11/2/2020,11,2,2020,5.625,na,,,,,
11/3/2020,11,3,2020,5.261,na,,,,,
11/4/2020,11,4,2020,5.276,na,,,,,
11/5/2020,11,5,2020,5.429,na,,,,,
11/6/2020,11,6,2020,5.718,na,,,,,
11/7/2020,11,7,2020,5.978,na,,,,,
11/8/2020,11,8,2020,6.187,na,,,,,
11/9/2020,11,9,2020,5.722,na,,,,,
11/10/2020,11,10,2020,5.709,na,,,,,
11/11/2020,11,11,2020,5.826,na,,,,,
11/12/2020,11,12,2020,5.85,na,,,,,
11/13/2020,11,13,2020,5.592,na,,,,,
11/14/2020,11,14,2020,5.415,na,,,,,
11/15/2020,11,15,2020,5.543,na,,,,,
11/16/2020,11,16,2020,5.316,na,,,,,
11/17/2020,11,17,2020,5.394,na,,,,,
11/18/2020,11,18,2020,5.404,na,,,,,
11/19/2020,11,19,2020,5.542,na,,,,,
11/20/2020,11,20,2020,5.473,na,,,,,
11/21/2020,11,21,2020,5.486,na,,,,,
11/22/2020,11,22,2020,5.065,na,,,,,
11/23/2020,11,23,2020,5.318,na,,,,,
11/24/2020,11,24,2020,5.173,na,,,,,
11/25/2020,11,25,2020,5.373,na,,,,,
11/26/2020,11,26,2020,5.257,na,,,,,
11/27/2020,11,27,2020,4.796,na,,,,,
11/28/2020,11,28,2020,4.899,na,,,,,
11/29/2020,11,29,2020,4.826,na,,,,,
11/30/2020,11,30,2020,4.805,na,,,,,
12/1/2020,12,1,2020,5.329,na,,,,,
12/2/2020,12,2,2020,5.096,na,,,,,
12/3/2020,12,3,2020,4.566,na,,,,,
12/4/2020,12,4,2020,4.643,na,,,,,
12/5/2020,12,5,2020,4.259,na,,,,,
12/6/2020,12,6,2020,4.306,na,,,,,
12/7/2020,12,7,2020,4.693,na,,,,,
12/8/2020,12,8,2020,4.655,na,,,,,
12/9/2020,12,9,2020,4.395,na,,,,,
12/10/2020,12,10,2020,4.099,na,,,,,
12/11/2020,12,11,2020,3.93,na,,,,,
12/12/2020,12,12,2020,4.579,na,,,,,
12/13/2020,12,13,2020,4.874,na,,,,,
12/14/2020,12,14,2020,4.862,na,,,,,
12/15/2020,12,15,2020,4.719,na,,,,,
12/16/2020,12,16,2020,4.506,na,,,,,
12/17/2020,12,17,2020,5.037,na,,,,,
12/18/2020,12,18,2020,4.838,na,,,,,
12/19/2020,12,19,2020,4.65,na,,,,,
12/20/2020,12,20,2020,4.531,na,,,,,
12/21/2020,12,21,2020,4.409,na,,,,,
12/22/2020,12,22,2020,4.666,na,,,,,
12/23/2020,12,23,2020,4.3,na,,,,,
12/24/2020,12,24,2020,4.318,na,,,,,
12/25/2020,12,25,2020,4.83,na,,,,,
12/26/2020,12,26,2020,4.444,na,,,,,
12/27/2020,12,27,2020,4.521,na,,,,,
12/28/2020,12,28,2020,4.538,na,,,,,
12/29/2020,12,29,2020,4.831,na,,,,,
12/30/2020,12,30,2020,4.816,na,,,,,
12/31/2020,12,31,2020,4.731,na,,,,,
1/1/2021,1,1,2021,4.957,na,,,,,
1/2/2021,1,2,2021,4.803,na,,,,,
1/3/2021,1,3,2021,4.632,na,,,,,
1/4/2021,1,4,2021,4.496,na,,,,,
1/5/2021,1,5,2021,4.838,na,,,,,
1/6/2021,1,6,2021,4.749,na,,,,,
1/7/2021,1,7,2021,4.739,na,,,,,
1/8/2021,1,8,2021,4.697,na,,,,,
1/9/2021,1,9,2021,4.475,na,,,,,
1/10/2021,1,10,2021,4.747,na,,,,,
1/11/2021,1,11,2021,4.59,na,,,,,
1/12/2021,1,12,2021,4.618,na,,,,,
1/13/2021,1,13,2021,4.496,na,,,,,
1/14/2021,1,14,2021,4.539,na,,,,,
1/15/2021,1,15,2021,4.569,na,,,,,
1/16/2021,1,16,2021,4.75,na,,,,,
1/17/2021,1,17,2021,4.75,na,,,,,
1/18/2021,1,18,2021,4.794,na,,,,,
1/19/2021,1,19,2021,4.252,na,,,,,
1/20/2021,1,20,2021,4.446,na,,,,,
1/21/2021,1,21,2021,4.415,na,,,,,
1/22/2021,1,22,2021,4.616,na,,,,,
1/23/2021,1,23,2021,4.612,na,,,,,
1/24/2021,1,24,2021,4.262,na,,,,,
1/25/2021,1,25,2021,4.214,na,,,,,
1/26/2021,1,26,2021,4.166,na,,,,,
1/27/2021,1,27,2021,4.2,na,,,,,
1/28/2021,1,28,2021,3.896,na,,,,,
1/29/2021,1,29,2021,3.84,na,,,,,
1/30/2021,1,30,2021,3.457,na,,,,,
1/31/2021,1,31,2021,3.436,na,,,,,
2/1/2021,2,1,2021,3.416,na,,,,,
2/2/2021,2,2,2021,3.301,na,,,,,
2/3/2021,2,3,2021,3.57,na,,,,,
2/4/2021,2,4,2021,3.698,na,,,,,
2/5/2021,2,5,2021,3.519,na,,,,,
2/6/2021,2,6,2021,3.664,na,,,,,
2/7/2021,2,7,2021,3.67,na,,,,,
2/8/2021,2,8,2021,3.835,na,,,,,
2/9/2021,2,9,2021,3.853,na,,,,,
2/10/2021,2,10,2021,3.726,na,,,,,
2/11/2021,2,11,2021,3.728,na,,,,,
2/12/2021,2,12,2021,3.653,na,,,,,
2/13/2021,2,13,2021,3.607,na,,,,,
2/14/2021,2,14,2021,3.945,na,,,,,
2/15/2021,2,15,2021,4.103,na,,,,,
2/16/2021,2,16,2021,3.956,na,,,,,
2/17/2021,2,17,2021,3.986,na,,,,,
2/18/2021,2,18,2021,3.954,na,,,,,
2/19/2021,2,19,2021,3.723,na,,,,,
2/20/2021,2,20,2021,3.267,na,,,,,
2/21/2021,2,21,2021,3.092,na,,,,,
2/22/2021,2,22,2021,2.979,na,,,,,
2/23/2021,2,23,2021,3.003,na,,,,,
2/24/2021,2,24,2021,2.979,na,,,,,
2/25/2021,2,25,2021,3.217,na,,,,,
2/26/2021,2,26,2021,3.376,na,,,,,
2/27/2021,2,27,2021,3.51,na,,,,,
2/28/2021,2,28,2021,3.327,na,,,,,
3/1/2021,3,1,2021,3.168,na,,,,,
3/2/2021,3,2,2021,3.243,na,,,,,
3/3/2021,3,3,2021,3.428,na,,,,,
3/4/2021,3,4,2021,3.462,na,,,,,
3/5/2021,3,5,2021,3.311,na,,,,,
3/6/2021,3,6,2021,3.139,na,,,,,
3/7/2021,3,7,2021,3.103,na,,,,,
3/8/2021,3,8,2021,3.368,na,,,,,
3/9/2021,3,9,2021,3.512,na,,,,,
3/10/2021,3,10,2021,3.398,na,,,,,
3/11/2021,3,11,2021,2.839,na,,,,,
3/12/2021,3,12,2021,2.504,na,,,,,
3/13/2021,3,13,2021,2.658,na,,,,,
3/14/2021,3,14,2021,2.917,na,,,,,
3/15/2021,3,15,2021,3.188,na,,,,,
3/16/2021,3,16,2021,3.28,na,,,,,
3/17/2021,3,17,2021,3.209,na,,,,,
3/18/2021,3,18,2021,3.134,na,,,,,
3/19/2021,3,19,2021,3.051,na,,,,,
3/20/2021,3,20,2021,3.026,na,,,,,
3/21/2021,3,21,2021,3.235,na,,,,,
3/22/2021,3,22,2021,3.305,na,,,,,
3/23/2021,3,23,2021,3.258,na,,,,,
3/24/2021,3,24,2021,3.365,na,,,,,
3/25/2021,3,25,2021,3.548,na,,,,,
3/26/2021,3,26,2021,3.489,na,,,,,
3/27/2021,3,27,2021,3.389,na,,,,,
3/28/2021,3,28,2021,3.384,na,,,,,
3/29/2021,3,29,2021,3.737,na,,,,,
3/30/2021,3,30,2021,3.973,na,,,,,
3/31/2021,3,31,2021,3.686,na,,,,,
4/1/2021,4,1,2021,3.424,na,,,,,
4/2/2021,4,2,2021,3.434,na,,,,,
4/3/2021,4,3,2021,3.797,na,,,,,
4/4/2021,4,4,2021,4.111,na,,,,,
4/5/2021,4,5,2021,4.048,na,,,,,
4/6/2021,4,6,2021,4.134,na,,,,,
4/7/2021,4,7,2021,4.192,na,,,,,
4/8/2021,4,8,2021,3.728,na,,,,,
4/9/2021,4,9,2021,3.282,na,,,,,
4/10/2021,4,10,2021,3.274,na,,,,,
4/11/2021,4,11,2021,3.394,na,,,,,
4/12/2021,4,12,2021,3.744,na,,,,,
4/13/2021,4,13,2021,3.964,na,,,,,
4/14/2021,4,14,2021,3.975,na,,,,,
4/15/2021,4,15,2021,4.232,na,,,,,
4/16/2021,4,16,2021,4.468,na,,,,,
4/17/2021,4,17,2021,4.662,na,,,,,
4/18/2021,4,18,2021,4.692,na,,,,,
4/19/2021,4,19,2021,4.666,na,,,,,
4/20/2021,4,20,2021,4.889,na,,,,,
4/21/2021,4,21,2021,4.764,na,,,,,
4/22/2021,4,22,2021,4.663,na,,,,,
4/23/2021,4,23,2021,4.726,na,,,,,
4/24/2021,4,24,2021,4.892,na,,,,,
4/25/2021,4,25,2021,5.093,na,,,,,
4/26/2021,4,26,2021,4.826,na,,,,,
4/27/2021,4,27,2021,4.716,na,,,,,
4/28/2021,4,28,2021,4.776,na,,,,,
4/29/2021,4,29,2021,5.041,na,,,,,
4/30/2021,4,30,2021,5.508,na,,,,,
5/1/2021,5,1,2021,5.635,na,,,,,
5/2/2021,5,2,2021,5.235,na,,,,,
5/3/2021,5,3,2021,5.043,na,,,,,
5/4/2021,5,4,2021,5.347,na,,,,,
5/5/2021,5,5,2021,5.605,na,,,,,
5/6/2021,5,6,2021,6.194,na,,,,,
5/7/2021,5,7,2021,5.795,na,,,,,
5/8/2021,5,8,2021,5.461,na,,,,,
5/9/2021,5,9,2021,5.708,na,,,,,
5/10/2021,5,10,2021,5.514,na,,,,,
5/11/2021,5,11,2021,5.905,na,,,,,
5/12/2021,5,12,2021,5.806,na,,,,,
5/13/2021,5,13,2021,5.834,na,,,,,
5/14/2021,5,14,2021,5.699,na,,,,,
5/15/2021,5,15,2021,5.888,na,,,,,
5/16/2021,5,16,2021,6.323,na,,,,,
5/17/2021,5,17,2021,6.958,na,,,,,
5/18/2021,5,18,2021,7.346,na,,,,,
5/19/2021,5,19,2021,7.071,na,,,,,
5/20/2021,5,20,2021,6.105,na,,,,,
5/21/2021,5,21,2021,6.345,na,,,,,
5/22/2021,5,22,2021,7.174,na,,,,,
5/23/2021,5,23,2021,7.167,na,,,,,
5/24/2021,5,24,2021,7.263,na,,,,,
5/25/2021,5,25,2021,7.045,na,,,,,
5/26/2021,5,26,2021,7.262,na,,,,,
5/27/2021,5,27,2021,8.071,na,,,,,
5/28/2021,5,28,2021,7.583,na,,,,,
5/29/2021,5,29,2021,6.857,na,,,,,
5/30/2021,5,30,2021,7.373,na,,,,,
5/31/2021,5,31,2021,6.841,na,,,,,
6/1/2021,6,1,2021,7.041,na,,,,,
6/2/2021,6,2,2021,7.239,na,,,,,
6/3/2021,6,3,2021,7.903,na,,,,,
6/4/2021,6,4,2021,8.076,na,,,,,
6/5/2021,6,5,2021,8.586,na,,,,,
6/6/2021,6,6,2021,9.114,na,,,,,
6/7/2021,6,7,2021,9.117,na,,,,,
6/8/2021,6,8,2021,8.649,na,,,,,
6/9/2021,6,9,2021,7.641,na,,,,,
6/10/2021,6,10,2021,7.585,na,,,,,
6/11/2021,6,11,2021,7.992,na,,,,,
6/12/2021,6,12,2021,8.308,na,,,,,
6/13/2021,6,13,2021,8.807,na,,,,,
6/14/2021,6,14,2021,9.656,na,,,,,
6/15/2021,6,15,2021,10.354,na,,,,,
6/16/2021,6,16,2021,8.857,na,,,,,
6/17/2021,6,17,2021,8.009,na,,,,,
6/18/2021,6,18,2021,7.811,na,,,,,
6/19/2021,6,19,2021,7.838,na,,,,,
6/20/2021,6,20,2021,7.644,na,,,,,
6/21/2021,6,21,2021,8.366,na,,,,,
6/22/2021,6,22,2021,8.086,na,,,,,
6/23/2021,6,23,2021,7.853,na,,,,,
6/24/2021,6,24,2021,8.161,na,,,,,
6/25/2021,6,25,2021,8.587,na,,,,,
6/26/2021,6,26,2021,8.818,na,,,,,
6/27/2021,6,27,2021,9.03,na,,,,,
6/28/2021,6,28,2021,9.247,na,,,,,
,,,,,,,,,,
,,,,,,,,,,
,,,,,,,,,,
,,,,,,,,,,
,,,,,,,,,,
,,,,,,,,,,
,,,,,,,,,,
,,,,,,,,,,
,,,,,,,,,,
,,,,,,,,,,
,,,,,,,,,,
,,,,,,,,,,
,,,,,,,,,,
,,,,,,,,,,
,,,,,,,,,,
,,,,,,,,,,
,,,,,,,,,,
,,,,,,,,,,
,,,,,,,,,,
,,,,,,,,,,
,,,,,,,,,,
,,,,,,,,,,
,,,,,,,,,,
,,,,,,,,,,
,,,,,,,,,,
,,,,,,,,,,
,,,,,,,,,,
,,,,,,,,,,
,,,,,,,,,,
,,,,,,,,,,
,,,,,,,,,,
,,,,,,,,,,
,,,,,,,,,,
,,,,,,,,,,
,,,,,,,,,,
,,,,,,,,,,
,,,,,,,,,,
,,,,,,,,,,
,,,,,,,,,,
,,,,,,,,,,
,,,,,,,,,,
,,,,,,,,,,
,,,,,,,,,,
,,,,,,,,,,
,,,,,,,,,,
,,,,,,,,,,
,,,,,,,,,,
,,,,,,,,,,
,,,,,,,,,,
,,,,,,,,,,
,,,,,,,,,,
,,,,,,,,,,
,,,,,,,,,,
,,,,,,,,,,
,,,,,,,,,,
,,,,,,,,,,
,,,,,,,,,,
,,,,,,,,,,
,,,,,,,,,,
,,,,,,,,,,
,,,,,,,,,,
,,,,,,,,,,
,,,,,,,,,,
,,,,,,,,,,
,,,,,,,,,,
,,,,,,,,,,
,,,,,,,,,,
,,,,,,,,,,
,,,,,,,,,,
,,,,,,,,,,
,,,,,,,,,,
,,,,,,,,,,
,,,,,,,,,,
,,,,,,,,,,
,,,,,,,,,,
,,,,,,,,,,
,,,,,,,,,,
,,,,,,,,,,
,,,,,,,,,,
,,,,,,,,,,
,,,,,,,,,,
,,,,,,,,,,
,,,,,,,,,,
,,,,,,,,,,
,,,,,,,,,,
,,,,,,,,,,
,,,,,,,,,,
,,,,,,,,,,
,,,,,,,,,,
,,,,,,,,,,
,,,,,,,,,,
,,,,,,,,,,
,,,,,,,,,,
,,,,,,,,,,
,,,,,,,,,,
,,,,,,,,,,
,,,,,,,,,,
,,,,,,,,,,
,,,,,,,,,,
,,,,,,,,,,
,,,,,,,,,,
,,,,,,,,,,
,,,,,,,,,,
,,,,,,,,,,
,,,,,,,,,,
,,,,,,,,,,
,,,,,,,,,,
,,,,,,,,,,
,,,,,,,,,,
,,,,,,,,,,
,,,,,,,,,,
,,,,,,,,,,
,,,,,,,,,,
,,,,,,,,,,
,,,,,,,,,,
,,,,,,,,,,
,,,,,,,,,,
,,,,,,,,,,
,,,,,,,,,,
,,,,,,,,,,
,,,,,,,,,,
,,,,,,,,,,
,,,,,,,,,,
,,,,,,,,,,
,,,,,,,,,,
,,,,,,,,,,
,,,,,,,,,,
,,,,,,,,,,
,,,,,,,,,,
,,,,,,,,,,
,,,,,,,,,,
,,,,,,,,,,
,,,,,,,,,,
,,,,,,,,,,
,,,,,,,,,,
,,,,,,,,,,
,,,,,,,,,,
,,,,,,,,,,
,,,,,,,,,,
,,,,,,,,,,
,,,,,,,,,,
,,,,,,,,,,
,,,,,,,,,,
,,,,,,,,,,
,,,,,,,,,,
,,,,,,,,,,
,,,,,,,,,,
,,,,,,,,,,
,,,,,,,,,,
,,,,,,,,,,
,,,,,,,,,,
,,,,,,,,,,
,,,,,,,,,,
,,,,,,,,,,
,,,,,,,,,,
,,,,,,,,,,
,,,,,,,,,,
,,,,,,,,,,
,,,,,,,,,,
,,,,,,,,,,
,,,,,,,,,,
,,,,,,,,,,
,,,,,,,,,,
,,,,,,,,,,
,,,,,,,,,,
,,,,,,,,,,
,,,,,,,,,,
,,,,,,,,,,
,,,,,,,,,,
,,,,,,,,,,
,,,,,,,,,,
,,,,,,,,,,
,,,,,,,,,,
,,,,,,,,,,
,,,,,,,,,,
,,,,,,,,,,
,,,,,,,,,,
,,,,,,,,,,
,,,,,,,,,,
,,,,,,,,,,
,,,,,,,,,,
,,,,,,,,,,
,,,,,,,,,,
,,,,,,,,,,
,,,,,,,,,,
,,,,,,,,,,
,,,,,,,,,,
,,,,,,,,,,
,,,,,,,,,,
,,,,,,,,,,
,,,,,,,,,,
,,,,,,,,,,
,,,,,,,,,,
,,,,,,,,,,
,,,,,,,,,,
,,,,,,,,,,
,,,,,,,,,,
,,,,,,,,,,
,,,,,,,,,,
,,,,,,,,,,
,,,,,,,,,,
,,,,,,,,,,
,,,,,,,,,,
,,,,,,,,,,
,,,,,,,,,,
,,,,,,,,,,
,,,,,,,,,,
,,,,,,,,,,
,,,,,,,,,,
,,,,,,,,,,
,,,,,,,,,,
,,,,,,,,,,
,,,,,,,,,,
,,,,,,,,,,
,,,,,,,,,,
,,,,,,,,,,
,,,,,,,,,,
,,,,,,,,,,
,,,,,,,,,,
,,,,,,,,,,
,,,,,,,,,,
,,,,,,,,,,
,,,,,,,,,,
,,,,,,,,,,
,,,,,,,,,,
,,,,,,,,,,
,,,,,,,,,,
,,,,,,,,,,
,,,,,,,,,,
,,,,,,,,,,
,,,,,,,,,,
,,,,,,,,,,
,,,,,,,,,,
,,,,,,,,,,
,,,,,,,,,,
,,,,,,,,,,
,,,,,,,,,,
,,,,,,,,,,
,,,,,,,,,,
,,,,,,,,,,
,,,,,,,,,,
,,,,,,,,,,
,,,,,,,,,,
,,,,,,,,,,
,,,,,,,,,,
,,,,,,,,,,
,,,,,,,,,,
,,,,,,,,,,
,,,,,,,,,,
,,,,,,,,,,
,,,,,,,,,,
,,,,,,,,,,
,,,,,,,,,,
,,,,,,,,,,
,,,,,,,,,,
,,,,,,,,,,
,,,,,,,,,,
,,,,,,,,,,
,,,,,,,,,,
,,,,,,,,,,
,,,,,,,,,,
,,,,,,,,,,
,,,,,,,,,,
,,,,,,,,,,
,,,,,,,,,,
,,,,,,,,,,
,,,,,,,,,,
,,,,,,,,,,
,,,,,,,,,,
,,,,,,,,,,
,,,,,,,,,,
,,,,,,,,,,
,,,,,,,,,,
,,,,,,,,,,
,,,,,,,,,,
,,,,,,,,,,
,,,,,,,,,,
,,,,,,,,,,
,,,,,,,,,,
,,,,,,,,,,
,,,,,,,,,,
,,,,,,,,,,
,,,,,,,,,,
,,,,,,,,,,
,,,,,,,,,,
,,,,,,,,,,
,,,,,,,,,,
,,,,,,,,,,
,,,,,,,,,,
,,,,,,,,,,
,,,,,,,,,,
,,,,,,,,,,
,,,,,,,,,,
,,,,,,,,,,
,,,,,,,,,,
,,,,,,,,,,
,,,,,,,,,,
,,,,,,,,,,
,,,,,,,,,,
,,,,,,,,,,
,,,,,,,,,,
,,,,,,,,,,
,,,,,,,,,,
,,,,,,,,,,
,,,,,,,,,,
,,,,,,,,,,
,,,,,,,,,,
,,,,,,,,,,
,,,,,,,,,,
,,,,,,,,,,
,,,,,,,,,,
,,,,,,,,,,
,,,,,,,,,,
,,,,,,,,,,
,,,,,,,,,,
,,,,,,,,,,
,,,,,,,,,,
,,,,,,,,,,
,,,,,,,,,,
,,,,,,,,,,
,,,,,,,,,,
,,,,,,,,,,
,,,,,,,,,,
,,,,,,,,,,
,,,,,,,,,,
,,,,,,,,,,
,,,,,,,,,,
,,,,,,,,,,
,,,,,,,,,,
,,,,,,,,,,
,,,,,,,,,,
,,,,,,,,,,
,,,,,,,,,,
,,,,,,,,,,
,,,,,,,,,,
,,,,,,,,,,
,,,,,,,,,,
,,,,,,,,,,
,,,,,,,,,,
,,,,,,,,,,
,,,,,,,,,,
,,,,,,,,,,
,,,,,,,,,,
,,,,,,,,,,
,,,,,,,,,,
,,,,,,,,,,
,,,,,,,,,,
,,,,,,,,,,
,,,,,,,,,,
,,,,,,,,,,
,,,,,,,,,,
,,,,,,,,,,
,,,,,,,,,,
,,,,,,,,,,
,,,,,,,,,,
,,,,,,,,,,
,,,,,,,,,,
,,,,,,,,,,
,,,,,,,,,,
,,,,,,,,,,
,,,,,,,,,,
,,,,,,,,,,
,,,,,,,,,,
,,,,,,,,,,
,,,,,,,,,,
,,,,,,,,,,
,,,,,,,,,,
,,,,,,,,,,
,,,,,,,,,,
,,,,,,,,,,
,,,,,,,,,,
,,,,,,,,,,
,,,,,,,,,,
,,,,,,,,,,
,,,,,,,,,,
,,,,,,,,,,
,,,,,,,,,,
,,,,,,,,,,
,,,,,,,,,,
,,,,,,,,,,
,,,,,,,,,,
,,,,,,,,,,
,,,,,,,,,,
,,,,,,,,,,
,,,,,,,,,,
,,,,,,,,,,
,,,,,,,,,,
,,,,,,,,,,
,,,,,,,,,,
,,,,,,,,,,
,,,,,,,,,,
,,,,,,,,,,
,,,,,,,,,,
,,,,,,,,,,
,,,,,,,,,,
,,,,,,,,,,
,,,,,,,,,,
,,,,,,,,,,
,,,,,,,,,,
,,,,,,,,,,
,,,,,,,,,,
,,,,,,,,,,
,,,,,,,,,,
,,,,,,,,,,
,,,,,,,,,,
,,,,,,,,,,
,,,,,,,,,,
,,,,,,,,,,
,,,,,,,,,,
,,,,,,,,,,
,,,,,,,,,,
,,,,,,,,,,
,,,,,,,,,,
,,,,,,,,,,
,,,,,,,,,,
,,,,,,,,,,
,,,,,,,,,,
,,,,,,,,,,
,,,,,,,,,,
,,,,,,,,,,
,,,,,,,,,,
,,,,,,,,,,
,,,,,,,,,,
,,,,,,,,,,
,,,,,,,,,,
,,,,,,,,,,
,,,,,,,,,,
,,,,,,,,,,
,,,,,,,,,,
,,,,,,,,,,
,,,,,,,,,,
,,,,,,,,,,
,,,,,,,,,,
,,,,,,,,,,
,,,,,,,,,,
,,,,,,,,,,
,,,,,,,,,,
,,,,,,,,,,
,,,,,,,,,,
,,,,,,,,,,
,,,,,,,,,,
,,,,,,,,,,
,,,,,,,,,,
,,,,,,,,,,
,,,,,,,,,,
,,,,,,,,,,
,,,,,,,,,,
,,,,,,,,,,
,,,,,,,,,,
,,,,,,,,,,
,,,,,,,,,,
,,,,,,,,,,
,,,,,,,,,,
,,,,,,,,,,
,,,,,,,,,,
,,,,,,,,,,
,,,,,,,,,,
,,,,,,,,,,
,,,,,,,,,,
,,,,,,,,,,
,,,,,,,,,,
,,,,,,,,,,
,,,,,,,,,,
,,,,,,,,,,
,,,,,,,,,,
,,,,,,,,,,
,,,,,,,,,,
,,,,,,,,,,
,,,,,,,,,,
,,,,,,,,,,
,,,,,,,,,,
,,,,,,,,,,
,,,,,,,,,,
,,,,,,,,,,
,,,,,,,,,,
,,,,,,,,,,
,,,,,,,,,,
,,,,,,,,,,
,,,,,,,,,,
,,,,,,,,,,
,,,,,,,,,,
,,,,,,,,,,
,,,,,,,,,,
,,,,,,,,,,
,,,,,,,,,,
,,,,,,,,,,
,,,,,,,,,,
,,,,,,,,,,
,,,,,,,,,,
,,,,,,,,,,
,,,,,,,,,,
,,,,,,,,,,
,,,,,,,,,,
,,,,,,,,,,
,,,,,,,,,,
,,,,,,,,,,
,,,,,,,,,,
,,,,,,,,,,
,,,,,,,,,,
,,,,,,,,,,
,,,,,,,,,,
,,,,,,,,,,
,,,,,,,,,,
,,,,,,,,,,
,,,,,,,,,,
,,,,,,,,,,
,,,,,,,,,,
,,,,,,,,,,
,,,,,,,,,,
,,,,,,,,,,
,,,,,,,,,,
,,,,,,,,,,
,,,,,,,,,,
,,,,,,,,,,
,,,,,,,,,,
,,,,,,,,,,
,,,,,,,,,,
,,,,,,,,,,
,,,,,,,,,,
,,,,,,,,,,
,,,,,,,,,,
,,,,,,,,,,
,,,,,,,,,,
,,,,,,,,,,
,,,,,,,,,,
,,,,,,,,,,
,,,,,,,,,,
,,,,,,,,,,
,,,,,,,,,,
,,,,,,,,,,
,,,,,,,,,,
,,,,,,,,,,
,,,,,,,,,,
,,,,,,,,,,
,,,,,,,,,,
,,,,,,,,,,
,,,,,,,,,,
,,,,,,,,,,
,,,,,,,,,,
,,,,,,,,,,
,,,,,,,,,,
,,,,,,,,,,
,,,,,,,,,,
,,,,,,,,,,
,,,,,,,,,,
,,,,,,,,,,
,,,,,,,,,,
,,,,,,,,,,
,,,,,,,,,,
,,,,,,,,,,
,,,,,,,,,,
,,,,,,,,,,
,,,,,,,,,,
,,,,,,,,,,
,,,,,,,,,,
,,,,,,,,,,
,,,,,,,,,,
,,,,,,,,,,
,,,,,,,,,,
,,,,,,,,,,
,,,,,,,,,,
,,,,,,,,,,
,,,,,,,,,,
,,,,,,,,,,
,,,,,,,,,,
,,,,,,,,,,
,,,,,,,,,,
,,,,,,,,,,
,,,,,,,,,,
,,,,,,,,,,
,,,,,,,,,,
,,,,,,,,,,
,,,,,,,,,,
,,,,,,,,,,
,,,,,,,,,,
,,,,,,,,,,
,,,,,,,,,,
,,,,,,,,,,
,,,,,,,,,,
,,,,,,,,,,
,,,,,,,,,,
,,,,,,,,,,
,,,,,,,,,,
,,,,,,,,,,
,,,,,,,,,,
,,,,,,,,,,
,,,,,,,,,,
,,,,,,,,,,
,,,,,,,,,,
,,,,,,,,,,
,,,,,,,,,,
,,,,,,,,,,
,,,,,,,,,,
,,,,,,,,,,
,,,,,,,,,,
,,,,,,,,,,
,,,,,,,,,,
,,,,,,,,,,
,,,,,,,,,,
,,,,,,,,,,
,,,,,,,,,,
,,,,,,,,,,
,,,,,,,,,,
,,,,,,,,,,
,,,,,,,,,,
,,,,,,,,,,
,,,,,,,,,,
,,,,,,,,,,
,,,,,,,,,,
,,,,,,,,,,
,,,,,,,,,,
,,,,,,,,,,
,,,,,,,,,,
,,,,,,,,,,
,,,,,,,,,,
,,,,,,,,,,
,,,,,,,,,,
,,,,,,,,,,
,,,,,,,,,,
,,,,,,,,,,
,,,,,,,,,,
,,,,,,,,,,
,,,,,,,,,,
,,,,,,,,,,
,,,,,,,,,,
,,,,,,,,,,
,,,,,,,,,,
,,,,,,,,,,
,,,,,,,,,,
,,,,,,,,,,
,,,,,,,,,,
,,,,,,,,,,
,,,,,,,,,,
,,,,,,,,,,
,,,,,,,,,,
,,,,,,,,,,
,,,,,,,,,,
,,,,,,,,,,
,,,,,,,,,,
,,,,,,,,,,
,,,,,,,,,,
,,,,,,,,,,
,,,,,,,,,,
,,,,,,,,,,
,,,,,,,,,,
,,,,,,,,,,
,,,,,,,,,,
,,,,,,,,,,
,,,,,,,,,,
,,,,,,,,,,
,,,,,,,,,,
,,,,,,,,,,
,,,,,,,,,,
,,,,,,,,,,
,,,,,,,,,,
,,,,,,,,,,
,,,,,,,,,,
,,,,,,,,,,
,,,,,,,,,,
,,,,,,,,,,
,,,,,,,,,,
,,,,,,,,,,
,,,,,,,,,,
,,,,,,,,,,
,,,,,,,,,,
,,,,,,,,,,
,,,,,,,,,,
,,,,,,,,,,
,,,,,,,,,,
,,,,,,,,,,
,,,,,,,,,,
,,,,,,,,,,
,,,,,,,,,,
,,,,,,,,,,
,,,,,,,,,,
,,,,,,,,,,
,,,,,,,,,,
,,,,,,,,,,
,,,,,,,,,,
,,,,,,,,,,
,,,,,,,,,,
,,,,,,,,,,
,,,,,,,,,,
,,,,,,,,,,
,,,,,,,,,,
,,,,,,,,,,
,,,,,,,,,,
,,,,,,,,,,
,,,,,,,,,,
,,,,,,,,,,
,,,,,,,,,,
,,,,,,,,,,
,,,,,,,,,,
,,,,,,,,,,
,,,,,,,,,,
,,,,,,,,,,
,,,,,,,,,,
,,,,,,,,,,
,,,,,,,,,,
,,,,,,,,,,
,,,,,,,,,,
,,,,,,,,,,
,,,,,,,,,,
,,,,,,,,,,
,,,,,,,,,,
,,,,,,,,,,
,,,,,,,,,,
,,,,,,,,,,
,,,,,,,,,,
,,,,,,,,,,
,,,,,,,,,,
,,,,,,,,,,
,,,,,,,,,,
,,,,,,,,,,
,,,,,,,,,,
,,,,,,,,,,
,,,,,,,,,,
,,,,,,,,,,
,,,,,,,,,,
,,,,,,,,,,
,,,,,,,,,,
,,,,,,,,,,
,,,,,,,,,,
,,,,,,,,,,
,,,,,,,,,,
,,,,,,,,,,
,,,,,,,,,,
,,,,,,,,,,
,,,,,,,,,,
,,,,,,,,,,
,,,,,,,,,,
,,,,,,,,,,
,,,,,,,,,,
,,,,,,,,,,
,,,,,,,,,,
,,,,,,,,,,
,,,,,,,,,,
,,,,,,,,,,
,,,,,,,,,,
,,,,,,,,,,
,,,,,,,,,,
,,,,,,,,,,
,,,,,,,,,,
,,,,,,,,,,
,,,,,,,,,,
,,,,,,,,,,
,,,,,,,,,,
,,,,,,,,,,
,,,,,,,,,,
,,,,,,,,,,
,,,,,,,,,,
,,,,,,,,,,
,,,,,,,,,,
,,,,,,,,,,
,,,,,,,,,,
,,,,,,,,,,
,,,,,,,,,,
,,,,,,,,,,
,,,,,,,,,,
,,,,,,,,,,
,,,,,,,,,,
,,,,,,,,,,
,,,,,,,,,,
,,,,,,,,,,
,,,,,,,,,,
,,,,,,,,,,
,,,,,,,,,,
,,,,,,,,,,
,,,,,,,,,,
,,,,,,,,,,
,,,,,,,,,,
,,,,,,,,,,
,,,,,,,,,,
,,,,,,,,,,
,,,,,,,,,,
,,,,,,,,,,
,,,,,,,,,,
,,,,,,,,,,
,,,,,,,,,,
,,,,,,,,,,
,,,,,,,,,,
,,,,,,,,,,
,,,,,,,,,,
,,,,,,,,,,
,,,,,,,,,,
,,,,,,,,,,
,,,,,,,,,,
,,,,,,,,,,
,,,,,,,,,,
,,,,,,,,,,
,,,,,,,,,,
,,,,,,,,,,
,,,,,,,,,,
,,,,,,,,,,
,,,,,,,,,,
,,,,,,,,,,
,,,,,,,,,,
,,,,,,,,,,
,,,,,,,,,,
,,,,,,,,,,
,,,,,,,,,,
,,,,,,,,,,
,,,,,,,,,,
,,,,,,,,,,
,,,,,,,,,,
,,,,,,,,,,
,,,,,,,,,,
,,,,,,,,,,
,,,,,,,,,,
,,,,,,,,,,
,,,,,,,,,,
,,,,,,,,,,
,,,,,,,,,,
,,,,,,,,,,
,,,,,,,,,,
,,,,,,,,,,
,,,,,,,,,,
,,,,,,,,,,
,,,,,,,,,,
,,,,,,,,,,
,,,,,,,,,,
,,,,,,,,,,
,,,,,,,,,,
,,,,,,,,,,
,,,,,,,,,,
,,,,,,,,,,
,,,,,,,,,,
,,,,,,,,,,
,,,,,,,,,,
,,,,,,,,,,
,,,,,,,,,,
,,,,,,,,,,
,,,,,,,,,,
,,,,,,,,,,
,,,,,,,,,,
,,,,,,,,,,
,,,,,,,,,,
,,,,,,,,,,
,,,,,,,,,,
,,,,,,,,,,
,,,,,,,,,,
,,,,,,,,,,
,,,,,,,,,,
,,,,,,,,,,
,,,,,,,,,,
,,,,,,,,,,
,,,,,,,,,,
,,,,,,,,,,
,,,,,,,,,,
,,,,,,,,,,
,,,,,,,,,,
,,,,,,,,,,
,,,,,,,,,,
,,,,,,,,,,
,,,,,,,,,,
,,,,,,,,,,
,,,,,,,,,,
,,,,,,,,,,
,,,,,,,,,,
,,,,,,,,,,
,,,,,,,,,,
,,,,,,,,,,
,,,,,,,,,,
,,,,,,,,,,
,,,,,,,,,,
,,,,,,,,,,
,,,,,,,,,,
,,,,,,,,,,
,,,,,,,,,,
,,,,,,,,,,
,,,,,,,,,,
,,,,,,,,,,
,,,,,,,,,,
,,,,,,,,,,
,,,,,,,,,,
,,,,,,,,,,
,,,,,,,,,,
,,,,,,,,,,
,,,,,,,,,,
,,,,,,,,,,
,,,,,,,,,,
,,,,,,,,,,
,,,,,,,,,,
,,,,,,,,,,
,,,,,,,,,,
,,,,,,,,,,
,,,,,,,,,,
,,,,,,,,,,
,,,,,,,,,,
,,,,,,,,,,
,,,,,,,,,,
,,,,,,,,,,
,,,,,,,,,,
,,,,,,,,,,
,,,,,,,,,,
,,,,,,,,,,
,,,,,,,,,,
,,,,,,,,,,
,,,,,,,,,,
,,,,,,,,,,
,,,,,,,,,,
,,,,,,,,,,
,,,,,,,,,,
,,,,,,,,,,
,,,,,,,,,,
,,,,,,,,,,
,,,,,,,,,,
,,,,,,,,,,
,,,,,,,,,,
,,,,,,,,,,
,,,,,,,,,,
,,,,,,,,,,
,,,,,,,,,,
,,,,,,,,,,
,,,,,,,,,,
,,,,,,,,,,
,,,,,,,,,,
,,,,,,,,,,
,,,,,,,,,,
,,,,,,,,,,
,,,,,,,,,,
,,,,,,,,,,
,,,,,,,,,,
,,,,,,,,,,
,,,,,,,,,,
,,,,,,,,,,
,,,,,,,,,,
,,,,,,,,,,
,,,,,,,,,,
,,,,,,,,,,
,,,,,,,,,,
,,,,,,,,,,
,,,,,,,,,,
,,,,,,,,,,
,,,,,,,,,,
,,,,,,,,,,
,,,,,,,,,,
,,,,,,,,,,
,,,,,,,,,,
,,,,,,,,,,
,,,,,,,,,,
,,,,,,,,,,
,,,,,,,,,,
,,,,,,,,,,
,,,,,,,,,,
,,,,,,,,,,
,,,,,,,,,,
,,,,,,,,,,
,,,,,,,,,,
,,,,,,,,,,
,,,,,,,,,,
,,,,,,,,,,
,,,,,,,,,,
,,,,,,,,,,
,,,,,,,,,,
,,,,,,,,,,
,,,,,,,,,,
,,,,,,,,,,
,,,,,,,,,,
,,,,,,,,,,
,,,,,,,,,,
,,,,,,,,,,
,,,,,,,,,,
,,,,,,,,,,
,,,,,,,,,,
,,,,,,,,,,
,,,,,,,,,,
,,,,,,,,,,
,,,,,,,,,,
,,,,,,,,,,
,,,,,,,,,,
,,,,,,,,,,
,,,,,,,,,,
,,,,,,,,,,
,,,,,,,,,,
,,,,,,,,,,
,,,,,,,,,,
,,,,,,,,,,
,,,,,,,,,,
,,,,,,,,,,
,,,,,,,,,,
,,,,,,,,,,
,,,,,,,,,,
,,,,,,,,,,
,,,,,,,,,,
,,,,,,,,,,
,,,,,,,,,,
,,,,,,,,,,
,,,,,,,,,,
,,,,,,,,,,
,,,,,,,,,,
,,,,,,,,,,
,,,,,,,,,,
,,,,,,,,,,
,,,,,,,,,,
,,,,,,,,,,
,,,,,,,,,,
,,,,,,,,,,
,,,,,,,,,,
,,,,,,,,,,
,,,,,,,,,,
,,,,,,,,,,
,,,,,,,,,,
,,,,,,,,,,
,,,,,,,,,,
,,,,,,,,,,
,,,,,,,,,,
,,,,,,,,,,
,,,,,,,,,,
,,,,,,,,,,
,,,,,,,,,,
,,,,,,,,,,
,,,,,,,,,,
,,,,,,,,,,
,,,,,,,,,,
,,,,,,,,,,
,,,,,,,,,,
,,,,,,,,,,
,,,,,,,,,,
,,,,,,,,,,
,,,,,,,,,,
,,,,,,,,,,
,,,,,,,,,,
,,,,,,,,,,
,,,,,,,,,,
,,,,,,,,,,
,,,,,,,,,,
,,,,,,,,,,
,,,,,,,,,,
,,,,,,,,,,
,,,,,,,,,,
,,,,,,,,,,
,,,,,,,,,,
,,,,,,,,,,
,,,,,,,,,,
,,,,,,,,,,
,,,,,,,,,,
,,,,,,,,,,
,,,,,,,,,,
,,,,,,,,,,
,,,,,,,,,,
,,,,,,,,,,
,,,,,,,,,,
,,,,,,,,,,
,,,,,,,,,,
,,,,,,,,,,
,,,,,,,,,,
,,,,,,,,,,
,,,,,,,,,,
,,,,,,,,,,
,,,,,,,,,,
,,,,,,,,,,
,,,,,,,,,,
,,,,,,,,,,
,,,,,,,,,,
,,,,,,,,,,
,,,,,,,,,,
,,,,,,,,,,
,,,,,,,,,,
,,,,,,,,,,
,,,,,,,,,,
,,,,,,,,,,
,,,,,,,,,,
,,,,,,,,,,
,,,,,,,,,,
,,,,,,,,,,
,,,,,,,,,,
,,,,,,,,,,
,,,,,,,,,,
,,,,,,,,,,
,,,,,,,,,,
,,,,,,,,,,
,,,,,,,,,,
,,,,,,,,,,
,,,,,,,,,,
,,,,,,,,,,
,,,,,,,,,,
,,,,,,,,,,
,,,,,,,,,,
,,,,,,,,,,
,,,,,,,,,,
,,,,,,,,,,
,,,,,,,,,,
,,,,,,,,,,
,,,,,,,,,,
,,,,,,,,,,
,,,,,,,,,,
,,,,,,,,,,
,,,,,,,,,,
,,,,,,,,,,
,,,,,,,,,,
,,,,,,,,,,
,,,,,,,,,,
,,,,,,,,,,
,,,,,,,,,,
,,,,,,,,,,
,,,,,,,,,,
,,,,,,,,,,
,,,,,,,,,,
,,,,,,,,,,
,,,,,,,,,,
,,,,,,,,,,
,,,,,,,,,,
,,,,,,,,,,
,,,,,,,,,,
,,,,,,,,,,
,,,,,,,,,,
,,,,,,,,,,
,,,,,,,,,,
,,,,,,,,,,
,,,,,,,,,,
,,,,,,,,,,
,,,,,,,,,,
,,,,,,,,,,
,,,,,,,,,,
,,,,,,,,,,
,,,,,,,,,,
,,,,,,,,,,
,,,,,,,,,,
,,,,,,,,,,
,,,,,,,,,,
,,,,,,,,,,
,,,,,,,,,,
,,,,,,,,,,
,,,,,,,,,,
,,,,,,,,,,
,,,,,,,,,,
,,,,,,,,,,
,,,,,,,,,,
,,,,,,,,,,
,,,,,,,,,,
,,,,,,,,,,
,,,,,,,,,,
,,,,,,,,,,
,,,,,,,,,,
,,,,,,,,,,
,,,,,,,,,,
,,,,,,,,,,
,,,,,,,,,,
,,,,,,,,,,
,,,,,,,,,,
,,,,,,,,,,
,,,,,,,,,,
,,,,,,,,,,
,,,,,,,,,,
,,,,,,,,,,
,,,,,,,,,,
,,,,,,,,,,
,,,,,,,,,,
,,,,,,,,,,
,,,,,,,,,,
,,,,,,,,,,
,,,,,,,,,,
,,,,,,,,,,
,,,,,,,,,,
,,,,,,,,,,
,,,,,,,,,,
,,,,,,,,,,
,,,,,,,,,,
,,,,,,,,,,
,,,,,,,,,,
,,,,,,,,,,
,,,,,,,,,,
,,,,,,,,,,
,,,,,,,,,,
,,,,,,,,,,
,,,,,,,,,,
,,,,,,,,,,
,,,,,,,,,,
,,,,,,,,,,
,,,,,,,,,,
,,,,,,,,,,
,,,,,,,,,,
,,,,,,,,,,
,,,,,,,,,,
,,,,,,,,,,
,,,,,,,,,,
,,,,,,,,,,
,,,,,,,,,,
,,,,,,,,,,
,,,,,,,,,,
,,,,,,,,,,
,,,,,,,,,,
,,,,,,,,,,
,,,,,,,,,,
,,,,,,,,,,
,,,,,,,,,,
,,,,,,,,,,
,,,,,,,,,,
,,,,,,,,,,
,,,,,,,,,,
,,,,,,,,,,
,,,,,,,,,,
,,,,,,,,,,
,,,,,,,,,,
,,,,,,,,,,
,,,,,,,,,,
,,,,,,,,,,
,,,,,,,,,,
,,,,,,,,,,
,,,,,,,,,,
,,,,,,,,,,
,,,,,,,,,,
,,,,,,,,,,
,,,,,,,,,,
,,,,,,,,,,
,,,,,,,,,,
,,,,,,,,,,
,,,,,,,,,,
,,,,,,,,,,
,,,,,,,,,,
,,,,,,,,,,
,,,,,,,,,,
,,,,,,,,,,
,,,,,,,,,,
,,,,,,,,,,
,,,,,,,,,,
,,,,,,,,,,
,,,,,,,,,,
,,,,,,,,,,
,,,,,,,,,,
,,,,,,,,,,
,,,,,,,,,,
,,,,,,,,,,
,,,,,,,,,,
,,,,,,,,,,
,,,,,,,,,,
,,,,,,,,,,
,,,,,,,,,,
,,,,,,,,,,
,,,,,,,,,,
,,,,,,,,,,
,,,,,,,,,,
,,,,,,,,,,
,,,,,,,,,,
,,,,,,,,,,
,,,,,,,,,,
,,,,,,,,,,
,,,,,,,,,,
,,,,,,,,,,
,,,,,,,,,,
,,,,,,,,,,
,,,,,,,,,,
,,,,,,,,,,
,,,,,,,,,,
,,,,,,,,,,
,,,,,,,,,,
,,,,,,,,,,
,,,,,,,,,,
,,,,,,,,,,
,,,,,,,,,,
,,,,,,,,,,
,,,,,,,,,,
,,,,,,,,,,
,,,,,,,,,,
,,,,,,,,,,
,,,,,,,,,,
,,,,,,,,,,
,,,,,,,,,,
,,,,,,,,,,
,,,,,,,,,,
,,,,,,,,,,
,,,,,,,,,,
,,,,,,,,,,
,,,,,,,,,,
,,,,,,,,,,
,,,,,,,,,,
,,,,,,,,,,
,,,,,,,,,,
,,,,,,,,,,
,,,,,,,,,,
,,,,,,,,,,
,,,,,,,,,,
,,,,,,,,,,
,,,,,,,,,,
,,,,,,,,,,
,,,,,,,,,,
,,,,,,,,,,
,,,,,,,,,,
,,,,,,,,,,
,,,,,,,,,,
,,,,,,,,,,
,,,,,,,,,,
,,,,,,,,,,
,,,,,,,,,,
,,,,,,,,,,
,,,,,,,,,,
,,,,,,,,,,
,,,,,,,,,,
,,,,,,,,,,
,,,,,,,,,,
,,,,,,,,,,
,,,,,,,,,,
,,,,,,,,,,
,,,,,,,,,,
,,,,,,,,,,
,,,,,,,,,,
,,,,,,,,,,
,,,,,,,,,,
,,,,,,,,,,
,,,,,,,,,,
,,,,,,,,,,
,,,,,,,,,,
,,,,,,,,,,
,,,,,,,,,,
,,,,,,,,,,
,,,,,,,,,,
,,,,,,,,,,
,,,,,,,,,,
,,,,,,,,,,
,,,,,,,,,,
,,,,,,,,,,
,,,,,,,,,,
,,,,,,,,,,
,,,,,,,,,,
,,,,,,,,,,
,,,,,,,,,,
,,,,,,,,,,
,,,,,,,,,,
,,,,,,,,,,
,,,,,,,,,,
,,,,,,,,,,
,,,,,,,,,,
,,,,,,,,,,
,,,,,,,,,,
,,,,,,,,,,
,,,,,,,,,,
,,,,,,,,,,
,,,,,,,,,,
,,,,,,,,,,
,,,,,,,,,,
,,,,,,,,,,
,,,,,,,,,,
,,,,,,,,,,
,,,,,,,,,,
,,,,,,,,,,
,,,,,,,,,,
,,,,,,,,,,
,,,,,,,,,,
,,,,,,,,,,
,,,,,,,,,,
,,,,,,,,,,
,,,,,,,,,,
,,,,,,,,,,
,,,,,,,,,,
,,,,,,,,,,
,,,,,,,,,,
,,,,,,,,,,
,,,,,,,,,,
,,,,,,,,,,
,,,,,,,,,,
,,,,,,,,,,
,,,,,,,,,,
,,,,,,,,,,
,,,,,,,,,,
,,,,,,,,,,
,,,,,,,,,,
,,,,,,,,,,
,,,,,,,,,,
,,,,,,,,,,
,,,,,,,,,,
,,,,,,,,,,
,,,,,,,,,,
,,,,,,,,,,
,,,,,,,,,,
,,,,,,,,,,
,,,,,,,,,,
,,,,,,,,,,
,,,,,,,,,,
,,,,,,,,,,
,,,,,,,,,,
,,,,,,,,,,
,,,,,,,,,,
,,,,,,,,,,
,,,,,,,,,,
,,,,,,,,,,
,,,,,,,,,,
,,,,,,,,,,
,,,,,,,,,,
,,,,,,,,,,
,,,,,,,,,,
,,,,,,,,,,
,,,,,,,,,,
,,,,,,,,,,
,,,,,,,,,,
,,,,,,,,,,
,,,,,,,,,,
,,,,,,,,,,
,,,,,,,,,,
,,,,,,,,,,
,,,,,,,,,,
,,,,,,,,,,
,,,,,,,,,,
,,,,,,,,,,
,,,,,,,,,,
,,,,,,,,,,
,,,,,,,,,,
,,,,,,,,,,
,,,,,,,,,,
,,,,,,,,,,
,,,,,,,,,,
,,,,,,,,,,
,,,,,,,,,,
,,,,,,,,,,
,,,,,,,,,,
,,,,,,,,,,
,,,,,,,,,,
,,,,,,,,,,
,,,,,,,,,,
,,,,,,,,,,
,,,,,,,,,,
,,,,,,,,,,
,,,,,,,,,,
,,,,,,,,,,
,,,,,,,,,,
,,,,,,,,,,
,,,,,,,,,,
,,,,,,,,,,
,,,,,,,,,,
,,,,,,,,,,
,,,,,,,,,,
,,,,,,,,,,
,,,,,,,,,,
,,,,,,,,,,
,,,,,,,,,,
,,,,,,,,,,
,,,,,,,,,,
,,,,,,,,,,
,,,,,,,,,,
,,,,,,,,,,
,,,,,,,,,,
,,,,,,,,,,
,,,,,,,,,,
,,,,,,,,,,
,,,,,,,,,,
,,,,,,,,,,
,,,,,,,,,,
,,,,,,,,,,
,,,,,,,,,,
,,,,,,,,,,
,,,,,,,,,,
,,,,,,,,,,
,,,,,,,,,,
,,,,,,,,,,
,,,,,,,,,,
,,,,,,,,,,
,,,,,,,,,,
,,,,,,,,,,
,,,,,,,,,,
,,,,,,,,,,
,,,,,,,,,,
,,,,,,,,,,
,,,,,,,,,,
,,,,,,,,,,
,,,,,,,,,,
,,,,,,,,,,
,,,,,,,,,,
,,,,,,,,,,
,,,,,,,,,,
,,,,,,,,,,
,,,,,,,,,,
,,,,,,,,,,
,,,,,,,,,,
,,,,,,,,,,
,,,,,,,,,,
,,,,,,,,,,
,,,,,,,,,,
,,,,,,,,,,
,,,,,,,,,,
,,,,,,,,,,
,,,,,,,,,,
,,,,,,,,,,
,,,,,,,,,,
,,,,,,,,,,
,,,,,,,,,,
,,,,,,,,,,
,,,,,,,,,,
,,,,,,,,,,
,,,,,,,,,,
,,,,,,,,,,
,,,,,,,,,,
,,,,,,,,,,
,,,,,,,,,,
,,,,,,,,,,
,,,,,,,,,,
,,,,,,,,,,
,,,,,,,,,,
,,,,,,,,,,
,,,,,,,,,,
,,,,,,,,,,
,,,,,,,,,,
,,,,,,,,,,
,,,,,,,,,,
,,,,,,,,,,
,,,,,,,,,,
,,,,,,,,,,
,,,,,,,,,,
,,,,,,,,,,
,,,,,,,,,,
,,,,,,,,,,
,,,,,,,,,,
,,,,,,,,,,
,,,,,,,,,,
,,,,,,,,,,
,,,,,,,,,,
,,,,,,,,,,
,,,,,,,,,,
,,,,,,,,,,
,,,,,,,,,,
,,,,,,,,,,
,,,,,,,,,,
,,,,,,,,,,
,,,,,,,,,,
,,,,,,,,,,
,,,,,,,,,,
,,,,,,,,,,
,,,,,,,,,,
,,,,,,,,,,
,,,,,,,,,,
,,,,,,,,,,
,,,,,,,,,,
,,,,,,,,,,
,,,,,,,,,,
,,,,,,,,,,
,,,,,,,,,,
,,,,,,,,,,
,,,,,,,,,,
,,,,,,,,,,
,,,,,,,,,,
,,,,,,,,,,
,,,,,,,,,,
,,,,,,,,,,
,,,,,,,,,,
,,,,,,,,,,
,,,,,,,,,,
,,,,,,,,,,
,,,,,,,,,,
,,,,,,,,,,
,,,,,,,,,,
,,,,,,,,,,
,,,,,,,,,,
,,,,,,,,,,
,,,,,,,,,,
,,,,,,,,,,
,,,,,,,,,,
,,,,,,,,,,
,,,,,,,,,,
,,,,,,,,,,
,,,,,,,,,,
,,,,,,,,,,
,,,,,,,,,,
,,,,,,,,,,
,,,,,,,,,,
,,,,,,,,,,
,,,,,,,,,,
,,,,,,,,,,
,,,,,,,,,,
,,,,,,,,,,
,,,,,,,,,,
,,,,,,,,,,
,,,,,,,,,,
,,,,,,,,,,
,,,,,,,,,,
,,,,,,,,,,
,,,,,,,,,,
,,,,,,,,,,
,,,,,,,,,,
,,,,,,,,,,
,,,,,,,,,,
,,,,,,,,,,
,,,,,,,,,,
,,,,,,,,,,
,,,,,,,,,,
,,,,,,,,,,
,,,,,,,,,,
,,,,,,,,,,
,,,,,,,,,,
,,,,,,,,,,
,,,,,,,,,,
,,,,,,,,,,
,,,,,,,,,,
,,,,,,,,,,
,,,,,,,,,,
,,,,,,,,,,
,,,,,,,,,,
,,,,,,,,,,
,,,,,,,,,,
,,,,,,,,,,
,,,,,,,,,,
,,,,,,,,,,
,,,,,,,,,,
,,,,,,,,,,
,,,,,,,,,,
,,,,,,,,,,
,,,,,,,,,,
,,,,,,,,,,
,,,,,,,,,,
,,,,,,,,,,
,,,,,,,,,,
,,,,,,,,,,
,,,,,,,,,,
,,,,,,,,,,
,,,,,,,,,,
,,,,,,,,,,
,,,,,,,,,,
,,,,,,,,,,
,,,,,,,,,,
,,,,,,,,,,
,,,,,,,,,,
,,,,,,,,,,
,,,,,,,,,,
,,,,,,,,,,
,,,,,,,,,,
,,,,,,,,,,
,,,,,,,,,,
,,,,,,,,,,
,,,,,,,,,,
,,,,,,,,,,
,,,,,,,,,,
,,,,,,,,,,
,,,,,,,,,,
,,,,,,,,,,
,,,,,,,,,,
,,,,,,,,,,
,,,,,,,,,,
,,,,,,,,,,
,,,,,,,,,,
,,,,,,,,,,
,,,,,,,,,,
,,,,,,,,,,
,,,,,,,,,,
,,,,,,,,,,
,,,,,,,,,,
,,,,,,,,,,
,,,,,,,,,,
,,,,,,,,,,
,,,,,,,,,,
,,,,,,,,,,
,,,,,,,,,,
,,,,,,,,,,
,,,,,,,,,,
,,,,,,,,,,
,,,,,,,,,,
,,,,,,,,,,
,,,,,,,,,,
,,,,,,,,,,
,,,,,,,,,,
,,,,,,,,,,
,,,,,,,,,,
,,,,,,,,,,
,,,,,,,,,,
,,,,,,,,,,
,,,,,,,,,,
,,,,,,,,,,
,,,,,,,,,,
,,,,,,,,,,
,,,,,,,,,,
,,,,,,,,,,
,,,,,,,,,,
,,,,,,,,,,
,,,,,,,,,,
,,,,,,,,,,
,,,,,,,,,,
,,,,,,,,,,
,,,,,,,,,,
,,,,,,,,,,
,,,,,,,,,,
,,,,,,,,,,
,,,,,,,,,,
,,,,,,,,,,
,,,,,,,,,,
,,,,,,,,,,
,,,,,,,,,,
,,,,,,,,,,
,,,,,,,,,,
,,,,,,,,,,
,,,,,,,,,,
,,,,,,,,,,
,,,,,,,,,,
,,,,,,,,,,
,,,,,,,,,,
,,,,,,,,,,
,,,,,,,,,,
,,,,,,,,,,
,,,,,,,,,,
,,,,,,,,,,
,,,,,,,,,,
,,,,,,,,,,
,,,,,,,,,,
,,,,,,,,,,
,,,,,,,,,,
,,,,,,,,,,
,,,,,,,,,,
,,,,,,,,,,
,,,,,,,,,,
,,,,,,,,,,
,,,,,,,,,,
,,,,,,,,,,
,,,,,,,,,,
,,,,,,,,,,
,,,,,,,,,,
,,,,,,,,,,
,,,,,,,,,,
,,,,,,,,,,
,,,,,,,,,,
,,,,,,,,,,
,,,,,,,,,,
,,,,,,,,,,
,,,,,,,,,,
,,,,,,,,,,
,,,,,,,,,,
,,,,,,,,,,
,,,,,,,,,,
,,,,,,,,,,
,,,,,,,,,,
,,,,,,,,,,
,,,,,,,,,,
,,,,,,,,,,
,,,,,,,,,,
,,,,,,,,,,
,,,,,,,,,,
,,,,,,,,,,
,,,,,,,,,,
,,,,,,,,,,
,,,,,,,,,,
,,,,,,,,,,
,,,,,,,,,,
,,,,,,,,,,
,,,,,,,,,,
,,,,,,,,,,
,,,,,,,,,,
,,,,,,,,,,
,,,,,,,,,,
,,,,,,,,,,
,,,,,,,,,,
,,,,,,,,,,
,,,,,,,,,,
,,,,,,,,,,
,,,,,,,,,,
,,,,,,,,,,
,,,,,,,,,,
,,,,,,,,,,
,,,,,,,,,,
,,,,,,,,,,
,,,,,,,,,,
,,,,,,,,,,
,,,,,,,,,,
,,,,,,,,,,
,,,,,,,,,,
,,,,,,,,,,
,,,,,,,,,,
,,,,,,,,,,
,,,,,,,,,,
,,,,,,,,,,
,,,,,,,,,,
,,,,,,,,,,
,,,,,,,,,,
,,,,,,,,,,
,,,,,,,,,,
,,,,,,,,,,
,,,,,,,,,,
,,,,,,,,,,
,,,,,,,,,,
,,,,,,,,,,
,,,,,,,,,,
,,,,,,,,,,
,,,,,,,,,,
,,,,,,,,,,
,,,,,,,,,,
,,,,,,,,,,
,,,,,,,,,,
,,,,,,,,,,
,,,,,,,,,,
,,,,,,,,,,
,,,,,,,,,,
,,,,,,,,,,
,,,,,,,,,,
,,,,,,,,,,
,,,,,,,,,,
,,,,,,,,,,
,,,,,,,,,,
,,,,,,,,,,
,,,,,,,,,,
,,,,,,,,,,
,,,,,,,,,,
,,,,,,,,,,
,,,,,,,,,,
,,,,,,,,,,
,,,,,,,,,,
,,,,,,,,,,
,,,,,,,,,,
,,,,,,,,,,
,,,,,,,,,,
,,,,,,,,,,
,,,,,,,,,,
,,,,,,,,,,
,,,,,,,,,,
,,,,,,,,,,
,,,,,,,,,,
,,,,,,,,,,
,,,,,,,,,,
,,,,,,,,,,
,,,,,,,,,,
,,,,,,,,,,
,,,,,,,,,,
,,,,,,,,,,
,,,,,,,,,,
,,,,,,,,,,
,,,,,,,,,,
,,,,,,,,,,
,,,,,,,,,,
,,,,,,,,,,
,,,,,,,,,,
,,,,,,,,,,
,,,,,,,,,,
,,,,,,,,,,
,,,,,,,,,,
,,,,,,,,,,
,,,,,,,,,,
,,,,,,,,,,
,,,,,,,,,,
,,,,,,,,,,
,,,,,,,,,,
,,,,,,,,,,
,,,,,,,,,,
,,,,,,,,,,
,,,,,,,,,,
,,,,,,,,,,
,,,,,,,,,,
,,,,,,,,,,
,,,,,,,,,,
,,,,,,,,,,
,,,,,,,,,,
,,,,,,,,,,
,,,,,,,,,,
,,,,,,,,,,
,,,,,,,,,,
,,,,,,,,,,
,,,,,,,,,,
,,,,,,,,,,
,,,,,,,,,,
,,,,,,,,,,
,,,,,,,,,,
,,,,,,,,,,
,,,,,,,,,,
,,,,,,,,,,
,,,,,,,,,,
,,,,,,,,,,
,,,,,,,,,,
,,,,,,,,,,
,,,,,,,,,,
,,,,,,,,,,
,,,,,,,,,,
,,,,,,,,,,
,,,,,,,,,,
,,,,,,,,,,
,,,,,,,,,,
,,,,,,,,,,
,,,,,,,,,,
,,,,,,,,,,
,,,,,,,,,,
,,,,,,,,,,
,,,,,,,,,,
,,,,,,,,,,
,,,,,,,,,,
,,,,,,,,,,
,,,,,,,,,,
,,,,,,,,,,
,,,,,,,,,,
,,,,,,,,,,
,,,,,,,,,,
,,,,,,,,,,
,,,,,,,,,,
,,,,,,,,,,
,,,,,,,,,,
,,,,,,,,,,
,,,,,,,,,,
,,,,,,,,,,
,,,,,,,,,,
,,,,,,,,,,
,,,,,,,,,,
,,,,,,,,,,
,,,,,,,,,,
,,,,,,,,,,
,,,,,,,,,,
,,,,,,,,,,
,,,,,,,,,,
,,,,,,,,,,
,,,,,,,,,,
,,,,,,,,,,
,,,,,,,,,,
,,,,,,,,,,
,,,,,,,,,,
,,,,,,,,,,
,,,,,,,,,,
,,,,,,,,,,
,,,,,,,,,,
,,,,,,,,,,
,,,,,,,,,,
,,,,,,,,,,
,,,,,,,,,,
,,,,,,,,,,
,,,,,,,,,,
,,,,,,,,,,
,,,,,,,,,,
,,,,,,,,,,
,,,,,,,,,,
,,,,,,,,,,
,,,,,,,,,,
,,,,,,,,,,
,,,,,,,,,,
,,,,,,,,,,
,,,,,,,,,,
,,,,,,,,,,
,,,,,,,,,,
,,,,,,,,,,
,,,,,,,,,,
,,,,,,,,,,
,,,,,,,,,,
,,,,,,,,,,
,,,,,,,,,,
,,,,,,,,,,
,,,,,,,,,,
,,,,,,,,,,
,,,,,,,,,,
,,,,,,,,,,
,,,,,,,,,,
,,,,,,,,,,
,,,,,,,,,,
,,,,,,,,,,
,,,,,,,,,,
,,,,,,,,,,
,,,,,,,,,,
,,,,,,,,,,
,,,,,,,,,,
,,,,,,,,,,
,,,,,,,,,,
,,,,,,,,,,
,,,,,,,,,,
,,,,,,,,,,
,,,,,,,,,,
,,,,,,,,,,
,,,,,,,,,,
,,,,,,,,,,
,,,,,,,,,,
,,,,,,,,,,
,,,,,,,,,,
,,,,,,,,,,
,,,,,,,,,,
,,,,,,,,,,
,,,,,,,,,,
,,,,,,,,,,
,,,,,,,,,,
,,,,,,,,,,
,,,,,,,,,,
,,,,,,,,,,
,,,,,,,,,,
,,,,,,,,,,
,,,,,,,,,,
,,,,,,,,,,
,,,,,,,,,,
,,,,,,,,,,
,,,,,,,,,,
,,,,,,,,,,
,,,,,,,,,,
,,,,,,,,,,
,,,,,,,,,,
,,,,,,,,,,
,,,,,,,,,,
,,,,,,,,,,
,,,,,,,,,,
,,,,,,,,,,
,,,,,,,,,,
,,,,,,,,,,
,,,,,,,,,,
,,,,,,,,,,
,,,,,,,,,,
,,,,,,,,,,
,,,,,,,,,,
,,,,,,,,,,
,,,,,,,,,,
,,,,,,,,,,
,,,,,,,,,,
,,,,,,,,,,
,,,,,,,,,,
,,,,,,,,,,
,,,,,,,,,,
,,,,,,,,,,
,,,,,,,,,,
,,,,,,,,,,
,,,,,,,,,,
,,,,,,,,,,
,,,,,,,,,,
,,,,,,,,,,
,,,,,,,,,,
,,,,,,,,,,
,,,,,,,,,,
,,,,,,,,,,
,,,,,,,,,,
,,,,,,,,,,
,,,,,,,,,,
,,,,,,,,,,
,,,,,,,,,,
,,,,,,,,,,
,,,,,,,,,,
,,,,,,,,,,
,,,,,,,,,,
,,,,,,,,,,
,,,,,,,,,,
,,,,,,,,,,
,,,,,,,,,,
,,,,,,,,,,
,,,,,,,,,,
,,,,,,,,,,
,,,,,,,,,,
,,,,,,,,,,
,,,,,,,,,,
,,,,,,,,,,
,,,,,,,,,,
,,,,,,,,,,
,,,,,,,,,,
,,,,,,,,,,
,,,,,,,,,,
,,,,,,,,,,
,,,,,,,,,,
,,,,,,,,,,
,,,,,,,,,,
,,,,,,,,,,
,,,,,,,,,,
,,,,,,,,,,
,,,,,,,,,,
,,,,,,,,,,
,,,,,,,,,,
,,,,,,,,,,
,,,,,,,,,,
,,,,,,,,,,
,,,,,,,,,,
,,,,,,,,,,
,,,,,,,,,,
,,,,,,,,,,
,,,,,,,,,,
,,,,,,,,,,
,,,,,,,,,,
,,,,,,,,,,
,,,,,,,,,,
,,,,,,,,,,
,,,,,,,,,,
,,,,,,,,,,
,,,,,,,,,,
,,,,,,,,,,
,,,,,,,,,,
,,,,,,,,,,
,,,,,,,,,,
,,,,,,,,,,
,,,,,,,,,,
,,,,,,,,,,
,,,,,,,,,,
,,,,,,,,,,
,,,,,,,,,,
,,,,,,,,,,
,,,,,,,,,,
,,,,,,,,,,
,,,,,,,,,,
,,,,,,,,,,
,,,,,,,,,,
,,,,,,,,,,
,,,,,,,,,,
,,,,,,,,,,
,,,,,,,,,,
,,,,,,,,,,
,,,,,,,,,,
,,,,,,,,,,
,,,,,,,,,,
,,,,,,,,,,
,,,,,,,,,,
,,,,,,,,,,
,,,,,,,,,,
,,,,,,,,,,
,,,,,,,,,,
,,,,,,,,,,
,,,,,,,,,,
,,,,,,,,,,
,,,,,,,,,,
,,,,,,,,,,
,,,,,,,,,,
,,,,,,,,,,
,,,,,,,,,,
,,,,,,,,,,
,,,,,,,,,,
,,,,,,,,,,
,,,,,,,,,,
,,,,,,,,,,
,,,,,,,,,,
,,,,,,,,,,
,,,,,,,,,,
,,,,,,,,,,
,,,,,,,,,,
,,,,,,,,,,
,,,,,,,,,,
,,,,,,,,,,
,,,,,,,,,,
,,,,,,,,,,
,,,,,,,,,,
,,,,,,,,,,
,,,,,,,,,,
,,,,,,,,,,
,,,,,,,,,,
,,,,,,,,,,
,,,,,,,,,,
,,,,,,,,,,
,,,,,,,,,,
,,,,,,,,,,
,,,,,,,,,,
,,,,,,,,,,
,,,,,,,,,,
,,,,,,,,,,
,,,,,,,,,,
,,,,,,,,,,
,,,,,,,,,,
,,,,,,,,,,
,,,,,,,,,,
,,,,,,,,,,
,,,,,,,,,,
,,,,,,,,,,
,,,,,,,,,,
,,,,,,,,,,
,,,,,,,,,,
,,,,,,,,,,
,,,,,,,,,,
,,,,,,,,,,
,,,,,,,,,,
,,,,,,,,,,
,,,,,,,,,,
,,,,,,,,,,
,,,,,,,,,,
,,,,,,,,,,
,,,,,,,,,,
,,,,,,,,,,
,,,,,,,,,,
,,,,,,,,,,
,,,,,,,,,,
,,,,,,,,,,
,,,,,,,,,,
,,,,,,,,,,
,,,,,,,,,,
,,,,,,,,,,
,,,,,,,,,,
,,,,,,,,,,
,,,,,,,,,,
,,,,,,,,,,
,,,,,,,,,,
,,,,,,,,,,
,,,,,,,,,,
,,,,,,,,,,
,,,,,,,,,,
,,,,,,,,,,
,,,,,,,,,,
,,,,,,,,,,
,,,,,,,,,,
,,,,,,,,,,
,,,,,,,,,,
,,,,,,,,,,
,,,,,,,,,,
,,,,,,,,,,
,,,,,,,,,,
,,,,,,,,,,
,,,,,,,,,,
,,,,,,,,,,
,,,,,,,,,,
,,,,,,,,,,
,,,,,,,,,,
,,,,,,,,,,
,,,,,,,,,,
,,,,,,,,,,
,,,,,,,,,,
,,,,,,,,,,
,,,,,,,,,,
,,,,,,,,,,
,,,,,,,,,,
,,,,,,,,,,
,,,,,,,,,,
,,,,,,,,,,
,,,,,,,,,,
,,,,,,,,,,
,,,,,,,,,,
,,,,,,,,,,
,,,,,,,,,,
,,,,,,,,,,
,,,,,,,,,,
,,,,,,,,,,
,,,,,,,,,,
,,,,,,,,,,
,,,,,,,,,,
,,,,,,,,,,
,,,,,,,,,,
,,,,,,,,,,
,,,,,,,,,,
,,,,,,,,,,
,,,,,,,,,,
,,,,,,,,,,
,,,,,,,,,,
,,,,,,,,,,
,,,,,,,,,,
,,,,,,,,,,
,,,,,,,,,,
,,,,,,,,,,
,,,,,,,,,,
,,,,,,,,,,
,,,,,,,,,,
,,,,,,,,,,
,,,,,,,,,,
,,,,,,,,,,
,,,,,,,,,,
,,,,,,,,,,
,,,,,,,,,,
,,,,,,,,,,
,,,,,,,,,,
,,,,,,,,,,
,,,,,,,,,,
,,,,,,,,,,
,,,,,,,,,,
,,,,,,,,,,
,,,,,,,,,,
,,,,,,,,,,
,,,,,,,,,,
,,,,,,,,,,
,,,,,,,,,,
,,,,,,,,,,
,,,,,,,,,,
,,,,,,,,,,
,,,,,,,,,,
,,,,,,,,,,
,,,,,,,,,,
,,,,,,,,,,
,,,,,,,,,,
,,,,,,,,,,
,,,,,,,,,,
,,,,,,,,,,
,,,,,,,,,,
,,,,,,,,,,
,,,,,,,,,,
,,,,,,,,,,
,,,,,,,,,,
,,,,,,,,,,
,,,,,,,,,,
,,,,,,,,,,
,,,,,,,,,,
,,,,,,,,,,
,,,,,,,,,,
,,,,,,,,,,
,,,,,,,,,,
,,,,,,,,,,
,,,,,,,,,,
,,,,,,,,,,
,,,,,,,,,,
,,,,,,,,,,
,,,,,,,,,,
,,,,,,,,,,
,,,,,,,,,,
,,,,,,,,,,
,,,,,,,,,,
,,,,,,,,,,
,,,,,,,,,,
,,,,,,,,,,
,,,,,,,,,,
,,,,,,,,,,
,,,,,,,,,,
,,,,,,,,,,
,,,,,,,,,,
,,,,,,,,,,
,,,,,,,,,,
,,,,,,,,,,
,,,,,,,,,,
,,,,,,,,,,
,,,,,,,,,,
,,,,,,,,,,
,,,,,,,,,,
,,,,,,,,,,
,,,,,,,,,,
,,,,,,,,,,
,,,,,,,,,,
,,,,,,,,,,
,,,,,,,,,,
,,,,,,,,,,
,,,,,,,,,,
,,,,,,,,,,
,,,,,,,,,,
,,,,,,,,,,
,,,,,,,,,,
,,,,,,,,,,
,,,,,,,,,,
,,,,,,,,,,
,,,,,,,,,,
,,,,,,,,,,
,,,,,,,,,,
,,,,,,,,,,
,,,,,,,,,,
,,,,,,,,,,
,,,,,,,,,,
,,,,,,,,,,
,,,,,,,,,,
,,,,,,,,,,
,,,,,,,,,,
,,,,,,,,,,
,,,,,,,,,,
,,,,,,,,,,
,,,,,,,,,,
,,,,,,,,,,
,,,,,,,,,,
,,,,,,,,,,
,,,,,,,,,,
,,,,,,,,,,
,,,,,,,,,,
,,,,,,,,,,
,,,,,,,,,,
,,,,,,,,,,
,,,,,,,,,,
,,,,,,,,,,
,,,,,,,,,,
,,,,,,,,,,
,,,,,,,,,,
,,,,,,,,,,
,,,,,,,,,,
,,,,,,,,,,
,,,,,,,,,,
,,,,,,,,,,
,,,,,,,,,,
,,,,,,,,,,
,,,,,,,,,,
,,,,,,,,,,
,,,,,,,,,,
,,,,,,,,,,
,,,,,,,,,,
,,,,,,,,,,
,,,,,,,,,,
,,,,,,,,,,
,,,,,,,,,,
,,,,,,,,,,
,,,,,,,,,,
,,,,,,,,,,
,,,,,,,,,,
,,,,,,,,,,
,,,,,,,,,,
,,,,,,,,,,
,,,,,,,,,,
,,,,,,,,,,
,,,,,,,,,,
,,,,,,,,,,
,,,,,,,,,,
,,,,,,,,,,
,,,,,,,,,,
,,,,,,,,,,
,,,,,,,,,,
,,,,,,,,,,
,,,,,,,,,,
,,,,,,,,,,
,,,,,,,,,,
,,,,,,,,,,
,,,,,,,,,,
,,,,,,,,,,
,,,,,,,,,,
,,,,,,,,,,
,,,,,,,,,,
,,,,,,,,,,
,,,,,,,,,,
,,,,,,,,,,
,,,,,,,,,,
,,,,,,,,,,
,,,,,,,,,,
,,,,,,,,,,
,,,,,,,,,,
,,,,,,,,,,
,,,,,,,,,,
,,,,,,,,,,
,,,,,,,,,,
,,,,,,,,,,
,,,,,,,,,,
,,,,,,,,,,
,,,,,,,,,,
,,,,,,,,,,
,,,,,,,,,,
,,,,,,,,,,
,,,,,,,,,,
,,,,,,,,,,
,,,,,,,,,,
,,,,,,,,,,
,,,,,,,,,,
,,,,,,,,,,
,,,,,,,,,,
,,,,,,,,,,
,,,,,,,,,,
,,,,,,,,,,
,,,,,,,,,,
,,,,,,,,,,
,,,,,,,,,,
,,,,,,,,,,
,,,,,,,,,,
,,,,,,,,,,
,,,,,,,,,,
,,,,,,,,,,
,,,,,,,,,,
,,,,,,,,,,
,,,,,,,,,,
,,,,,,,,,,
,,,,,,,,,,
,,,,,,,,,,
,,,,,,,,,,
,,,,,,,,,,
,,,,,,,,,,
,,,,,,,,,,
,,,,,,,,,,
,,,,,,,,,,
,,,,,,,,,,
,,,,,,,,,,
,,,,,,,,,,
,,,,,,,,,,
,,,,,,,,,,
,,,,,,,,,,
,,,,,,,,,,
,,,,,,,,,,
,,,,,,,,,,
,,,,,,,,,,
,,,,,,,,,,
,,,,,,,,,,
,,,,,,,,,,
,,,,,,,,,,
,,,,,,,,,,
,,,,,,,,,,
,,,,,,,,,,
,,,,,,,,,,
,,,,,,,,,,
,,,,,,,,,,
,,,,,,,,,,
,,,,,,,,,,
,,,,,,,,,,
,,,,,,,,,,
,,,,,,,,,,
,,,,,,,,,,
,,,,,,,,,,
,,,,,,,,,,
,,,,,,,,,,
,,,,,,,,,,
,,,,,,,,,,
,,,,,,,,,,
,,,,,,,,,,
,,,,,,,,,,
,,,,,,,,,,
,,,,,,,,,,
,,,,,,,,,,
,,,,,,,,,,
,,,,,,,,,,
,,,,,,,,,,
,,,,,,,,,,
,,,,,,,,,,
,,,,,,,,,,
,,,,,,,,,,
,,,,,,,,,,
,,,,,,,,,,
,,,,,,,,,,
,,,,,,,,,,
,,,,,,,,,,
,,,,,,,,,,
,,,,,,,,,,
,,,,,,,,,,
,,,,,,,,,,
,,,,,,,,,,
,,,,,,,,,,
,,,,,,,,,,
,,,,,,,,,,
,,,,,,,,,,
,,,,,,,,,,
,,,,,,,,,,
,,,,,,,,,,
,,,,,,,,,,
,,,,,,,,,,
,,,,,,,,,,
,,,,,,,,,,
,,,,,,,,,,
,,,,,,,,,,
,,,,,,,,,,
,,,,,,,,,,
,,,,,,,,,,
,,,,,,,,,,
,,,,,,,,,,
,,,,,,,,,,
,,,,,,,,,,
,,,,,,,,,,
,,,,,,,,,,
,,,,,,,,,,
,,,,,,,,,,
,,,,,,,,,,
,,,,,,,,,,
,,,,,,,,,,
,,,,,,,,,,
,,,,,,,,,,
,,,,,,,,,,
,,,,,,,,,,
,,,,,,,,,,
,,,,,,,,,,
,,,,,,,,,,
,,,,,,,,,,
,,,,,,,,,,
,,,,,,,,,,
,,,,,,,,,,
,,,,,,,,,,
,,,,,,,,,,
,,,,,,,,,,
,,,,,,,,,,
,,,,,,,,,,
,,,,,,,,,,
,,,,,,,,,,
,,,,,,,,,,
,,,,,,,,,,
,,,,,,,,,,
,,,,,,,,,,
,,,,,,,,,,
,,,,,,,,,,
,,,,,,,,,,
,,,,,,,,,,
,,,,,,,,,,
,,,,,,,,,,
,,,,,,,,,,
,,,,,,,,,,
,,,,,,,,,,
,,,,,,,,,,
,,,,,,,,,,
,,,,,,,,,,
,,,,,,,,,,
,,,,,,,,,,
,,,,,,,,,,
,,,,,,,,,,
,,,,,,,,,,
,,,,,,,,,,
,,,,,,,,,,
,,,,,,,,,,
,,,,,,,,,,
,,,,,,,,,,
,,,,,,,,,,
,,,,,,,,,,
,,,,,,,,,,
,,,,,,,,,,
,,,,,,,,,,
,,,,,,,,,,
,,,,,,,,,,
,,,,,,,,,,
,,,,,,,,,,
,,,,,,,,,,
,,,,,,,,,,
,,,,,,,,,,
,,,,,,,,,,
,,,,,,,,,,
,,,,,,,,,,
,,,,,,,,,,
,,,,,,,,,,
,,,,,,,,,,
,,,,,,,,,,
,,,,,,,,,,
,,,,,,,,,,
,,,,,,,,,,
,,,,,,,,,,
,,,,,,,,,,
,,,,,,,,,,
,,,,,,,,,,
,,,,,,,,,,
,,,,,,,,,,
,,,,,,,,,,
,,,,,,,,,,
,,,,,,,,,,
,,,,,,,,,,
,,,,,,,,,,
,,,,,,,,,,
,,,,,,,,,,
,,,,,,,,,,
,,,,,,,,,,
,,,,,,,,,,
,,,,,,,,,,
,,,,,,,,,,
,,,,,,,,,,
,,,,,,,,,,
,,,,,,,,,,
,,,,,,,,,,
,,,,,,,,,,
,,,,,,,,,,
,,,,,,,,,,
,,,,,,,,,,
,,,,,,,,,,
,,,,,,,,,,
,,,,,,,,,,
,,,,,,,,,,
,,,,,,,,,,
,,,,,,,,,,
,,,,,,,,,,
,,,,,,,,,,
,,,,,,,,,,
,,,,,,,,,,
,,,,,,,,,,
,,,,,,,,,,
,,,,,,,,,,
,,,,,,,,,,
,,,,,,,,,,
,,,,,,,,,,
,,,,,,,,,,
,,,,,,,,,,
,,,,,,,,,,
,,,,,,,,,,
,,,,,,,,,,
,,,,,,,,,,
,,,,,,,,,,
,,,,,,,,,,
,,,,,,,,,,
,,,,,,,,,,
,,,,,,,,,,
,,,,,,,,,,
,,,,,,,,,,
,,,,,,,,,,
,,,,,,,,,,
,,,,,,,,,,
,,,,,,,,,,
,,,,,,,,,,
,,,,,,,,,,
,,,,,,,,,,
,,,,,,,,,,
,,,,,,,,,,
,,,,,,,,,,
,,,,,,,,,,
,,,,,,,,,,
,,,,,,,,,,
,,,,,,,,,,
,,,,,,,,,,
,,,,,,,,,,
,,,,,,,,,,
,,,,,,,,,,
,,,,,,,,,,
,,,,,,,,,,
,,,,,,,,,,
,,,,,,,,,,
,,,,,,,,,,
,,,,,,,,,,
,,,,,,,,,,
,,,,,,,,,,
,,,,,,,,,,
,,,,,,,,,,
,,,,,,,,,,
,,,,,,,,,,
,,,,,,,,,,
,,,,,,,,,,
,,,,,,,,,,
,,,,,,,,,,
,,,,,,,,,,
,,,,,,,,,,
,,,,,,,,,,
,,,,,,,,,,
,,,,,,,,,,
,,,,,,,,,,
,,,,,,,,,,
,,,,,,,,,,
,,,,,,,,,,
,,,,,,,,,,
,,,,,,,,,,
,,,,,,,,,,
,,,,,,,,,,
,,,,,,,,,,
,,,,,,,,,,
,,,,,,,,,,
,,,,,,,,,,
,,,,,,,,,,
,,,,,,,,,,
,,,,,,,,,,
,,,,,,,,,,
,,,,,,,,,,
,,,,,,,,,,
,,,,,,,,,,
,,,,,,,,,,
,,,,,,,,,,
,,,,,,,,,,
,,,,,,,,,,
,,,,,,,,,,
,,,,,,,,,,
,,,,,,,,,,
,,,,,,,,,,
,,,,,,,,,,
,,,,,,,,,,
,,,,,,,,,,
,,,,,,,,,,
,,,,,,,,,,
,,,,,,,,,,
,,,,,,,,,,
,,,,,,,,,,
,,,,,,,,,,
,,,,,,,,,,
,,,,,,,,,,
,,,,,,,,,,
,,,,,,,,,,
,,,,,,,,,,
,,,,,,,,,,
,,,,,,,,,,
,,,,,,,,,,
,,,,,,,,,,
,,,,,,,,,,
,,,,,,,,,,
,,,,,,,,,,
,,,,,,,,,,
,,,,,,,,,,
,,,,,,,,,,
,,,,,,,,,,
,,,,,,,,,,
,,,,,,,,,,
,,,,,,,,,,
,,,,,,,,,,
,,,,,,,,,,
,,,,,,,,,,
,,,,,,,,,,
,,,,,,,,,,
,,,,,,,,,,
,,,,,,,,,,
,,,,,,,,,,
,,,,,,,,,,
,,,,,,,,,,
,,,,,,,,,,
,,,,,,,,,,
,,,,,,,,,,
,,,,,,,,,,
,,,,,,,,,,
,,,,,,,,,,
,,,,,,,,,,
,,,,,,,,,,
,,,,,,,,,,
,,,,,,,,,,
,,,,,,,,,,
,,,,,,,,,,
,,,,,,,,,,
,,,,,,,,,,
,,,,,,,,,,
,,,,,,,,,,
,,,,,,,,,,
,,,,,,,,,,
,,,,,,,,,,
,,,,,,,,,,
,,,,,,,,,,
,,,,,,,,,,
,,,,,,,,,,
,,,,,,,,,,
,,,,,,,,,,
,,,,,,,,,,
,,,,,,,,,,
,,,,,,,,,,
,,,,,,,,,,
,,,,,,,,,,
,,,,,,,,,,
,,,,,,,,,,
,,,,,,,,,,
,,,,,,,,,,
,,,,,,,,,,
,,,,,,,,,,
,,,,,,,,,,
,,,,,,,,,,
,,,,,,,,,,
,,,,,,,,,,
,,,,,,,,,,
,,,,,,,,,,
,,,,,,,,,,
,,,,,,,,,,
,,,,,,,,,,
,,,,,,,,,,
,,,,,,,,,,
,,,,,,,,,,
,,,,,,,,,,
,,,,,,,,,,
,,,,,,,,,,
,,,,,,,,,,
,,,,,,,,,,
,,,,,,,,,,
,,,,,,,,,,
,,,,,,,,,,
,,,,,,,,,,
,,,,,,,,,,
,,,,,,,,,,
,,,,,,,,,,
,,,,,,,,,,
,,,,,,,,,,
,,,,,,,,,,
,,,,,,,,,,
,,,,,,,,,,
,,,,,,,,,,
,,,,,,,,,,
,,,,,,,,,,
,,,,,,,,,,
,,,,,,,,,,
,,,,,,,,,,
,,,,,,,,,,
,,,,,,,,,,
,,,,,,,,,,
,,,,,,,,,,
,,,,,,,,,,
,,,,,,,,,,
,,,,,,,,,,
,,,,,,,,,,
,,,,,,,,,,
,,,,,,,,,,
,,,,,,,,,,
,,,,,,,,,,
,,,,,,,,,,
,,,,,,,,,,
,,,,,,,,,,
,,,,,,,,,,
,,,,,,,,,,
,,,,,,,,,,
,,,,,,,,,,
,,,,,,,,,,
,,,,,,,,,,
,,,,,,,,,,
,,,,,,,,,,
,,,,,,,,,,
,,,,,,,,,,
,,,,,,,,,,
,,,,,,,,,,
,,,,,,,,,,
,,,,,,,,,,
,,,,,,,,,,
,,,,,,,,,,
,,,,,,,,,,
,,,,,,,,,,
,,,,,,,,,,
,,,,,,,,,,
,,,,,,,,,,
,,,,,,,,,,
,,,,,,,,,,
,,,,,,,,,,
,,,,,,,,,,
,,,,,,,,,,
,,,,,,,,,,
,,,,,,,,,,
,,,,,,,,,,
,,,,,,,,,,
,,,,,,,,,,
,,,,,,,,,,
,,,,,,,,,,
,,,,,,,,,,
,,,,,,,,,,
,,,,,,,,,,
,,,,,,,,,,
,,,,,,,,,,
,,,,,,,,,,
,,,,,,,,,,
,,,,,,,,,,
,,,,,,,,,,
,,,,,,,,,,
,,,,,,,,,,
,,,,,,,,,,
,,,,,,,,,,
,,,,,,,,,,
,,,,,,,,,,
,,,,,,,,,,
,,,,,,,,,,
,,,,,,,,,,
,,,,,,,,,,
,,,,,,,,,,
,,,,,,,,,,
,,,,,,,,,,
,,,,,,,,,,
,,,,,,,,,,
,,,,,,,,,,
,,,,,,,,,,
,,,,,,,,,,
,,,,,,,,,,
,,,,,,,,,,
,,,,,,,,,,
,,,,,,,,,,
,,,,,,,,,,
,,,,,,,,,,
,,,,,,,,,,
,,,,,,,,,,
,,,,,,,,,,
,,,,,,,,,,
,,,,,,,,,,
,,,,,,,,,,
,,,,,,,,,,
,,,,,,,,,,
,,,,,,,,,,
,,,,,,,,,,
,,,,,,,,,,
,,,,,,,,,,
,,,,,,,,,,
,,,,,,,,,,
,,,,,,,,,,
,,,,,,,,,,
,,,,,,,,,,
,,,,,,,,,,
,,,,,,,,,,
,,,,,,,,,,
,,,,,,,,,,
,,,,,,,,,,
,,,,,,,,,,
,,,,,,,,,,
,,,,,,,,,,
,,,,,,,,,,
,,,,,,,,,,
,,,,,,,,,,
,,,,,,,,,,
,,,,,,,,,,
,,,,,,,,,,
,,,,,,,,,,
,,,,,,,,,,
,,,,,,,,,,
,,,,,,,,,,
,,,,,,,,,,
,,,,,,,,,,
,,,,,,,,,,
,,,,,,,,,,
,,,,,,,,,,
,,,,,,,,,,
,,,,,,,,,,
,,,,,,,,,,
,,,,,,,,,,
,,,,,,,,,,
,,,,,,,,,,
,,,,,,,,,,
,,,,,,,,,,
,,,,,,,,,,
,,,,,,,,,,
,,,,,,,,,,
,,,,,,,,,,
,,,,,,,,,,
,,,,,,,,,,
,,,,,,,,,,
,,,,,,,,,,
,,,,,,,,,,
,,,,,,,,,,
,,,,,,,,,,
,,,,,,,,,,
,,,,,,,,,,
,,,,,,,,,,
,,,,,,,,,,
,,,,,,,,,,
,,,,,,,,,,
,,,,,,,,,,
,,,,,,,,,,
,,,,,,,,,,
,,,,,,,,,,
,,,,,,,,,,
,,,,,,,,,,
,,,,,,,,,,
,,,,,,,,,,
,,,,,,,,,,
,,,,,,,,,,
,,,,,,,,,,
,,,,,,,,,,
,,,,,,,,,,
,,,,,,,,,,
,,,,,,,,,,
,,,,,,,,,,
,,,,,,,,,,
,,,,,,,,,,
,,,,,,,,,,
,,,,,,,,,,
,,,,,,,,,,
,,,,,,,,,,
,,,,,,,,,,
,,,,,,,,,,
,,,,,,,,,,
,,,,,,,,,,
,,,,,,,,,,
,,,,,,,,,,
,,,,,,,,,,
,,,,,,,,,,
,,,,,,,,,,
,,,,,,,,,,
,,,,,,,,,,
,,,,,,,,,,
,,,,,,,,,,
,,,,,,,,,,
,,,,,,,,,,
,,,,,,,,,,
,,,,,,,,,,
,,,,,,,,,,
,,,,,,,,,,
,,,,,,,,,,
,,,,,,,,,,
,,,,,,,,,,
,,,,,,,,,,
,,,,,,,,,,
,,,,,,,,,,
,,,,,,,,,,
,,,,,,,,,,
,,,,,,,,,,
,,,,,,,,,,
,,,,,,,,,,
,,,,,,,,,,
,,,,,,,,,,
,,,,,,,,,,
,,,,,,,,,,
,,,,,,,,,,
,,,,,,,,,,
,,,,,,,,,,
,,,,,,,,,,
,,,,,,,,,,
,,,,,,,,,,
,,,,,,,,,,
,,,,,,,,,,
,,,,,,,,,,
,,,,,,,,,,
,,,,,,,,,,
,,,,,,,,,,
,,,,,,,,,,
,,,,,,,,,,
,,,,,,,,,,
,,,,,,,,,,
,,,,,,,,,,
,,,,,,,,,,
,,,,,,,,,,
,,,,,,,,,,
,,,,,,,,,,
,,,,,,,,,,
,,,,,,,,,,
,,,,,,,,,,
,,,,,,,,,,
,,,,,,,,,,
,,,,,,,,,,
,,,,,,,,,,
,,,,,,,,,,
,,,,,,,,,,
,,,,,,,,,,
,,,,,,,,,,
,,,,,,,,,,
,,,,,,,,,,
,,,,,,,,,,
,,,,,,,,,,
,,,,,,,,,,
,,,,,,,,,,
,,,,,,,,,,
,,,,,,,,,,
,,,,,,,,,,
,,,,,,,,,,
,,,,,,,,,,
,,,,,,,,,,
,,,,,,,,,,
,,,,,,,,,,
,,,,,,,,,,
,,,,,,,,,,
,,,,,,,,,,
,,,,,,,,,,
,,,,,,,,,,
,,,,,,,,,,
,,,,,,,,,,
,,,,,,,,,,
,,,,,,,,,,
,,,,,,,,,,
,,,,,,,,,,
,,,,,,,,,,
,,,,,,,,,,
,,,,,,,,,,
,,,,,,,,,,
,,,,,,,,,,
,,,,,,,,,,
,,,,,,,,,,
,,,,,,,,,,
,,,,,,,,,,
,,,,,,,,,,
,,,,,,,,,,
,,,,,,,,,,
,,,,,,,,,,
,,,,,,,,,,
,,,,,,,,,,
,,,,,,,,,,
,,,,,,,,,,
,,,,,,,,,,
,,,,,,,,,,
,,,,,,,,,,
,,,,,,,,,,
,,,,,,,,,,
,,,,,,,,,,
,,,,,,,,,,
,,,,,,,,,,
,,,,,,,,,,
,,,,,,,,,,
,,,,,,,,,,
,,,,,,,,,,
,,,,,,,,,,
,,,,,,,,,,
,,,,,,,,,,
,,,,,,,,,,
,,,,,,,,,,
,,,,,,,,,,
,,,,,,,,,,
,,,,,,,,,,
,,,,,,,,,,
,,,,,,,,,,
,,,,,,,,,,
,,,,,,,,,,
,,,,,,,,,,
,,,,,,,,,,
,,,,,,,,,,
,,,,,,,,,,
,,,,,,,,,,
,,,,,,,,,,
,,,,,,,,,,
,,,,,,,,,,
,,,,,,,,,,
,,,,,,,,,,
,,,,,,,,,,
,,,,,,,,,,
,,,,,,,,,,
,,,,,,,,,,
,,,,,,,,,,
,,,,,,,,,,
,,,,,,,,,,
,,,,,,,,,,
,,,,,,,,,,
,,,,,,,,,,
,,,,,,,,,,
,,,,,,,,,,
,,,,,,,,,,
,,,,,,,,,,
,,,,,,,,,,
,,,,,,,,,,
,,,,,,,,,,
,,,,,,,,,,
,,,,,,,,,,
,,,,,,,,,,
,,,,,,,,,,
,,,,,,,,,,
,,,,,,,,,,
,,,,,,,,,,
,,,,,,,,,,
,,,,,,,,,,
,,,,,,,,,,
,,,,,,,,,,
,,,,,,,,,,
,,,,,,,,,,
,,,,,,,,,,
,,,,,,,,,,
,,,,,,,,,,
,,,,,,,,,,
,,,,,,,,,,
,,,,,,,,,,
,,,,,,,,,,
,,,,,,,,,,
,,,,,,,,,,
,,,,,,,,,,
,,,,,,,,,,
,,,,,,,,,,
,,,,,,,,,,
,,,,,,,,,,
,,,,,,,,,,
,,,,,,,,,,
,,,,,,,,,,
,,,,,,,,,,
,,,,,,,,,,
,,,,,,,,,,
,,,,,,,,,,
,,,,,,,,,,
,,,,,,,,,,
,,,,,,,,,,
,,,,,,,,,,
,,,,,,,,,,
,,,,,,,,,,
,,,,,,,,,,
,,,,,,,,,,
,,,,,,,,,,
,,,,,,,,,,
,,,,,,,,,,
,,,,,,,,,,
,,,,,,,,,,
,,,,,,,,,,
,,,,,,,,,,
,,,,,,,,,,
,,,,,,,,,,
,,,,,,,,,,
,,,,,,,,,,
,,,,,,,,,,
,,,,,,,,,,
,,,,,,,,,,
,,,,,,,,,,
,,,,,,,,,,
,,,,,,,,,,
,,,,,,,,,,
,,,,,,,,,,
,,,,,,,,,,
,,,,,,,,,,
,,,,,,,,,,
,,,,,,,,,,
,,,,,,,,,,
,,,,,,,,,,
,,,,,,,,,,
,,,,,,,,,,
,,,,,,,,,,
,,,,,,,,,,
,,,,,,,,,,
,,,,,,,,,,
,,,,,,,,,,
,,,,,,,,,,
,,,,,,,,,,
,,,,,,,,,,
,,,,,,,,,,
,,,,,,,,,,
,,,,,,,,,,
,,,,,,,,,,
,,,,,,,,,,
,,,,,,,,,,
,,,,,,,,,,
,,,,,,,,,,
,,,,,,,,,,
,,,,,,,,,,
,,,,,,,,,,
,,,,,,,,,,
,,,,,,,,,,
,,,,,,,,,,
,,,,,,,,,,
,,,,,,,,,,
,,,,,,,,,,
,,,,,,,,,,
,,,,,,,,,,
,,,,,,,,,,
,,,,,,,,,,
,,,,,,,,,,
,,,,,,,,,,
,,,,,,,,,,
,,,,,,,,,,
,,,,,,,,,,
,,,,,,,,,,
,,,,,,,,,,
,,,,,,,,,,
,,,,,,,,,,
,,,,,,,,,,
,,,,,,,,,,
,,,,,,,,,,
,,,,,,,,,,
,,,,,,,,,,
,,,,,,,,,,
,,,,,,,,,,
,,,,,,,,,,
,,,,,,,,,,
,,,,,,,,,,
,,,,,,,,,,
,,,,,,,,,,
,,,,,,,,,,
,,,,,,,,,,
,,,,,,,,,,
,,,,,,,,,,
,,,,,,,,,,
,,,,,,,,,,
,,,,,,,,,,
,,,,,,,,,,
,,,,,,,,,,
,,,,,,,,,,
,,,,,,,,,,
,,,,,,,,,,
,,,,,,,,,,
,,,,,,,,,,
,,,,,,,,,,
,,,,,,,,,,
,,,,,,,,,,
,,,,,,,,,,
,,,,,,,,,,
,,,,,,,,,,
,,,,,,,,,,
,,,,,,,,,,
,,,,,,,,,,
,,,,,,,,,,
,,,,,,,,,,
,,,,,,,,,,
,,,,,,,,,,
,,,,,,,,,,
,,,,,,,,,,
,,,,,,,,,,
,,,,,,,,,,
,,,,,,,,,,
,,,,,,,,,,
,,,,,,,,,,
,,,,,,,,,,
,,,,,,,,,,
,,,,,,,,,,
,,,,,,,,,,
,,,,,,,,,,
,,,,,,,,,,
,,,,,,,,,,
,,,,,,,,,,
,,,,,,,,,,
,,,,,,,,,,
,,,,,,,,,,
,,,,,,,,,,
,,,,,,,,,,
,,,,,,,,,,
,,,,,,,,,,
,,,,,,,,,,
,,,,,,,,,,
,,,,,,,,,,
,,,,,,,,,,
,,,,,,,,,,
,,,,,,,,,,
,,,,,,,,,,
,,,,,,,,,,
,,,,,,,,,,
,,,,,,,,,,
,,,,,,,,,,
,,,,,,,,,,
,,,,,,,,,,
,,,,,,,,,,
,,,,,,,,,,
,,,,,,,,,,
,,,,,,,,,,
,,,,,,,,,,
,,,,,,,,,,
,,,,,,,,,,
,,,,,,,,,,
,,,,,,,,,,
,,,,,,,,,,
,,,,,,,,,,
,,,,,,,,,,
,,,,,,,,,,
,,,,,,,,,,
,,,,,,,,,,
,,,,,,,,,,
,,,,,,,,,,
,,,,,,,,,,
,,,,,,,,,,
,,,,,,,,,,
,,,,,,,,,,
,,,,,,,,,,
,,,,,,,,,,
,,,,,,,,,,
,,,,,,,,,,
,,,,,,,,,,
,,,,,,,,,,
,,,,,,,,,,
,,,,,,,,,,
,,,,,,,,,,
,,,,,,,,,,
,,,,,,,,,,
,,,,,,,,,,
,,,,,,,,,,
,,,,,,,,,,
,,,,,,,,,,
,,,,,,,,,,
,,,,,,,,,,
,,,,,,,,,,
,,,,,,,,,,
,,,,,,,,,,
,,,,,,,,,,
,,,,,,,,,,
,,,,,,,,,,
,,,,,,,,,,
,,,,,,,,,,
,,,,,,,,,,
,,,,,,,,,,
,,,,,,,,,,
,,,,,,,,,,
,,,,,,,,,,
,,,,,,,,,,
,,,,,,,,,,
,,,,,,,,,,
,,,,,,,,,,
,,,,,,,,,,
,,,,,,,,,,
,,,,,,,,,,
,,,,,,,,,,
,,,,,,,,,,
,,,,,,,,,,
,,,,,,,,,,
,,,,,,,,,,
,,,,,,,,,,
,,,,,,,,,,
,,,,,,,,,,
,,,,,,,,,,
,,,,,,,,,,
,,,,,,,,,,
,,,,,,,,,,
,,,,,,,,,,
,,,,,,,,,,
,,,,,,,,,,
,,,,,,,,,,
,,,,,,,,,,
,,,,,,,,,,
,,,,,,,,,,
,,,,,,,,,,
,,,,,,,,,,
,,,,,,,,,,
,,,,,,,,,,
,,,,,,,,,,
,,,,,,,,,,
,,,,,,,,,,
,,,,,,,,,,
,,,,,,,,,,
,,,,,,,,,,
,,,,,,,,,,
,,,,,,,,,,
,,,,,,,,,,
,,,,,,,,,,
,,,,,,,,,,
,,,,,,,,,,
,,,,,,,,,,
,,,,,,,,,,
,,,,,,,,,,
,,,,,,,,,,
,,,,,,,,,,
,,,,,,,,,,
,,,,,,,,,,
,,,,,,,,,,
,,,,,,,,,,
,,,,,,,,,,
,,,,,,,,,,
,,,,,,,,,,
,,,,,,,,,,
,,,,,,,,,,
,,,,,,,,,,
,,,,,,,,,,
,,,,,,,,,,
,,,,,,,,,,
,,,,,,,,,,
,,,,,,,,,,
,,,,,,,,,,
,,,,,,,,,,
,,,,,,,,,,
,,,,,,,,,,
,,,,,,,,,,
,,,,,,,,,,
,,,,,,,,,,
,,,,,,,,,,
,,,,,,,,,,
,,,,,,,,,,
,,,,,,,,,,
,,,,,,,,,,
,,,,,,,,,,
,,,,,,,,,,
,,,,,,,,,,
,,,,,,,,,,
,,,,,,,,,,
,,,,,,,,,,
,,,,,,,,,,
,,,,,,,,,,
,,,,,,,,,,
,,,,,,,,,,
,,,,,,,,,,
,,,,,,,,,,
,,,,,,,,,,
,,,,,,,,,,
,,,,,,,,,,
,,,,,,,,,,
,,,,,,,,,,
,,,,,,,,,,
,,,,,,,,,,
,,,,,,,,,,
,,,,,,,,,,
,,,,,,,,,,
,,,,,,,,,,
,,,,,,,,,,
,,,,,,,,,,
,,,,,,,,,,
,,,,,,,,,,
,,,,,,,,,,
,,,,,,,,,,
,,,,,,,,,,
,,,,,,,,,,
,,,,,,,,,,
,,,,,,,,,,
,,,,,,,,,,
,,,,,,,,,,
,,,,,,,,,,
,,,,,,,,,,
,,,,,,,,,,
,,,,,,,,,,
,,,,,,,,,,
,,,,,,,,,,
,,,,,,,,,,
,,,,,,,,,,
,,,,,,,,,,
,,,,,,,,,,
,,,,,,,,,,
,,,,,,,,,,
,,,,,,,,,,
,,,,,,,,,,
,,,,,,,,,,
,,,,,,,,,,
,,,,,,,,,,
,,,,,,,,,,
,,,,,,,,,,
,,,,,,,,,,
,,,,,,,,,,
,,,,,,,,,,
,,,,,,,,,,
,,,,,,,,,,
,,,,,,,,,,
,,,,,,,,,,
,,,,,,,,,,
,,,,,,,,,,
,,,,,,,,,,
,,,,,,,,,,
,,,,,,,,,,
,,,,,,,,,,
,,,,,,,,,,
,,,,,,,,,,
,,,,,,,,,,
,,,,,,,,,,
,,,,,,,,,,
,,,,,,,,,,
,,,,,,,,,,
,,,,,,,,,,
,,,,,,,,,,
,,,,,,,,,,
,,,,,,,,,,
,,,,,,,,,,
,,,,,,,,,,
,,,,,,,,,,
,,,,,,,,,,
,,,,,,,,,,
,,,,,,,,,,
,,,,,,,,,,
,,,,,,,,,,
,,,,,,,,,,
,,,,,,,,,,
,,,,,,,,,,
,,,,,,,,,,
,,,,,,,,,,
,,,,,,,,,,
,,,,,,,,,,
,,,,,,,,,,
,,,,,,,,,,
,,,,,,,,,,
,,,,,,,,,,
,,,,,,,,,,
,,,,,,,,,,
,,,,,,,,,,
,,,,,,,,,,
,,,,,,,,,,
,,,,,,,,,,
,,,,,,,,,,
,,,,,,,,,,
,,,,,,,,,,
,,,,,,,,,,
,,,,,,,,,,
,,,,,,,,,,
,,,,,,,,,,
,,,,,,,,,,
,,,,,,,,,,
,,,,,,,,,,
,,,,,,,,,,
,,,,,,,,,,
,,,,,,,,,,
,,,,,,,,,,
,,,,,,,,,,
,,,,,,,,,,
,,,,,,,,,,
,,,,,,,,,,
,,,,,,,,,,
,,,,,,,,,,
,,,,,,,,,,
,,,,,,,,,,
,,,,,,,,,,
,,,,,,,,,,
,,,,,,,,,,
,,,,,,,,,,
,,,,,,,,,,
,,,,,,,,,,
,,,,,,,,,,
,,,,,,,,,,
,,,,,,,,,,
,,,,,,,,,,
,,,,,,,,,,
,,,,,,,,,,
,,,,,,,,,,
,,,,,,,,,,
,,,,,,,,,,
,,,,,,,,,,
,,,,,,,,,,
,,,,,,,,,,
,,,,,,,,,,
,,,,,,,,,,
,,,,,,,,,,
,,,,,,,,,,
,,,,,,,,,,
,,,,,,,,,,
,,,,,,,,,,
,,,,,,,,,,
,,,,,,,,,,
,,,,,,,,,,
,,,,,,,,,,
,,,,,,,,,,
,,,,,,,,,,
,,,,,,,,,,
,,,,,,,,,,
,,,,,,,,,,
,,,,,,,,,,
