Species,Specimen_num,bay,site #,date,Month,Year,J_date,temp,sal,capture method,age,TL,SL,wwt,sex,liver_wwt,mksht_body_evics_wwt,per_stom_wt,Kwet,Kwet_evic,HIS_wet,wholeFA,per_liver_FA,per_musc_FA
Pacific cod,EFH18/19-181,Cook Bay,EG South,6/28/2018,June,2018,179,10.8,17.0,beach seine,0,55,51,1.3324,I,0.0220,1.0932,6.12,0.80,0.74,0.017903646,10.108,16.294,83.706
Pacific cod,EFH18/19-182,Cook Bay,EG South,6/28/2018,June,2018,179,10.8,17.0,beach seine,0,53,49,1.2147,I,0.0136,0.9831,6.55,0.82,0.75,0.012126616,8.172,11.063,88.937
Pacific cod,EFH18/19-183,Cook Bay,EG South,6/28/2018,June,2018,179,10.8,17.0,beach seine,0,54,51,1.3385,I,0.0101,1.1019,5.04,0.85,0.80,0.008009516,6.705,5.335,94.665
Pacific cod,EFH18/19-184,Cook Bay,EG South,6/28/2018,June,2018,179,10.8,17.0,beach seine,0,59,54,1.7724,I,0.0101,1.4262,8.09,0.86,0.79,0.006238804,6.832,5.154,94.846
Pacific cod,EFH18/19-185,Cook Bay,EG South,6/28/2018,June,2018,179,10.8,17.0,beach seine,0,61,56,1.9534,I,0.0361,1.5400,6.33,0.86,0.79,0.020125997,12.360,35.223,64.777
Pacific cod,EFH18/19-186,Cook Bay,EG South,6/28/2018,June,2018,179,10.8,17.0,beach seine,0,51,47,0.9297,I,0.0021,0.7420,3.90,0.70,0.67,0.002356109,5.746,0.775,99.225
Pacific cod,EFH18/19-187,Cook Bay,EG South,6/28/2018,June,2018,179,10.8,17.0,beach seine,0,38,35,0.4273,I,0.0014,0.3158,4.70,0.78,0.74,0.003449975,3.375,0.569,99.431
Pacific cod,EFH18/19-188,Cook Bay,EG South,6/28/2018,June,2018,179,10.8,17.0,beach seine,0,37,34,0.3457,I,0.0012,0.2383,2.78,0.68,0.66,0.003583159,2.631,0.601,99.399
Pacific cod,EFH18/19-189,Cook Bay,EG South,6/28/2018,June,2018,179,10.8,17.0,beach seine,0,41,38,0.5249,I,0.0025,0.3716,4.76,0.76,0.72,0.005026136,3.887,1.172,98.828
Pacific cod,EFH18/19-190,Cook Bay,EG South,6/28/2018,June,2018,179,10.8,17.0,beach seine,0,53,48,1.1329,I,0.0046,0.8381,5.44,0.76,0.72,0.004312365,7.784,4.614,95.386
Pacific cod,EFH18/19-191,Cook Bay,EG South,6/28/2018,June,2018,179,10.8,17.0,beach seine,0,53,48,1.3326,I,0.0097,1.1366,4.42,0.90,0.85,0.007674051,7.578,5.471,94.529
Pacific cod,EFH18/19-192,Cook Bay,EG South,6/28/2018,June,2018,179,10.8,17.0,beach seine,0,50,46,1.0315,I,0.0072,0.8600,4.77,0.83,0.78,0.007383858,9.064,7.928,92.072
Pacific cod,EFH18/19-193,Cook Bay,EG South,6/28/2018,June,2018,179,10.8,17.0,beach seine,0,51,47,1.0470,I,0.0146,0.8501,4.69,0.79,0.74,0.014847961,7.330,14.976,85.024
Pacific cod,EFH18/19-194,Cook Bay,EG South,6/28/2018,June,2018,179,10.8,17.0,beach seine,0,62,57,2.0208,I,0.0272,1.6065,6.66,0.85,0.78,0.014631522,11.796,23.176,76.824
Pacific cod,EFH18/19-196,Cook Bay,EG South,6/28/2018,June,2018,179,10.8,17.0,beach seine,0,49,45,0.9850,I,0.0038,0.7404,8.34,0.84,0.76,0.004226449,6.197,1.181,98.819
Pacific cod,EFH18/19-197,Cook Bay,EG South,6/28/2018,June,2018,179,10.8,17.0,beach seine,0,53,50,1.1197,I,0.0057,0.9098,5.58,0.75,0.71,0.005420827,5.402,10.239,89.761
Pacific cod,EFH18/19-198,Cook Bay,EG South,6/28/2018,June,2018,179,10.8,17.0,beach seine,0,49,46,0.9363,I,0.0067,0.7676,4.68,0.80,0.75,0.007563784,6.363,1.903,98.097
Pacific cod,EFH18/19-199,Cook Bay,EG South,6/28/2018,June,2018,179,10.8,17.0,beach seine,0,53,49,1.1619,I,0.0165,0.8758,8.28,0.78,0.70,0.015726268,9.747,14.171,85.829
Pacific cod,EFH18/19-200,Cook Bay,EG South,6/28/2018,June,2018,179,10.8,17.0,beach seine,0,50,47,0.9843,I,0.0033,0.7692,7.46,0.79,0.73,0.003635963,4.005,1.889,98.111
Pacific cod,EFH18/19-96,Cook Bay,EG South,7/16/2018,July,2018,197,10.9,30.9,beach seine,0,60,56,1.7740,I,0.0175,1.3810,4.52,0.82,0.78,0.010439659,10.111,2.228,97.772
Pacific cod,EFH18/19-97,Cook Bay,EG South,7/16/2018,July,2018,197,10.9,30.9,beach seine,0,53,49,1.2140,I,0.0060,0.9466,4.18,0.82,0.78,0.005184481,7.842,1.904,98.096
Pacific cod,EFH18/19-98,Cook Bay,EG South,7/16/2018,July,2018,197,10.9,30.9,beach seine,0,54,49,1.3491,I,0.0100,1.0597,4.88,0.86,0.81,0.007854226,8.005,1.486,98.514
Pacific cod,EFH18/19-99,Cook Bay,EG South,7/16/2018,July,2018,197,10.9,30.9,beach seine,0,61,57,1.9093,I,0.0089,1.4894,5.13,0.84,0.79,0.004937587,9.597,1.403,98.597
Pacific cod,EFH18/19-100,Cook Bay,EG South,7/16/2018,July,2018,197,10.9,30.9,beach seine,0,73,67,3.1112,I,0.0245,2.6348,3.99,0.80,0.76,0.008269484,16.677,3.315,96.685
Pacific cod,EFH18/19-101,Cook Bay,EG South,7/16/2018,July,2018,197,10.9,30.9,beach seine,0,60,56,2.1394,I,0.0219,1.7485,6.82,0.99,0.91,0.011108293,11.744,10.735,89.265
Pacific cod,EFH18/19-102,Cook Bay,EG South,7/16/2018,July,2018,197,10.9,30.9,beach seine,0,65,60,2.3612,I,0.0297,1.9019,6.46,0.86,0.79,0.013630106,11.636,9.825,90.175
Pacific cod,EFH18/19-103,Cook Bay,EG South,7/16/2018,July,2018,197,10.9,30.9,beach seine,0,69,64,2.7453,I,0.0310,2.2834,3.92,0.84,0.79,0.011892887,14.012,4.240,95.760
Pacific cod,EFH18/19-104,Cook Bay,EG South,7/16/2018,July,2018,197,10.9,30.9,beach seine,0,60,56,1.8083,I,0.0153,1.5387,3.99,0.84,0.80,0.008891213,9.174,3.347,96.653
Pacific cod,EFH18/19-105,Cook Bay,EG South,7/16/2018,July,2018,197,10.9,30.9,beach seine,0,69,64,2.7233,I,0.0306,2.2723,4.12,0.83,0.79,0.011858627,14.990,3.540,96.460
Pacific cod,EFH18/19-106,Cook Bay,EG South,7/16/2018,July,2018,197,10.9,30.9,beach seine,0,73,68,2.9848,I,0.0262,2.5188,4.24,0.77,0.73,0.009251412,13.419,3.299,96.701
Pacific cod,EFH18/19-107,Cook Bay,EG South,7/16/2018,July,2018,197,10.9,30.9,beach seine,0,67,62,2.5592,I,0.0286,2.1077,3.56,0.85,0.81,0.011724194,13.279,6.755,93.245
Pacific cod,EFH18/19-108,Cook Bay,EG South,7/16/2018,July,2018,197,10.9,30.9,beach seine,0,52,48,1.1657,I,0.0079,0.9547,5.06,0.83,0.78,0.007189661,6.295,1.818,98.182
Pacific cod,EFH18/19-109,Cook Bay,EG South,7/16/2018,July,2018,197,10.9,30.9,beach seine,0,57,53,1.5418,I,0.0111,1.2114,7.58,0.83,0.76,0.007851181,6.804,2.112,97.888
Pacific cod,EFH18/19-110,Cook Bay,EG South,7/16/2018,July,2018,197,10.9,30.9,beach seine,0,67,62,2.3368,I,0.0169,1.9467,4.96,0.78,0.73,0.007667877,11.298,4.263,95.737
Pacific cod,EFH18/19-111,Cook Bay,EG South,7/16/2018,July,2018,197,10.9,30.9,beach seine,0,67,62,2.2965,I,0.0197,1.8996,5.95,0.76,0.71,0.009205177,13.268,3.027,96.973
Pacific cod,EFH18/19-112,Cook Bay,EG South,7/16/2018,July,2018,197,10.9,30.9,beach seine,0,72,67,2.9751,I,0.0199,2.5217,5.07,0.80,0.75,0.007095739,15.096,2.084,97.916
Pacific cod,EFH18/19-113,Cook Bay,EG South,7/16/2018,July,2018,197,10.9,30.9,beach seine,0,62,57,2.1402,I,0.0186,1.7634,9.27,0.90,0.81,0.009670878,7.765,7.197,92.803
Pacific cod,EFH18/19-114,Cook Bay,EG South,7/16/2018,July,2018,197,10.9,30.9,beach seine,0,67,62,2.3395,I,0.0122,2.0027,4.11,0.78,0.74,0.005468155,10.025,1.832,98.168
Pacific cod,EFH18/19-115,Cook Bay,EG South,7/16/2018,July,2018,197,10.9,30.9,beach seine,0,57,52,1.3996,I,0.0117,1.1616,6.19,0.76,0.70,0.008991009,8.652,7.292,92.708
Pacific cod,EFH18/19-116,Cook Bay,EG South,8/21/2018,Aug,2018,233,11.7,30.4,beach seine,0,83,77,5.4167,I,0.0592,4.5837,3.78,0.95,0.90,0.011489122,21.329,5.189,94.811
Pacific cod,EFH18/19-117,Cook Bay,EG South,8/21/2018,Aug,2018,233,11.7,30.4,beach seine,0,81,75,4.9392,F,0.0683,3.8936,8.46,0.93,0.84,0.015338319,20.442,11.208,88.792
Pacific cod,EFH18/19-118,Cook Bay,EG South,8/21/2018,Aug,2018,233,11.7,30.4,beach seine,0,75,70,3.7773,F,0.0379,2.9756,3.88,0.90,0.85,0.010548876,11.383,6.089,93.911
Pacific cod,EFH18/19-119,Cook Bay,EG South,8/21/2018,Aug,2018,233,11.7,30.4,beach seine,0,71,65,3.4551,M,0.0429,2.6925,6.02,0.97,0.90,0.01338826,14.028,4.816,95.184
Pacific cod,EFH18/19-120,Cook Bay,EG South,8/21/2018,Aug,2018,233,11.7,30.4,beach seine,0,87,83,7.0424,F,0.1009,5.8800,5.44,1.07,1.00,0.015384615,31.570,6.450,93.550
Pacific cod,EFH18/19-121,Cook Bay,EG South,8/21/2018,Aug,2018,233,11.7,30.4,beach seine,0,71,65,2.5478,F,0.0217,2.1724,4.09,0.71,0.68,0.008959538,7.320,4.040,95.960
Pacific cod,EFH18/19-122,Cook Bay,EG South,8/21/2018,Aug,2018,233,11.7,30.4,beach seine,0,66,62,2.4571,I,0.0118,2.0943,3.63,0.85,0.82,0.005008064,10.651,2.240,97.760
Pacific cod,EFH18/19-123,Cook Bay,EG South,8/21/2018,Aug,2018,233,11.7,30.4,beach seine,0,79,74,4.6964,F,0.0483,4.0186,4.00,0.95,0.90,0.010829354,18.978,4.447,95.553
Pacific cod,EFH18/19-124,Cook Bay,EG South,8/21/2018,Aug,2018,233,11.7,30.4,beach seine,0,100,94,9.4368,F,0.1445,7.9735,4.90,0.94,0.88,0.016364295,42.379,10.700,89.300
Pacific cod,EFH18/19-125,Cook Bay,EG South,8/21/2018,Aug,2018,233,11.7,30.4,beach seine,0,98,91,9.4029,F,0.0898,7.5418,7.72,1.00,0.91,0.010457669,32.157,8.170,91.830
Pacific cod,EFH18/19-126,Cook Bay,EG North,8/21/2018,Aug,2018,233,11.5,30.8,beach seine,0,80,75,4.5437,F,0.0280,3.7827,7.50,0.89,0.82,0.006706587,17.651,3.982,96.018
Pacific cod,EFH18/19-127,Cook Bay,EG North,8/21/2018,Aug,2018,233,11.5,30.8,beach seine,0,80,75,5.6652,F,0.0602,4.2563,15.19,1.11,0.93,0.012688376,16.633,8.923,91.077
Pacific cod,EFH18/19-128,Cook Bay,EG North,8/21/2018,Aug,2018,233,11.5,30.8,beach seine,0,78,73,4.5594,M,0.0452,3.5612,9.57,0.96,0.86,0.01108468,15.713,6.471,93.529
Pacific cod,EFH18/19-129,Cook Bay,EG North,8/21/2018,Aug,2018,233,11.5,30.8,beach seine,0,81,76,5.0264,M,0.0615,4.2487,5.26,0.95,0.88,0.013083436,15.407,6.796,93.204
Pacific cod,EFH18/19-130,Cook Bay,EG North,8/21/2018,Aug,2018,233,11.5,30.8,beach seine,0,64,60,2.2809,I,0.0167,1.8858,3.75,0.87,0.83,0.007665473,5.637,4.314,95.686
Pacific cod,EFH18/19-131,Cook Bay,EG North,8/21/2018,Aug,2018,233,11.5,30.8,beach seine,0,86,80,5.6983,M,0.0477,4.8253,5.84,0.90,0.84,0.008970212,15.854,5.387,94.613
Pacific cod,EFH18/19-132,Cook Bay,EG North,8/21/2018,Aug,2018,233,11.5,30.8,beach seine,0,84,78,5.2251,F,0.0534,4.3179,8.70,0.88,0.80,0.011320035,20.217,5.200,94.800
Pacific cod,EFH18/19-133,Cook Bay,EG North,8/21/2018,Aug,2018,233,11.5,30.8,beach seine,0,71,77,4.1499,F,0.0240,3.5189,4.07,1.16,1.11,0.006064894,13.292,1.905,98.095
Pacific cod,EFH18/19-134,Cook Bay,EG North,8/21/2018,Aug,2018,233,11.5,30.8,beach seine,0,65,60,2.2988,I,0.0082,1.9349,4.02,0.84,0.80,0.003730155,8.428,1.995,98.005
Pacific cod,EFH18/19-161,Cook Bay,EG South,9/25/2018,Sept,2018,268,10.0,24.0,beach seine,0,98,91,6.6597,M,0.0105,5.8810,2.66,0.71,0.69,0.001622373,13.771,0.985,99.015
Pacific cod,EFH18/19-162,Cook Bay,EG South,9/25/2018,Sept,2018,268,10.0,24.0,beach seine,0,91,85,6.3319,M,0.0241,5.5052,4.91,0.84,0.80,0.004018877,15.653,3.429,96.571
Pacific cod,EFH18/19-163,Cook Bay,EG South,9/25/2018,Sept,2018,268,10.0,24.0,beach seine,0,83,76,4.3754,M,0.0221,3.8192,4.73,0.77,0.73,0.005329796,14.504,3.112,96.888
Pacific cod,EFH18/19-164,Cook Bay,EG South,9/25/2018,Sept,2018,268,10.0,24.0,beach seine,0,84,77,4.9677,M,0.0091,4.0491,9.82,0.84,0.75,0.002035339,12.661,2.026,97.974
Pacific cod,EFH18/19-165,Cook Bay,EG South,9/25/2018,Sept,2018,268,10.0,24.0,beach seine,0,99,92,7.5864,M,0.0419,6.7298,4.41,0.78,0.74,0.005811696,17.930,3.297,96.703
Pacific cod,EFH18/19-166,Cook Bay,EG South,9/25/2018,Sept,2018,268,10.0,24.0,beach seine,0,78,72,3.2672,F,0.0345,2.8848,4.53,0.69,0.65,0.011184594,19.273,21.443,78.557
Pacific cod,EFH18/19-167,Cook Bay,EG South,9/25/2018,Sept,2018,268,10.0,24.0,beach seine,0,86,80,5.3554,M,0.0263,4.3835,10.27,0.84,0.75,0.005503128,15.648,5.023,94.977
Pacific cod,EFH18/19-168,Cook Bay,EG South,9/25/2018,Sept,2018,268,10.0,24.0,beach seine,0,76,70,2.7813,M,0.0204,2.4237,3.82,0.63,0.60,0.007684774,12.856,3.760,96.240
Pacific cod,EFH18/19-169,Cook Bay,EG West,9/25/2018,Sept,2018,268,11.0,32.0,beach seine,0,120,111,16.7408,F,0.1177,13.8150,9.57,0.97,0.87,0.007836062,71.429,7.453,92.547
Pacific cod,EFH18/19-170,Cook Bay,EG West,9/25/2018,Sept,2018,268,11.0,32.0,beach seine,0,84,77,4.3631,M,0.0069,3.8488,3.79,0.74,0.71,0.001646464,15.776,0.580,99.420
Pacific cod,EFH18/19-171,Cook Bay,EG West,9/25/2018,Sept,2018,268,11.0,32.0,beach seine,0,96,89,7.4213,F,0.0087,6.2201,7.01,0.84,0.78,0.001262223,21.520,0.496,99.504
Pacific cod,EFH18/19-172,Cook Bay,EG West,9/25/2018,Sept,2018,268,11.0,32.0,beach seine,0,92,85,5.9044,M,0.0107,5.0778,4.83,0.76,0.72,0.001907716,19.695,0.950,99.050
Pacific cod,EFH18/19-173,Cook Bay,EG West,9/25/2018,Sept,2018,268,11.0,32.0,beach seine,0,68,63,2.3472,I,0.0093,1.9242,4.24,0.75,0.71,0.004154939,9.043,3.531,96.469
Pacific cod,EFH18/19-174,Cook Bay,EG West,9/25/2018,Sept,2018,268,11.0,32.0,beach seine,0,79,73,3.9691,I,0.0078,3.2729,5.30,0.81,0.76,0.00207939,13.763,0.881,99.119
Pacific cod,EFH18/19-175,Cook Bay,EG West,9/25/2018,Sept,2018,268,11.0,32.0,beach seine,0,79,73,3.3860,I,0.0182,2.9215,1.78,0.69,0.67,0.005502479,9.295,3.943,96.057
Pacific cod,EFH18/19-176,Cook Bay,EG West,9/25/2018,Sept,2018,268,11.0,32.0,beach seine,0,62,57,1.3756,I,0.0024,1.1534,3.70,0.58,0.55,0.001815019,9.941,0.414,99.586
Pacific cod,EFH18/19-177,Cook Bay,EG West,9/25/2018,Sept,2018,268,11.0,32.0,beach seine,0,106,99,11.6376,M,0.0527,9.6177,9.57,0.98,0.88,0.00503266,22.711,9.478,90.522
Pacific cod,EFH18/19-178,Cook Bay,EG West,9/25/2018,Sept,2018,268,11.0,32.0,beach seine,0,92,85,7.6345,M,0.0143,6.3872,6.55,0.98,0.91,0.002008399,25.605,0.952,99.048
Pacific cod,EFH18/19-179,Cook Bay,EG West,9/25/2018,Sept,2018,268,11.0,32.0,beach seine,0,93,87,7.6717,M,0.0481,5.9998,8.51,0.95,0.87,0.006900608,20.678,7.669,92.331
Pacific cod,EFH18/19-180,Cook Bay,EG West,9/25/2018,Sept,2018,268,11.0,32.0,beach seine,0,98,91,7.9866,M,0.0345,6.7262,6.12,0.85,0.79,0.004622496,27.145,4.065,95.935
Pacific cod,EFH18/19-136,Cook Bay,EG South,10/8/2018,Oct,2018,281,9.3,30.0,beach seine,0,98,93,9.2782,M,0.0469,7.5936,8.82,0.99,0.89,0.005574573,34.254,5.256,94.744
Pacific cod,EFH18/19-137,Cook Bay,EG South,10/8/2018,Oct,2018,281,9.3,30.0,beach seine,0,79,74,4.3079,M,0.0161,3.4577,7.70,0.87,0.80,0.004065349,15.091,2.511,97.489
Pacific cod,EFH18/19-138,Cook Bay,EG South,10/8/2018,Oct,2018,281,9.3,30.0,beach seine,0,94,87,7.9803,M,0.0696,6.0926,13.92,0.96,0.82,0.010234993,31.598,19.580,80.420
Pacific cod,EFH18/19-139,Cook Bay,EG South,10/8/2018,Oct,2018,281,9.3,30.0,beach seine,0,87,80,4.6801,M,0.0205,4.0928,2.79,0.71,0.69,0.004526585,17.272,1.419,98.581
Pacific cod,EFH18/19-140,Cook Bay,EG West,10/8/2018,Oct,2018,281,8.2,31.0,beach seine,0,97,91,7.4862,M,0.0760,6.3411,6.80,0.82,0.76,0.011013056,38.646,12.398,87.602
Pacific cod,EFH18/19-141,Cook Bay,EG West,10/8/2018,Oct,2018,281,8.2,31.0,beach seine,0,103,96,9.2405,F,0.1123,7.7017,6.85,0.85,0.78,0.013218607,51.173,30.442,69.558
Pacific cod,EFH18/19-142,Cook Bay,EG West,10/8/2018,Oct,2018,281,8.2,31.0,beach seine,0,109,101,13.2919,M,0.0963,10.5219,10.51,1.03,0.91,0.008161639,54.320,19.819,80.181
Pacific cod,EFH18/19-143,Cook Bay,EG West,10/8/2018,Oct,2018,281,8.2,31.0,beach seine,0,116,108,15.9258,M,0.3312,13.0354,6.20,1.02,0.94,0.022673129,84.082,30.624,69.376
Pacific cod,EFH18/19-144,Cook Bay,EG West,10/8/2018,Oct,2018,281,8.2,31.0,beach seine,0,98,91,7.8496,M,0.1924,6.5777,5.84,0.83,0.76,0.026726305,46.797,68.634,31.366
Pacific cod,EFH18/19-145,Cook Bay,EG West,10/8/2018,Oct,2018,281,8.2,31.0,beach seine,0,93,87,7.4606,M,0.0472,6.1877,6.53,0.93,0.86,0.006814605,23.463,12.197,87.803
Pacific cod,EFH18/19-146,Cook Bay,EG West,10/8/2018,Oct,2018,281,8.2,31.0,beach seine,0,91,84,6.1377,M,0.0609,5.2115,3.58,0.81,0.78,0.010398185,29.520,16.336,83.664
Pacific cod,EFH18/19-147,Cook Bay,EG West,10/8/2018,Oct,2018,281,8.2,31.0,beach seine,0,88,83,6.5617,M,0.0653,5.2660,8.94,0.96,0.87,0.011049256,22.987,22.936,77.064
Pacific cod,EFH18/19-148,Cook Bay,EG West,10/8/2018,Oct,2018,281,8.2,31.0,beach seine,0,90,84,6.2681,M,0.0513,5.2138,7.81,0.86,0.79,0.0089571,28.921,16.096,83.904
Pacific cod,EFH18/19-149,Cook Bay,EG West,10/8/2018,Oct,2018,281,8.2,31.0,beach seine,0,94,88,7.7853,M,0.1056,6.4198,6.45,0.94,0.86,0.014712029,34.873,21.145,78.855
Pacific cod,EFH18/19-150,Cook Bay,EG West,10/8/2018,Oct,2018,281,8.2,31.0,beach seine,0,87,81,5.7342,M,0.0564,4.8478,5.23,0.87,0.82,0.01048756,22.995,26.889,73.111
Pacific cod,EFH18/19-151,Cook Bay,EG West,10/8/2018,Oct,2018,281,8.2,31.0,beach seine,0,88,82,5.2782,M,0.0346,4.3259,7.49,0.77,0.71,0.007136964,21.494,9.662,90.338
Pacific cod,EFH18/19-152,Cook Bay,EG West,10/8/2018,Oct,2018,281,8.2,31.0,beach seine,0,106,99,9.8655,M,0.0705,8.6966,3.43,0.83,0.79,0.007454874,31.158,4.964,95.036
Pacific cod,EFH18/19-153,Cook Bay,EG West,10/8/2018,Oct,2018,281,8.2,31.0,beach seine,0,95,87,6.8869,M,0.0602,5.8568,6.72,0.80,0.74,0.009459608,18.340,29.065,70.935
Pacific cod,EFH18/19-154,Cook Bay,EG West,10/8/2018,Oct,2018,281,8.2,31.0,beach seine,0,100,94,9.2933,M,0.0425,7.7776,7.02,0.93,0.86,0.004942608,29.660,12.030,87.970
Pacific cod,EFH18/19-155,Cook Bay,Lam North,10/8/2018,Oct,2018,281,8.9,31.0,beach seine,0,120,112,15.9885,M,0.1509,13.5440,5.91,0.93,0.86,0.010132957,41.378,16.366,83.634
Pacific cod,EFH18/19-156,Cook Bay,EG West,12/3/2018,Dec,2018,337,5.1,31.0,beach seine,0,85,80,5.5084,M,0.1272,4.0315,10.33,0.90,0.78,0.026433366,20.065,31.377,68.623
Pacific cod,EFH18/19-157,Cook Bay,EG West,12/3/2018,Dec,2018,337,5.1,31.0,beach seine,0,102,95,8.9747,M,0.2421,7.7727,2.83,0.85,0.80,0.028554579,53.397,30.429,69.571
Pacific cod,EFH18/19-158,Cook Bay,EG West,12/3/2018,Dec,2018,337,5.1,31.0,beach seine,0,103,96,8.2828,M,0.1203,7.2555,5.13,0.76,0.71,0.015547457,49.824,20.717,79.283
Pacific cod,EFH18/19-159,Cook Bay,EG West,12/3/2018,Dec,2018,337,5.1,31.0,beach seine,0,91,84,5.7518,M,0.1157,4.9341,3.24,0.76,0.72,0.021230137,27.844,34.893,65.107
Pacific cod,EFH18/19-160,Cook Bay,EG West,12/3/2018,Dec,2018,337,5.1,31.0,beach seine,0,88,84,5.8443,M,0.0611,4.7440,8.05,0.86,0.78,0.011500527,14.905,16.293,83.707
Pacific cod,EFH18/19-135,Cook Bay,Lam East,8/21/2018,Aug,2018,233,11.4,31.0,beach seine,0,98,91,9.2871,F,0.0663,7.6997,6.33,0.99,0.92,0.0076801,30.948,3.887,96.113
Pacific cod,EFH18/19-227,Cook Bay,EG South,6/6/2020,June,2020,158,8.3,31.9,beach seine,0,35,32,0.2645,I,0.0028,NA,3.82,0.62,0.59,0.011128776,3.474,1.791,98.209
Pacific cod,EFH18/19-228,Cook Bay,EG South,6/6/2020,June,2020,158,8.3,31.9,beach seine,0,30,27,0.2438,I,0.0021,NA,2.38,0.90,0.87,0.008902077,3.938,0.981,99.019
Pacific cod,EFH18/19-229,Cook Bay,EG South,6/6/2020,June,2020,158,8.3,31.9,beach seine,0,34,31,0.2601,I,0.0005,NA,6.92,0.66,0.61,0.002069536,2.980,0.249,99.751
Pacific cod,EFH18/19-230,Cook Bay,EG South,6/6/2020,June,2020,158,8.3,31.9,beach seine,0,32,29,0.2462,I,0.0008,NA,2.68,0.75,0.73,0.003350084,3.052,0.179,99.821
Pacific cod,EFH18/19-235,Cook Bay,EG South,6/6/2020,June,2020,158,8.3,31.9,beach seine,0,33,30,0.3037,I,0.0018,NA,2.77,0.85,0.82,0.006132879,3.876,0.652,99.348
Pacific cod,EFH18/19-237,Cook Bay,EG South,6/6/2020,June,2020,158,8.3,31.9,beach seine,0,34,30,0.3266,I,0.0011,NA,3.83,0.83,0.80,0.003514377,3.430,0.560,99.440
Pacific cod,EFH18/19-238,Cook Bay,EG South,6/6/2020,June,2020,158,8.3,31.9,beach seine,0,41,37,0.5041,I,0.0007,NA,6.37,0.73,0.68,0.001485254,4.126,0.459,99.541
Pacific cod,EFH18/19-247,Cook Bay,EG South,7/2/2020,July,2020,184,10.3,32.0,beach seine,0,56,52,1.0379,I,0.0045,NA,3.18,0.59,0.57,0.004498201,9.196,2.246,97.754
Pacific cod,EFH18/19-248,Cook Bay,EG South,7/2/2020,July,2020,184,10.3,32.0,beach seine,0,58,54,1.4691,I,0.0046,NA,5.96,0.75,0.71,0.003340595,8.927,1.122,98.878
Pacific cod,EFH18/19-249,Cook Bay,EG South,7/2/2020,July,2020,184,10.3,32.0,beach seine,0,61,57,1.8554,I,0.0082,NA,6.69,0.82,0.76,0.004759141,7.133,0.914,99.086
Pacific cod,EFH18/19-250,Cook Bay,EG South,7/2/2020,July,2020,184,10.3,32.0,beach seine,0,56,52,1.3274,I,0.0066,NA,5.74,0.76,0.71,0.005302909,4.454,1.418,98.582
Pacific cod,EFH18/19-251,Cook Bay,EG South,7/2/2020,July,2020,184,10.3,32.0,beach seine,0,56,51,1.0474,I,0.0026,NA,4.31,0.60,0.57,0.00260078,6.151,1.730,98.270
Pacific cod,EFH18/19-252,Cook Bay,EG South,7/2/2020,July,2020,184,10.3,32.0,beach seine,0,65,61,2.0424,I,0.0126,NA,5.29,0.74,0.70,0.006556695,8.103,1.891,98.109
Pacific cod,EFH18/19-253,Cook Bay,EG South,7/2/2020,July,2020,184,10.3,32.0,beach seine,0,50,46,0.9008,I,0.0043,NA,7.93,0.72,0.66,0.00521149,3.802,0.910,99.090
Pacific cod,EFH18/19-254,Cook Bay,EG South,7/2/2020,July,2020,184,10.3,32.0,beach seine,0,58,54,1.2545,I,0.0084,NA,4.73,0.64,0.61,0.007078453,9.880,2.946,97.054
Pacific cod,EFH18/19-255,Cook Bay,EG South,7/2/2020,July,2020,184,10.3,32.0,beach seine,0,57,52,1.3571,I,0.0045,NA,4.68,0.73,0.70,0.003490808,6.149,1.399,98.601
Pacific cod,EFH18/19-256,Cook Bay,EG South,7/2/2020,July,2020,184,10.3,32.0,beach seine,0,58,52,1.2481,I,0.0064,NA,8.10,0.64,0.58,0.005611082,8.666,2.769,97.231
Pacific cod,EFH18/19-257,Cook Bay,EG South,7/2/2020,July,2020,184,10.3,32.0,beach seine,0,60,56,1.3162,I,0.0063,NA,6.63,0.61,0.57,0.005152953,8.166,1.750,98.250
Pacific cod,EFH18/19-258,Cook Bay,EG South,7/2/2020,July,2020,184,10.3,32.0,beach seine,0,61,57,1.4418,I,0.0097,NA,5.60,0.64,0.60,0.007177742,12.208,1.475,98.525
Pacific cod,EFH18/19-259,Cook Bay,EG South,7/2/2020,July,2020,184,10.3,32.0,beach seine,0,61,56,1.6715,I,0.0094,NA,3.22,0.74,0.71,0.005844681,7.639,10.695,89.305
Pacific cod,EFH18/19-260,Cook Bay,EG South,7/2/2020,July,2020,184,10.3,32.0,beach seine,0,53,49,1.0231,I,0.0054,NA,4.34,0.69,0.65,0.005548135,5.247,3.333,96.667
Pacific cod,EFH18/19-261,Cook Bay,EG South,7/2/2020,July,2020,184,10.3,32.0,beach seine,0,55,51,1.3008,I,0.0090,NA,3.98,0.78,0.75,0.007258065,9.777,2.754,97.246
Pacific cod,EFH18/19-262,Cook Bay,EG South,7/2/2020,July,2020,184,10.3,32.0,beach seine,0,55,51,1.1319,I,0.0055,NA,3.10,0.68,0.66,0.005039861,4.177,4.879,95.121
Pacific cod,EFH18/19-263,Cook Bay,EG South,7/2/2020,July,2020,184,10.3,32.0,beach seine,0,59,54,1.3941,I,0.0055,NA,5.78,0.68,0.64,0.004204893,5.443,2.045,97.955
Pacific cod,EFH18/19-264,Cook Bay,EG South,7/2/2020,July,2020,184,10.3,32.0,beach seine,0,62,58,1.6267,I,0.0088,NA,8.16,0.68,0.62,0.005925128,9.526,2.422,97.578
Pacific cod,EFH18/19-265,Cook Bay,EG South,7/2/2020,July,2020,184,10.3,32.0,beach seine,0,56,53,1.3160,I,0.0044,NA,2.70,0.75,0.73,0.003448006,5.221,2.273,97.727
Pacific cod,EFH18/19-266,Cook Bay,EG South,7/2/2020,July,2020,184,10.3,32.0,beach seine,0,59,55,1.3113,I,0.0060,NA,2.75,0.64,0.62,0.004727015,7.371,4.036,95.964
Pacific cod,EFH18/19-267,Cook Bay,EG South,8/21/2020,Aug,2020,234,13.1,31.7,beach seine,0,90,85,5.9001,I,0.0319,NA,6.22,0.81,0.75,0.005798629,13.328,5.519,94.481
Pacific cod,EFH18/19-268,Cook Bay,EG South,8/21/2020,Aug,2020,234,13.1,31.7,beach seine,0,86,81,5.0101,I,0.0357,NA,4.84,0.79,0.74,0.007544219,20.562,2.748,97.252
Pacific cod,EFH18/19-269,Cook Bay,EG South,8/21/2020,Aug,2020,234,13.1,31.7,beach seine,0,98,93,8.2014,I,0.0579,NA,11.44,0.87,0.77,0.008035751,16.506,10.285,89.715
Pacific cod,EFH18/19-270,Cook Bay,EG South,8/21/2020,Aug,2020,234,13.1,31.7,beach seine,0,83,78,4.4455,I,0.0379,NA,4.89,0.78,0.73,0.009044914,18.088,2.181,97.819
Pacific cod,EFH18/19-271,Cook Bay,EG South,8/21/2020,Aug,2020,234,13.1,31.7,beach seine,0,95,88,7.5158,I,0.0282,NA,4.10,0.88,0.84,0.003927686,26.879,0.841,99.159
Pacific cod,EFH18/19-272,Cook Bay,EG South,8/21/2020,Aug,2020,234,13.1,31.7,beach seine,0,64,60,2.0039,I,0.0063,NA,3.85,0.76,0.73,0.003280396,6.525,1.500,98.500
Pacific cod,EFH18/19-273,Cook Bay,EG South,8/21/2020,Aug,2020,234,13.1,31.7,beach seine,0,66,61,2.2426,I,0.0078,NA,7.35,0.78,0.72,0.003768298,7.934,1.615,98.385
Pacific cod,EFH18/19-274,Cook Bay,EG South,8/21/2020,Aug,2020,234,13.1,31.7,beach seine,0,98,91,7.8667,I,0.0301,NA,4.15,0.84,0.80,0.004007829,32.241,0.890,99.110
Pacific cod,EFH18/19-275,Cook Bay,EG South,8/21/2020,Aug,2020,234,13.1,31.7,beach seine,0,89,82,5.2554,I,0.0102,NA,3.06,0.75,0.72,0.002006097,12.281,1.735,98.265
Pacific cod,EFH18/19-276,Cook Bay,EG South,8/21/2020,Aug,2020,234,13.1,31.7,beach seine,0,95,87,6.6907,I,0.0299,NA,5.46,0.78,0.73,0.0047495,29.224,1.082,98.918
Pacific cod,EFH18/19-277,Cook Bay,EG South,8/21/2020,Aug,2020,234,13.1,31.7,beach seine,0,80,74,4.4283,I,0.0297,NA,5.13,0.86,0.81,0.007119912,14.202,2.623,97.377
Pacific cod,EFH18/19-278,Cook Bay,EG South,8/21/2020,Aug,2020,234,13.1,31.7,beach seine,0,94,87,6.8273,I,0.0429,NA,5.70,0.82,0.77,0.006708051,27.048,3.307,96.693
Pacific cod,EFH18/19-279,Cook Bay,EG South,8/21/2020,Aug,2020,234,13.1,31.7,beach seine,0,79,74,3.8417,I,0.0207,NA,9.19,0.78,0.70,0.005968686,17.062,2.089,97.911
Pacific cod,EFH18/19-280,Cook Bay,EG South,8/21/2020,Aug,2020,234,13.1,31.7,beach seine,0,86,80,4.4468,I,0.0189,NA,4.18,0.70,0.67,0.004455446,15.387,1.198,98.802
Pacific cod,EFH18/19-281,Cook Bay,EG South,8/21/2020,Aug,2020,234,13.1,31.7,beach seine,0,70,65,2.3575,I,0.0137,NA,5.81,0.69,0.64,0.006207803,13.597,0.901,99.099
Pacific cod,EFH18/19-282,Cook Bay,EG South,8/21/2020,Aug,2020,234,13.1,31.7,beach seine,0,77,72,3.5569,I,0.0144,NA,5.90,0.78,0.73,0.004320951,9.185,2.646,97.354
Pacific cod,EFH18/19-283,Cook Bay,EG South,8/21/2020,Aug,2020,234,13.1,31.7,beach seine,0,92,86,7.5231,I,0.0223,NA,11.57,0.97,0.85,0.003363195,20.003,2.269,97.731
Pacific cod,EFH18/19-284,Cook Bay,EG South,8/21/2020,Aug,2020,234,13.1,31.7,beach seine,0,83,76,4.5212,I,0.0209,NA,6.89,0.79,0.73,0.004989258,14.673,4.314,95.686
Pacific cod,EFH18/19-285,Cook Bay,EG South,8/21/2020,Aug,2020,234,13.1,31.7,beach seine,0,108,101,11.1528,I,0.0794,NA,6.30,0.89,0.82,0.007655816,52.393,4.382,95.618
Pacific cod,EFH18/19-286,Cook Bay,EG South,8/21/2020,Aug,2020,234,13.1,31.7,beach seine,0,86,80,4.4906,I,0.0152,NA,6.51,0.71,0.66,0.003633582,18.377,1.448,98.552
Pacific cod,EFH18/19-207,Cook Bay,EG South,9/16/2020,Sept,2020,260,11.5,31.5,beach seine,0,85,78,4.4735,I,0.0293,NA,4.35,0.73,0.69,0.006894442,15.377,2.805,97.195
Pacific cod,EFH18/19-208,Cook Bay,EG South,9/16/2020,Sept,2020,260,11.5,31.5,beach seine,0,96,89,6.4634,I,0.0231,NA,7.45,0.73,0.67,0.003876489,17.485,1.382,98.618
Pacific cod,EFH18/19-209,Cook Bay,EG South,9/16/2020,Sept,2020,260,11.5,31.5,beach seine,0,75,69,3.2506,I,0.0046,NA,4.37,0.77,0.74,0.001482054,9.345,0.694,99.306
Pacific cod,EFH18/19-210,Cook Bay,EG South,9/16/2020,Sept,2020,260,11.5,31.5,beach seine,0,86,80,3.8551,I,0.0123,NA,6.32,0.61,0.57,0.003417616,14.532,1.604,98.396
Pacific cod,EFH18/19-211,Cook Bay,EG South,9/16/2020,Sept,2020,260,11.5,31.5,beach seine,0,92,85,5.6229,I,0.0179,NA,3.59,0.72,0.69,0.003312852,18.168,0.931,99.069
Pacific cod,EFH18/19-212,Cook Bay,EG South,9/16/2020,Sept,2020,260,11.5,31.5,beach seine,0,87,80,5.5088,I,0.0282,NA,6.91,0.84,0.77,0.005529412,15.483,3.061,96.939
Pacific cod,EFH18/19-213,Cook Bay,EG South,9/16/2020,Sept,2020,260,11.5,31.5,beach seine,0,98,90,7.8518,I,0.0319,NA,3.80,0.83,0.80,0.004241344,23.354,2.657,97.343
Pacific cod,EFH18/19-214,Cook Bay,EG South,9/16/2020,Sept,2020,260,11.5,31.5,beach seine,0,90,84,6.3021,I,0.0523,NA,5.73,0.86,0.81,0.008881719,22.093,6.098,93.902
Pacific cod,EFH18/19-215,Cook Bay,EG South,9/16/2020,Sept,2020,260,11.5,31.5,beach seine,0,89,82,5.7205,I,0.0277,NA,6.23,0.81,0.76,0.005190765,20.234,4.107,95.893
Pacific cod,EFH18/19-216,Cook Bay,EG South,9/16/2020,Sept,2020,260,11.5,31.5,beach seine,0,77,72,3.6905,I,0.0124,NA,4.10,0.81,0.77,0.003515935,12.196,1.680,98.320
Pacific cod,EFH18/19-217,Cook Bay,EG South,9/16/2020,Sept,2020,260,11.5,31.5,beach seine,0,98,91,7.8853,I,0.0562,NA,7.68,0.84,0.77,0.007779947,22.146,10.091,89.909
Pacific cod,EFH18/19-218,Cook Bay,EG South,9/16/2020,Sept,2020,260,11.5,31.5,beach seine,0,114,105,13.0347,I,0.0893,NA,7.52,0.88,0.81,0.007463373,43.030,4.782,95.218
Pacific cod,EFH18/19-219,Cook Bay,EG South,9/16/2020,Sept,2020,260,11.5,31.5,beach seine,0,104,96,9.2834,I,0.0438,NA,3.22,0.83,0.79,0.00489889,27.232,1.656,98.344
Pacific cod,EFH18/19-220,Cook Bay,EG South,9/16/2020,Sept,2020,260,11.5,31.5,beach seine,0,105,97,9.8596,I,0.0466,NA,5.95,0.85,0.80,0.005050724,30.966,3.117,96.883
Pacific cod,EFH18/19-221,Cook Bay,EG South,9/16/2020,Sept,2020,260,11.5,31.5,beach seine,0,82,77,4.2142,I,0.0248,NA,3.05,0.76,0.74,0.00610687,14.452,3.892,96.108
Pacific cod,EFH18/19-222,Cook Bay,EG South,9/16/2020,Sept,2020,260,11.5,31.5,beach seine,0,102,93,8.4910,I,0.0582,NA,7.54,0.80,0.73,0.00746872,31.889,7.438,92.562
Pacific cod,EFH18/19-223,Cook Bay,EG South,9/16/2020,Sept,2020,260,11.5,31.5,beach seine,0,82,76,3.9822,I,0.0493,NA,6.35,0.72,0.67,0.013396375,15.093,7.412,92.588
Pacific cod,EFH18/19-224,Cook Bay,EG South,9/16/2020,Sept,2020,260,11.5,31.5,beach seine,0,83,76,3.6195,I,0.0238,NA,4.25,0.63,0.60,0.006915187,20.267,3.239,96.761
Pacific cod,EFH18/19-225,Cook Bay,EG South,9/16/2020,Sept,2020,260,11.5,31.5,beach seine,0,91,84,5.8459,I,0.0976,NA,3.67,0.78,0.73,0.017637704,30.952,14.759,85.241
Pacific cod,EFH18/19-226,Cook Bay,EG South,9/16/2020,Sept,2020,260,11.5,31.5,beach seine,0,129,119,17.4000,I,0.2261,NA,6.87,0.81,0.74,0.014150264,52.818,26.644,73.356
Pacific cod,EFH18/19-287,Cook Bay,EG South,10/16/2020,Oct,2020,290,8.6,31.4,beach seine,0,91,84,6.0688,I,0.0476,NA,3.75,0.81,0.77,0.008215962,16.283,4.547,95.453
Pacific cod,EFH18/19-288,Cook Bay,EG South,10/16/2020,Oct,2020,290,8.6,31.4,beach seine,0,76,69,3.3301,I,0.0249,NA,4.04,0.76,0.72,0.007853155,11.929,3.847,96.153
Pacific cod,EFH18/19-289,Cook Bay,EG South,10/16/2020,Oct,2020,290,8.6,31.4,beach seine,0,101,94,8.7967,I,0.0546,NA,4.40,0.85,0.81,0.006535165,23.086,5.852,94.148
Pacific cod,EFH18/19-290,Cook Bay,EG South,10/16/2020,Oct,2020,290,8.6,31.4,beach seine,0,90,83,6.0526,I,0.0583,NA,4.27,0.83,0.79,0.010164232,32.275,2.848,97.152
Pacific cod,EFH18/19-291,Cook Bay,EG South,10/16/2020,Oct,2020,290,8.6,31.4,beach seine,0,118,110,13.9083,I,0.1185,NA,3.70,0.85,0.81,0.008926352,54.949,3.383,96.617
Pacific cod,EFH18/19-292,Cook Bay,EG South,10/16/2020,Oct,2020,290,8.6,31.4,beach seine,0,93,87,7.0469,I,0.0642,NA,3.19,0.88,0.84,0.009499852,20.771,9.937,90.063
Pacific cod,EFH18/19-293,Cook Bay,EG South,10/16/2020,Oct,2020,290,8.6,31.4,beach seine,0,79,74,3.7247,I,0.0131,NA,6.70,0.76,0.70,0.00378394,12.188,1.197,98.803
Pacific cod,EFH18/19-294,Cook Bay,EG South,10/16/2020,Oct,2020,290,8.6,31.4,beach seine,0,64,59,1.9847,I,0.0096,NA,3.22,0.76,0.73,0.005023022,7.473,0.731,99.269
Pacific cod,EFH18/19-295,Cook Bay,EG South,10/16/2020,Oct,2020,290,8.6,31.4,beach seine,0,92,86,6.2127,I,0.0445,NA,3.99,0.80,0.76,0.007516257,18.549,2.867,97.133
Pacific cod,EFH18/19-296,Cook Bay,EG South,10/16/2020,Oct,2020,290,8.6,31.4,beach seine,0,133,124,21.8445,I,0.2401,NA,5.26,0.93,0.87,0.011738248,81.970,19.231,80.769
Pacific cod,EFH18/19-297,Cook Bay,EG South,10/16/2020,Oct,2020,290,8.6,31.4,beach seine,0,96,88,8.0252,I,0.0646,NA,5.24,0.91,0.85,0.008567753,23.562,6.783,93.217
Pacific cod,EFH18/19-298,Cook Bay,EG South,10/16/2020,Oct,2020,290,8.6,31.4,beach seine,0,102,94,8.2803,I,0.1046,NA,2.87,0.78,0.75,0.013176625,34.528,19.590,80.410
Pacific cod,EFH18/19-299,Cook Bay,EG South,10/16/2020,Oct,2020,290,8.6,31.4,beach seine,0,134,125,20.6578,M,0.3915,NA,2.14,0.86,0.82,0.019747992,150.026,40.278,59.722
Pacific cod,EFH18/19-300,Cook Bay,EG South,10/16/2020,Oct,2020,290,8.6,31.4,beach seine,0,88,82,5.1252,I,0.0356,NA,3.01,0.75,0.72,0.007213194,21.067,3.009,96.991
Pacific cod,EFH18/19-301,Cook Bay,EG South,10/16/2020,Oct,2020,290,8.6,31.4,beach seine,0,105,98,9.6148,I,0.0313,NA,4.70,0.83,0.79,0.003427508,31.821,0.824,99.176
Pacific cod,EFH18/19-302,Cook Bay,EG South,10/16/2020,Oct,2020,290,8.6,31.4,beach seine,0,115,107,12.9382,I,0.1284,NA,6.98,0.85,0.78,0.010783392,66.903,8.552,91.448
Pacific cod,EFH18/19-303,Cook Bay,EG South,10/16/2020,Oct,2020,290,8.6,31.4,beach seine,0,107,99,11.0490,I,0.0812,NA,6.55,0.90,0.84,0.007926823,19.645,6.323,93.677
Pacific cod,EFH18/19-304,Cook Bay,EG South,10/16/2020,Oct,2020,290,8.6,31.4,beach seine,0,125,116,15.5129,M,0.2394,NA,4.08,0.79,0.75,0.016351119,103.035,40.453,59.547
Pacific cod,EFH18/19-305,Cook Bay,EG South,10/16/2020,Oct,2020,290,8.6,31.4,beach seine,0,103,96,8.6389,I,0.0471,NA,4.03,0.79,0.75,0.005713315,27.313,2.538,97.462
Pacific cod,EFH18/19-306,Cook Bay,EG South,10/16/2020,Oct,2020,290,8.6,31.4,beach seine,0,109,101,10.7011,I,0.1593,NA,3.51,0.83,0.79,0.015669263,55.592,27.345,72.655
Pacific cod,EFH18/19-202,Cook Bay,EG South,11/13/2020,Nov,2020,318,5.3,31.6,beach seine,0,107,99,10.2128,M,0.2166,NA,6.43,0.83,0.76,0.023191571,80.724,50.223,49.777
Pacific cod,EFH18/19-203,Cook Bay,EG West,11/13/2020,Nov,2020,318,5.3,31.6,beach seine,0,96,89,6.7532,M,0.2993,NA,4.29,0.76,0.70,0.048552194,104.151,73.541,26.459
Pacific cod,EFH18/19-204,Cook Bay,EG West,11/13/2020,Nov,2020,318,5.3,31.6,beach seine,0,90,83,4.4276,M,0.0518,NA,2.90,0.61,0.58,0.012195409,16.714,20.362,79.638
Pacific cod,EFH18/19-205,Cook Bay,EG West,11/13/2020,Nov,2020,318,5.3,31.6,beach seine,0,113,104,10.0547,M,0.0926,NA,2.95,0.70,0.67,0.009580169,37.285,7.672,92.328
Pacific cod,EFH18/19-206,Cook Bay,EG West,11/13/2020,Nov,2020,318,5.3,31.6,beach seine,0,112,103,10.7928,M,0.1693,NA,3.90,0.77,0.73,0.016593322,51.040,41.015,58.985
