Lipid Sample ID,Fish # (to pair liver & flesh),Year,Alisa's Age Estimate,Sex,Month,Site,Bay,Species,Standard Length (mm),Total Length (mm),Whole Body Weight (g) ,Whole Liver WWT (g),Stomach WWT (g),Lipid Sample WWT (g),Lipid Sample WWT (mg),FultonK,HIS,WholeBodyFA,LiverFA,MuscleFA,Whole_animal_FA_mg,PercentLiver,PercentMuscle
345L,135,2020,0,I,June,EG South,Cook,Pacific cod,29,32,0.2462,0.0008,0.0066,0.0008,0.8,1.009471483,0.324939074,19.57635359,0.005453403,3.046992561,3.052445963,0.178656811,99.82134319
344L,134,2020,0,I,June,EG South,Cook,Pacific cod,31,34,0.2601,0.0005,0.018,0.0005,0.5,0.873082475,0.192233756,27.1707379,0.007433109,2.972772215,2.980205323,0.249415989,99.75058401
177L,81,2018,0,I,Sept,EG West,Cook,Pacific cod,57,62,1.3756,0.0024,0.0509,0.0024,2.4,0.742792654,0.174469322,26.12343754,0.041145129,9.900046169,9.941191298,0.413885298,99.5861147
348L,143,2020,0,I,June,EG South,Cook,Pacific cod,37,41,0.5041,0.0007,0.0321,0.0007,0.7,0.995202653,0.138861337,35.78878126,0.018951586,4.107420696,4.126372282,0.45927959,99.54072041
172L,76,2018,0,F,Sept,EG West,Cook,Pacific cod,89,96,7.4213,0.0087,0.52,0.0087,8.7,1.052712956,0.117230135,16.02198704,0.106708922,21.41295977,21.51966869,0.495866937,99.50413306
347L,142,2020,0,I,June,EG South,Cook,Pacific cod,30,34,0.3266,0.0011,0.0125,0.0011,1.1,1.20962963,0.336803429,28.36273321,0.019211372,3.411026863,3.430238235,0.560059415,99.43994059
188L,92,2018,0,I,June,EG South,Cook,Pacific cod,35,38,0.4273,0.0014,0.0201,0.0014,1.4,0.996618076,0.327638661,25.06630575,0.019202955,3.35616825,3.375371204,0.568913863,99.43108614
171L,75,2018,0,M,Sept,EG West,Cook,Pacific cod,77,84,4.3631,0.0069,0.1654,0.0069,6.9,0.955703093,0.158144439,17.52583453,0.091547154,15.68440011,15.77594727,0.580295763,99.41970424
189L,93,2018,0,I,June,EG South,Cook,Pacific cod,34,37,0.3457,0.0012,0.0096,0.0012,1.2,0.879554244,0.347121782,24.61265793,0.015812956,2.615228919,2.631041876,0.601015005,99.398985
346L,140,2020,0,I,June,EG South,Cook,Pacific cod,30,33,0.3037,0.0018,0.0084,0.0018,1.8,1.124814815,0.592690155,27.16859652,0.025287336,3.85074254,3.876029875,0.652403008,99.34759699
324L,114,2020,0,I,Sept,EG South,Cook,Pacific cod,69,75,3.2506,0.0046,0.1422,0.0046,4.6,0.989501049,0.141512336,17.09874831,0.064900206,9.280386147,9.345286353,0.69446996,99.30553004
396L,199,2020,0,I,Oct,EG South,Cook,Pacific cod,59,64,1.9847,0.0096,0.0639,0.0096,9.6,0.966359754,0.483700307,9.571927823,0.054625503,7.418841289,7.473466792,0.730925877,99.26907412
187L,91,2018,0,I,June,EG South,Cook,Pacific cod,47,51,0.9297,0.0021,0.0363,0.0021,2.1,0.895466322,0.225879316,29.27590955,0.044514429,5.701041332,5.745555762,0.774762814,99.22523719
403L,206,2020,0,I,Oct,EG South,Cook,Pacific cod,98,105,9.6148,0.0313,0.4515,0.0313,31.3,1.021555644,0.325539793,11.83531058,0.262277429,31.55873093,31.82100836,0.824227272,99.17577273
373L,176,2020,0,I,Aug,EG South,Cook,Pacific cod,88,95,7.5158,0.0282,0.3078,0.0282,28.2,1.102877301,0.375209559,11.72775004,0.226037883,26.6530135,26.87905138,0.84094442,99.15905558
175L,79,2018,0,I,Sept,EG West,Cook,Pacific cod,73,79,3.9691,0.0078,0.2102,0.0078,7.8,1.020289602,0.196518102,20.00051284,0.121261435,13.64180182,13.76306325,0.881064286,99.11893571
376L,179,2020,0,I,Aug,EG South,Cook,Pacific cod,91,98,7.8667,0.0301,0.3263,0.0301,30.1,1.043922869,0.382625497,13.78430383,0.286839621,31.95443614,32.24127576,0.889665854,99.11033415
383L,186,2020,0,I,Aug,EG South,Cook,Pacific cod,65,70,2.3575,0.0137,0.1369,0.0137,13.7,0.858443332,0.581124072,15.04544962,0.122478326,13.47406429,13.59654262,0.900804926,99.09919507
355L,158,2020,0,I,July,EG South,Cook,Pacific cod,46,50,0.9008,0.0043,0.0714,0.0043,4.3,0.925454097,0.477353464,12.61395075,0.034604313,3.767766439,3.802370752,0.910072036,99.08992796
351L,154,2020,0,I,July,EG South,Cook,Pacific cod,57,61,1.8554,0.0082,0.1242,0.0082,8.2,1.001873721,0.441953218,12.05462096,0.065209572,7.068149487,7.133359059,0.914149576,99.08585042
326L,116,2020,0,I,Sept,EG South,Cook,Pacific cod,85,92,5.6229,0.0179,0.2018,0.0179,17.9,0.915595359,0.31834107,12.78411235,0.169207523,17.99902152,18.16822904,0.93133746,99.06866254
173L,77,2018,0,M,Sept,EG West,Cook,Pacific cod,85,92,5.9044,0.0107,0.2849,0.0107,10.7,0.961432933,0.181220784,21.56014135,0.187142104,19.50818192,19.69532402,0.950185453,99.04981455
179L,83,2018,0,M,Sept,EG West,Cook,Pacific cod,85,92,7.6345,0.0143,0.5001,0.0143,14.3,1.243150824,0.187307617,21.34959923,0.243696783,25.36083872,25.6045355,0.951771936,99.04822806
343L,133,2020,0,I,June,EG South,Cook,Pacific cod,27,30,0.2438,0.0021,0.0058,0.0021,2.1,1.238632322,0.861361772,34.93431319,0.038650087,3.899311388,3.937961475,0.98147448,99.01852552
162L,66,2018,0,M,Sept,EG South,Cook,Pacific cod,91,98,6.6597,0.0105,0.1772,0.0105,10.5,0.883752161,0.15766476,15.30688956,0.135620899,13.63558086,13.77120175,0.984815282,99.01518472
378L,181,2020,0,I,Aug,EG South,Cook,Pacific cod,87,95,6.6907,0.0299,0.3654,0.0299,29.9,1.016047004,0.446888965,15.17113079,0.316319588,28.90772365,29.22404324,1.082395017,98.91760498
350L,153,2020,0,I,July,EG South,Cook,Pacific cod,54,58,1.4691,0.0046,0.0875,0.0046,4.6,0.932975156,0.313116874,28.18127921,0.100147156,8.826788069,8.926935225,1.121853731,98.87814627
190L,94,2018,0,I,June,EG South,Cook,Pacific cod,38,41,0.5249,0.0025,0.025,0.0025,2.5,0.956589882,0.476281196,29.30599168,0.045556788,3.841463619,3.887020407,1.172023383,98.82797662
297L,101,2018,0,I,June,EG South,Cook,Pacific cod,45,49,0.985,0.0038,0.0821,0.0038,3.8,1.080932785,0.385786802,28.55798556,0.07317356,6.123365449,6.196539009,1.180877903,98.8191221
395L,198,2020,0,I,Oct,EG South,Cook,Pacific cod,74,79,3.7247,0.0131,0.2496,0.0131,13.1,0.919170632,0.351706178,14.61780309,0.145928149,12.04170058,12.18762872,1.197346525,98.80265348
382L,185,2020,0,I,Aug,EG South,Cook,Pacific cod,80,86,4.4468,0.0189,0.1859,0.0189,18.9,0.868515625,0.425024737,13.33580883,0.184312499,15.20258464,15.38689714,1.197853584,98.80214642
323L,113,2020,0,I,Sept,EG South,Cook,Pacific cod,89,96,6.4634,0.0231,0.4813,0.0231,23.1,0.916834641,0.357397036,13.35104848,0.241565736,17.24330384,17.48486958,1.381570135,98.61842987
357L,160,2020,0,I,July,EG South,Cook,Pacific cod,52,57,1.3571,0.0045,0.0635,0.0045,4.5,0.965165567,0.331589419,23.81546811,0.086003759,6.063309722,6.149313481,1.398591233,98.60140877
100L,4,2018,0,I,July,EG South,Cook,Pacific cod,57,61,1.9093,0.0089,0.0979,0.0089,8.9,1.030978493,0.466139423,21.48029546,0.134634158,9.461952545,9.596586703,1.402937968,98.59706203
352L,155,2020,0,I,July,EG South,Cook,Pacific cod,52,56,1.3274,0.0066,0.0762,0.0066,6.6,0.944043013,0.497212596,13.09675341,0.063153652,4.390971615,4.454125266,1.417868779,98.58213122
140L,44,2018,0,M,Oct,EG South,Cook,Pacific cod,80,87,4.6801,0.0205,0.1308,0.0205,20.5,0.914082031,0.438024829,16.11515897,0.245075265,17.02714478,17.27222004,1.418898467,98.58110153
388L,191,2020,0,I,Aug,EG South,Cook,Pacific cod,80,86,4.4906,0.0152,0.2922,0.0152,15.2,0.877070313,0.338484835,21.8336973,0.266064796,18.11089,18.3769548,1.447817655,98.55218234
360L,163,2020,0,I,July,EG South,Cook,Pacific cod,57,61,1.4418,0.0097,0.0807,0.0097,9.7,0.778539146,0.672770148,27.45707941,0.180003272,12.02751552,12.20751879,1.474527911,98.52547209
99L,3,2018,0,I,July,EG South,Cook,Pacific cod,49,54,1.3491,0.01,0.0659,0.01,10,1.146716079,0.741234897,19.33674281,0.118953719,7.885620742,8.004574461,1.486071742,98.51392826
374L,177,2020,0,I,Aug,EG South,Cook,Pacific cod,60,64,2.0039,0.0063,0.0771,0.0063,6.3,0.927731481,0.314386945,18.88661601,0.097900884,6.427516287,6.525417171,1.500300767,98.49969923
325L,115,2020,0,I,Sept,EG South,Cook,Pacific cod,80,86,3.8551,0.0123,0.2438,0.0123,12.3,0.752949219,0.319057871,22.91808668,0.233023474,14.29914657,14.53217005,1.603500876,98.39649912
375L,178,2020,0,I,Aug,EG South,Cook,Pacific cod,61,66,2.2426,0.0078,0.1649,0.0078,7.8,0.988012212,0.347810577,20.2038363,0.1281749,7.805917416,7.934092317,1.615495449,98.38450455
334L,124,2020,0,I,Sept,EG South,Cook,Pacific cod,96,104,9.2834,0.0438,0.2988,0.0438,43.8,1.049284758,0.471809897,13.28990154,0.450900564,26.78098739,27.23188795,1.655781503,98.3442185
331L,121,2020,0,I,Sept,EG South,Cook,Pacific cod,72,77,3.6905,0.0124,0.1513,0.0124,12.4,0.988752786,0.335997832,19.92429202,0.20489974,11.99154113,12.19644087,1.679996177,98.32000382
353L,156,2020,0,I,July,EG South,Cook,Pacific cod,51,56,1.0474,0.0026,0.0451,0.0026,2.6,0.789590731,0.248233722,46.97376934,0.106411605,6.044415225,6.15082683,1.730037401,98.2699626
377L,180,2020,0,I,Aug,EG South,Cook,Pacific cod,82,89,5.2554,0.0102,0.1607,0.0102,10.2,0.953156513,0.194086083,23.25907266,0.213033384,12.06778989,12.28082327,1.734683252,98.26531675
359L,162,2020,0,I,July,EG South,Cook,Pacific cod,56,60,1.3162,0.0063,0.0873,0.0063,6.3,0.74947613,0.478650661,29.25042686,0.14293659,8.022797989,8.165734579,1.750443749,98.24955625
342L,132,2020,0,I,June,EG South,Cook,Pacific cod,32,35,0.2645,0.0028,0.0101,0.0028,2.8,0.807189941,1.058601134,35.77691278,0.062210828,3.41138404,3.473594868,1.790963826,98.20903617
109L,13,2018,0,I,July,EG South,Cook,Pacific cod,48,52,1.1657,0.0079,0.059,0.0079,7.9,1.054054543,0.677704384,20.95897142,0.114432845,6.180537923,6.294970769,1.817845541,98.18215446
115L,19,2018,0,I,July,EG South,Cook,Pacific cod,62,67,2.3395,0.0122,0.0962,0.0122,12.2,0.981630358,0.521478948,19.97049256,0.183691929,9.840821392,10.02451332,1.832427398,98.1675726
305L,105,2018,0,I,June,EG South,Cook,Pacific cod,47,50,0.9843,0.0033,0.0734,0.0033,3.3,0.948055826,0.335263639,28.57828094,0.075670645,3.929727123,4.005397767,1.889216726,98.11078327
354L,157,2020,0,I,July,EG South,Cook,Pacific cod,61,65,2.0424,0.0126,0.1081,0.0126,12.6,0.899810997,0.616921269,16.29949347,0.153249059,7.949822533,8.103071592,1.891246517,98.10875348
301L,103,2018,0,I,June,EG South,Cook,Pacific cod,46,49,0.9363,0.0067,0.0438,0.0067,6.7,0.961925701,0.715582612,26.69364413,0.121068042,6.241897139,6.36296518,1.90269848,98.09730152
98L,2,2018,0,I,July,EG South,Cook,Pacific cod,49,53,1.214,0.006,0.0507,0.006,6,1.031882974,0.494233937,33.00852595,0.149289476,7.692967628,7.842257104,1.903654449,98.09634555
134L,38,2018,0,F,Aug,EG North,Cook,Pacific cod,77,71,4.1499,0.024,0.1687,0.024,24,0.909003292,0.578327189,14.25387809,0.253165751,13.03859826,13.29176402,1.904681353,98.09531865
135L,39,2018,0,I,Aug,EG North,Cook,Pacific cod,60,65,2.2988,0.0082,0.0923,0.0082,8.2,1.064259259,0.356707848,24.77104374,0.168119595,8.259418896,8.427538491,1.994883736,98.00511626
165L,69,2018,0,M,Sept,EG South,Cook,Pacific cod,77,84,4.9677,0.0091,0.4876,0.0091,9.1,1.088136016,0.183183365,31.67434039,0.256542096,12.40435273,12.66089483,2.026255647,97.97374435
365L,168,2020,0,I,July,EG South,Cook,Pacific cod,54,59,1.3941,0.0055,0.0806,0.0055,5.5,0.885345222,0.394519762,24.31668928,0.111322205,5.331785268,5.443107473,2.045195786,97.95480421
113L,17,2018,0,I,July,EG South,Cook,Pacific cod,67,72,2.9751,0.0199,0.1507,0.0199,19.9,0.989184175,0.668885079,21.66717903,0.314530786,14.78122671,15.09575749,2.08357074,97.91642926
381L,184,2020,0,I,Aug,EG South,Cook,Pacific cod,74,79,3.8417,0.0207,0.3529,0.0207,20.7,0.948043551,0.538823958,22.03169129,0.356344769,16.70572715,17.06207192,2.088519912,97.91148009
110L,14,2018,0,I,July,EG South,Cook,Pacific cod,53,57,1.5418,0.0111,0.1169,0.0111,11.1,1.035620008,0.719937735,18.44100654,0.143668327,6.660173043,6.80384137,2.111576669,97.88842333
372L,175,2020,0,I,Aug,EG South,Cook,Pacific cod,78,83,4.4455,0.0379,0.2174,0.0379,37.9,0.936778267,0.85254752,14.63190365,0.394515976,17.69316625,18.08768223,2.18113062,97.81886938
97L,1,2018,0,I,July,EG South,Cook,Pacific cod,56,60,1.774,0.0175,0.0802,0.0175,17.5,1.010158528,0.986471251,20.0295079,0.225242584,9.885892748,10.11113533,2.227668576,97.77233142
123L,27,2018,0,I,Aug,EG South,Cook,Pacific cod,62,66,2.4571,0.0118,0.0891,0.0118,11.8,1.03097412,0.480240934,25.18805206,0.238554222,10.41200629,10.65056052,2.239827864,97.76017214
349L,152,2020,0,I,July,EG South,Cook,Pacific cod,52,56,1.0379,0.0045,0.033,0.0045,4.5,0.738151457,0.433567781,54.88605218,0.206552007,8.989200436,9.195752443,2.246167546,97.75383245
385L,188,2020,0,I,Aug,EG South,Cook,Pacific cod,86,92,7.5231,0.0223,0.8702,0.0223,22.3,1.182773215,0.296420359,23.30426498,0.453937568,19.5491321,20.00306967,2.269339534,97.73066047
367L,170,2020,0,I,July,EG South,Cook,Pacific cod,53,56,1.316,0.0044,0.0355,0.0044,4.4,0.883951181,0.334346505,30.96776738,0.118663739,5.102786707,5.221450446,2.27262023,97.72737977
366L,169,2020,0,I,July,EG South,Cook,Pacific cod,58,62,1.6267,0.0088,0.1327,0.0088,8.8,0.83372627,0.540972521,32.48057699,0.230755229,9.294963669,9.525718898,2.422444239,97.57755576
138L,42,2018,0,M,Oct,EG South,Cook,Pacific cod,74,79,4.3079,0.0161,0.3315,0.0161,16.1,1.063091031,0.373731981,27.7899185,0.378915966,14.71170216,15.09061813,2.510937341,97.48906266
407L,210,2020,0,I,Oct,EG South,Cook,Pacific cod,96,103,8.6389,0.0471,0.3479,0.0471,47.1,0.976438169,0.545208302,17.94747188,0.693237026,26.62007817,27.31331519,2.538091846,97.46190815
379L,182,2020,0,I,Aug,EG South,Cook,Pacific cod,74,80,4.4283,0.0297,0.2272,0.0297,29.7,1.092802993,0.670686268,15.85674743,0.372479636,13.82963241,14.20211204,2.622705939,97.37729406
384L,187,2020,0,I,Aug,EG South,Cook,Pacific cod,72,77,3.5569,0.0144,0.2099,0.0144,14.4,0.952958891,0.404846917,19.55957262,0.243021876,8.941544019,9.184565895,2.645981078,97.35401892
328L,118,2020,0,I,Sept,EG South,Cook,Pacific cod,90,98,7.8518,0.0319,0.2987,0.0319,31.9,1.077064472,0.406276268,22.47526092,0.62054024,22.73349495,23.35403519,2.657100734,97.34289927
370L,173,2020,0,I,Aug,EG South,Cook,Pacific cod,81,86,5.0101,0.0357,0.2423,0.0357,35.7,0.942738705,0.712560628,20.05235511,0.565009051,19.99677121,20.56178026,2.747860563,97.25213944
363L,166,2020,0,I,July,EG South,Cook,Pacific cod,51,55,1.3008,0.009,0.0518,0.009,9,0.980618314,0.691881919,37.58259608,0.269234399,9.507901886,9.777136286,2.753714293,97.24628571
358L,161,2020,0,I,July,EG South,Cook,Pacific cod,52,58,1.2481,0.0064,0.1011,0.0064,6.4,0.887645084,0.512779425,44.87339694,0.239912196,8.425744861,8.665657057,2.768540163,97.23145984
322L,112,2020,0,I,Sept,EG South,Cook,Pacific cod,78,85,4.4735,0.0293,0.1944,0.0293,29.3,0.942678568,0.654968146,18.23661302,0.431293453,14.9452714,15.37656485,2.804875196,97.1951248
392L,195,2020,0,I,Oct,EG South,Cook,Pacific cod,83,90,6.0526,0.0583,0.2585,0.0583,58.3,1.05854103,0.963222417,21.23440387,0.919258642,31.35574967,32.27500831,2.848205748,97.15179425
397L,200,2020,0,I,Oct,EG South,Cook,Pacific cod,86,92,6.2127,0.0445,0.2477,0.0445,44.5,0.976753619,0.716274728,14.99219995,0.531728971,18.01746873,18.5491977,2.866587438,97.13341256
356L,159,2020,0,I,July,EG South,Cook,Pacific cod,54,58,1.2545,0.0084,0.0594,0.0084,8.4,0.796690037,0.669589478,42.73102376,0.291062557,9.589389685,9.880452242,2.945842455,97.05415755
402L,205,2020,0,I,Oct,EG South,Cook,Pacific cod,82,88,5.1252,0.0356,0.1542,0.0356,35.6,0.92954252,0.69460704,21.94757222,0.633948626,20.43268707,21.0666357,3.009254229,96.99074577
112L,16,2018,0,I,July,EG South,Cook,Pacific cod,62,67,2.2965,0.0197,0.1367,0.0197,19.7,0.963587996,0.857827128,27.15936485,0.40160219,12.86687771,13.2684799,3.026738504,96.9732615
327L,117,2020,0,I,Sept,EG South,Cook,Pacific cod,80,87,5.5088,0.0282,0.3806,0.0282,28.2,1.0759375,0.51190822,19.75009621,0.473960333,15.00926015,15.48322049,3.061122419,96.93887758
164L,68,2018,0,M,Sept,EG South,Cook,Pacific cod,76,83,4.3754,0.0221,0.2068,0.0221,22.1,0.996728751,0.505096677,24.31300688,0.451346642,14.05253193,14.50387857,3.111903062,96.88809694
335L,125,2020,0,I,Sept,EG South,Cook,Pacific cod,97,105,9.8596,0.0466,0.5866,0.0466,46.6,1.080299297,0.472635807,23.96126381,0.965068729,30.00087994,30.96594867,3.116548241,96.88345176
339L,129,2020,0,I,Sept,EG South,Cook,Pacific cod,76,83,3.6195,0.0238,0.154,0.0238,23.8,0.824532548,0.657549385,33.28326955,0.65653306,19.61027949,20.26681255,3.239449018,96.76055098
166L,70,2018,0,M,Sept,EG South,Cook,Pacific cod,92,99,7.5864,0.0419,0.3349,0.0419,41.9,0.97425413,0.552304123,16.82122699,0.591203431,17.33887545,17.93007888,3.297271779,96.70272822
107L,11,2018,0,I,July,EG South,Cook,Pacific cod,68,73,2.9848,0.0262,0.1266,0.0262,26.2,0.94926725,0.877780756,22.04814845,0.442684487,12.97633866,13.41902314,3.298932289,96.70106771
380L,183,2020,0,I,Aug,EG South,Cook,Pacific cod,87,94,6.8273,0.0429,0.3891,0.0429,42.9,1.036791024,0.628359674,24.94159984,0.894558103,26.15312915,27.04768726,3.307336759,96.69266324
101L,5,2018,0,I,July,EG South,Cook,Pacific cod,67,73,3.1112,0.0245,0.124,0.0245,24.5,1.034435752,0.787477501,28.68498957,0.552848324,16.12432221,16.67717053,3.315000723,96.68499928
362L,165,2020,0,I,July,EG South,Cook,Pacific cod,49,53,1.0231,0.0054,0.0444,0.0054,5.4,0.869620651,0.527807643,37.59525414,0.174874224,5.072001115,5.246875339,3.332921273,96.66707873
105L,9,2018,0,I,July,EG South,Cook,Pacific cod,56,60,1.8083,0.0153,0.0722,0.0153,15.3,1.029689778,0.846098546,25.83286429,0.307073527,8.867065134,9.174138661,3.34716466,96.65283534
393L,196,2020,0,I,Oct,EG South,Cook,Pacific cod,110,118,13.9083,0.1185,0.5145,0.1185,118.5,1.044951165,0.852009232,19.68474986,1.858738609,53.09047328,54.94921189,3.382648349,96.61735165
163L,67,2018,0,M,Sept,EG South,Cook,Pacific cod,85,91,6.3319,0.0241,0.3111,0.0241,24.1,1.031044169,0.380612454,25.17977817,0.536696004,15.11604871,15.65274471,3.428766097,96.5712339
174L,78,2018,0,I,Sept,EG West,Cook,Pacific cod,63,68,2.3472,0.0093,0.0996,0.0093,9.3,0.938703524,0.396216769,39.11035626,0.319262171,8.723577937,9.042840107,3.530551981,96.46944802
106L,10,2018,0,I,July,EG South,Cook,Pacific cod,64,69,2.7233,0.0306,0.1123,0.0306,30.6,1.038856506,1.123636764,23.706488,0.530699512,14.45947817,14.99017768,3.540315017,96.45968498
169L,73,2018,0,M,Sept,EG South,Cook,Pacific cod,70,76,2.7813,0.0204,0.1063,0.0204,20.4,0.810874636,0.73346996,29.03540821,0.483405226,12.37276919,12.85617441,3.760101646,96.23989835
390L,193,2020,0,I,Oct,EG South,Cook,Pacific cod,69,76,3.3301,0.0249,0.1345,0.0249,24.9,1.013701299,0.747725294,22.05029958,0.45897332,11.47043889,11.92941221,3.84740934,96.15259066
136L,40,2018,0,F,Aug,Lam East,Cook,Pacific cod,91,98,9.2871,0.0663,0.5881,0.0663,66.3,1.232412075,0.713893465,22.0081305,1.203014786,29.74479665,30.94781143,3.887237029,96.11276297
336L,126,2020,0,I,Sept,EG South,Cook,Pacific cod,77,82,4.2142,0.0248,0.1284,0.0248,24.8,0.923087707,0.588486545,26.10148019,0.562493616,13.88978142,14.45227504,3.892076608,96.10792339
176L,80,2018,0,I,Sept,EG West,Cook,Pacific cod,73,79,3.386,0.0182,0.0602,0.0182,18.2,0.87039898,0.537507383,23.25887666,0.366519137,8.92857954,9.295098676,3.943144116,96.05685588
127L,31,2018,0,F,Aug,EG North,Cook,Pacific cod,75,80,4.5437,0.028,0.3407,0.028,28,1.077025185,0.616237868,29.58336144,0.70288293,16.94800777,17.6508907,3.982138588,96.01786141
368L,171,2020,0,I,July,EG South,Cook,Pacific cod,55,59,1.3113,0.006,0.036,0.006,6,0.788159279,0.457561199,55.16184264,0.297533168,7.07378524,7.371318407,4.036362984,95.96363702
122L,26,2018,0,F,Aug,EG South,Cook,Pacific cod,65,71,2.5478,0.0217,0.1041,0.0217,21.7,0.927737824,0.851715205,16.86287691,0.295760434,7.024159599,7.319920033,4.040487225,95.95951278
181L,85,2018,0,M,Sept,EG West,Cook,Pacific cod,91,98,7.9866,0.0345,0.4886,0.0345,34.5,1.059833778,0.431973556,36.15893463,1.10345054,26.04111303,27.14456357,4.065088529,95.93491147
330L,120,2020,0,I,Sept,EG South,Cook,Pacific cod,82,89,5.7205,0.0277,0.3564,0.0277,27.7,1.037510338,0.484223407,33.63453577,0.830961815,19.40269293,20.23365474,4.106830061,95.89316994
104L,8,2018,0,I,July,EG South,Cook,Pacific cod,64,69,2.7453,0.031,0.1077,0.031,31,1.04724884,1.129202637,25.04312003,0.594172375,13.41787317,14.01204554,4.240439933,95.75956007
111L,15,2018,0,I,July,EG South,Cook,Pacific cod,62,67,2.3368,0.0169,0.1159,0.0169,16.9,0.980497466,0.723211229,34.05739956,0.481672757,10.81596833,11.29764109,4.263480786,95.73651921
386L,189,2020,0,I,Aug,EG South,Cook,Pacific cod,76,83,4.5212,0.0209,0.3113,0.0209,20.9,1.029942411,0.462266655,33.63896623,0.633005295,14.03998459,14.67298989,4.314085264,95.68591474
131L,35,2018,0,I,Aug,EG North,Cook,Pacific cod,60,64,2.2809,0.0167,0.0856,0.0167,16.7,1.055972222,0.732167127,17.42445385,0.24321952,5.39416256,5.63738208,4.314405457,95.68559454
387L,190,2020,0,I,Aug,EG South,Cook,Pacific cod,101,108,11.1528,0.0794,0.7022,0.0794,79.4,1.08247978,0.711928843,33.74711657,2.295988811,50.09684647,52.39283528,4.382257229,95.61774277
124L,28,2018,0,F,Aug,EG South,Cook,Pacific cod,74,79,4.6964,0.0483,0.188,0.0483,48.3,1.158963931,1.028447321,21.9855178,0.843944287,18.13413822,18.97808251,4.446941818,95.55305818
389L,192,2020,0,I,Oct,EG South,Cook,Pacific cod,84,91,6.0688,0.0476,0.2276,0.0476,47.6,1.023917504,0.784339573,18.23880188,0.740468989,15.54266848,16.28313747,4.54745893,95.45254107
191L,95,2018,0,I,June,EG South,Cook,Pacific cod,48,53,1.1329,0.0046,0.0616,0.0046,4.6,1.024395978,0.406037603,87.63494246,0.359135341,7.424925818,7.784061159,4.613727122,95.38627288
333L,123,2020,0,I,Sept,EG South,Cook,Pacific cod,105,114,13.0347,0.0893,0.9803,0.0893,89.3,1.125986395,0.685094402,26.46929334,2.05791644,40.9722883,43.03020474,4.782492791,95.21750721
120L,24,2018,0,M,Aug,EG South,Cook,Pacific cod,65,71,3.4551,0.0429,0.2079,0.0429,42.9,1.258115612,1.241642789,20.70769934,0.675620233,13.35204278,14.02766301,4.816342055,95.18365794
364L,167,2020,0,I,July,EG South,Cook,Pacific cod,51,55,1.1319,0.0055,0.0351,0.0055,5.5,0.85329172,0.485908649,40.69561426,0.203801158,3.973268642,4.1770698,4.879046022,95.12095398
153L,57,2018,0,M,Oct,EG West,Cook,Pacific cod,99,106,9.8655,0.0705,0.3381,0.0705,70.5,1.016748446,0.714611525,25.34485437,1.546763926,29.61140576,31.15816968,4.964232309,95.03576769
168L,72,2018,0,M,Sept,EG South,Cook,Pacific cod,80,86,5.3554,0.0263,0.55,0.0263,26.3,1.045976563,0.491093102,33.76221101,0.785986005,14.86175716,15.64774317,5.022999142,94.97700086
185L,89,2018,0,I,June,EG South,Cook,Pacific cod,54,59,1.7724,0.0101,0.1434,0.0101,10.1,1.125590611,0.569848793,39.9125984,0.352101691,6.479480337,6.831582028,5.154028589,94.84597141
117L,21,2018,0,I,Aug,EG South,Cook,Pacific cod,77,83,5.4167,0.0592,0.2048,0.0592,59.2,1.186485971,1.092916351,23.10805971,1.106815388,20.22261442,21.32942981,5.18914663,94.81085337
133L,37,2018,0,F,Aug,EG North,Cook,Pacific cod,78,84,5.2251,0.0534,0.4544,0.0534,53.4,1.101059526,1.02199001,24.1272637,1.051367643,19.16599681,20.21736446,5.200319981,94.79968002
137L,41,2018,0,M,Oct,EG South,Cook,Pacific cod,93,98,9.2782,0.0469,0.8181,0.0469,46.9,1.15349279,0.505485978,42.65990354,1.800306136,32.45387099,34.25417713,5.255727291,94.74427271
184L,88,2018,0,I,June,EG South,Cook,Pacific cod,51,54,1.3385,0.0101,0.0674,0.0101,10.1,1.009038756,0.754576018,41.54954228,0.35768287,6.347067949,6.704750819,5.33476753,94.66523247
132L,36,2018,0,M,Aug,EG North,Cook,Pacific cod,80,86,5.6983,0.0477,0.333,0.0477,47.7,1.112949219,0.837091764,21.01195032,0.85399131,14.99977591,15.85376722,5.386677487,94.61332251
192L,96,2018,0,I,June,EG South,Cook,Pacific cod,48,53,1.3326,0.0097,0.0589,0.0097,9.7,1.204969618,0.727900345,49.38635605,0.414576047,7.162994849,7.577570896,5.471094274,94.52890573
369L,172,2020,0,I,Aug,EG South,Cook,Pacific cod,85,90,5.9001,0.0319,0.3669,0.0319,31.9,0.96073275,0.540668802,25.34804921,0.735585192,12.59221323,13.32779842,5.519180054,94.48081995
391L,194,2020,0,I,Oct,EG South,Cook,Pacific cod,94,101,8.7967,0.0546,0.3873,0.0546,54.6,1.059098177,0.620687303,27.34422309,1.350952973,21.73496754,23.08592051,5.851847978,94.14815202
119L,23,2018,0,F,Aug,EG South,Cook,Pacific cod,70,75,3.7773,0.0379,0.1466,0.0379,37.9,1.101253644,1.00336219,21.88033958,0.693111664,10.68964326,11.38275492,6.089138077,93.91086192
329L,119,2020,0,I,Sept,EG South,Cook,Pacific cod,84,90,6.3021,0.0523,0.3613,0.0523,52.3,1.063279478,0.829882103,29.28230841,1.347206919,20.74573844,22.09294536,6.097905448,93.90209455
405L,208,2020,0,I,Oct,EG South,Cook,Pacific cod,99,107,11.049,0.0812,0.7241,0.0812,81.2,1.138721157,0.734908136,17.0924711,1.242034373,18.40261534,19.64464972,6.322507099,93.6774929
121L,25,2018,0,F,Aug,EG South,Cook,Pacific cod,83,87,7.0424,0.1009,0.383,0.1009,100.9,1.231647449,1.432750199,25.20271812,2.036161153,29.53363188,31.56979303,6.449713343,93.55028666
129L,33,2018,0,M,Aug,EG North,Cook,Pacific cod,73,78,4.5594,0.0452,0.4365,0.0452,45.2,1.172031042,0.991358512,26.62251442,1.016811798,14.69592632,15.71273812,6.471257847,93.52874215
108L,12,2018,0,I,July,EG South,Cook,Pacific cod,62,67,2.5592,0.0286,0.0912,0.0286,28.6,1.073814239,1.11753673,37.23604076,0.896934978,12.38205862,13.2789936,6.754540325,93.24545967
399L,202,2020,0,I,Oct,EG South,Cook,Pacific cod,88,96,8.0252,0.0646,0.4207,0.0646,64.6,1.177627254,0.804964362,27.65321668,1.598217188,21.96382321,23.56204039,6.783016926,93.21698307
130L,34,2018,0,M,Aug,EG North,Cook,Pacific cod,76,81,5.0264,0.0615,0.2643,0.0615,61.5,1.14502843,1.22353971,20.40665674,1.047144356,14.36026287,15.40740723,6.796369701,93.2036303
114L,18,2018,0,I,July,EG South,Cook,Pacific cod,57,62,2.1402,0.0186,0.1983,0.0186,18.6,1.155659231,0.869077656,34.13277272,0.558855708,7.206604807,7.765460515,7.196684687,92.80331531
116L,20,2018,0,I,July,EG South,Cook,Pacific cod,52,57,1.3996,0.0117,0.0866,0.0117,11.7,0.995391443,0.835953129,60.82574983,0.63087288,8.020837361,8.651710241,7.291886374,92.70811363
338L,128,2020,0,I,Sept,EG South,Cook,Pacific cod,76,82,3.9822,0.0493,0.2528,0.0493,49.3,0.907156655,1.238009141,26.49077152,1.118786438,13.97457124,15.09335767,7.41244236,92.58755764
337L,127,2020,0,I,Sept,EG South,Cook,Pacific cod,93,102,8.491,0.0582,0.6403,0.0582,58.2,1.055625798,0.685431633,44.54032266,2.371794324,29.51676546,31.88855979,7.437759309,92.56224069
170L,74,2018,0,F,Sept,EG West,Cook,Pacific cod,111,120,16.7408,0.1177,1.6028,0.1177,117.7,1.224072868,0.703072732,50.64481329,5.323776005,66.10551221,71.42928821,7.453211614,92.54678839
180L,84,2018,0,M,Sept,EG West,Cook,Pacific cod,87,93,7.6717,0.0481,0.6532,0.0481,48.1,1.165021268,0.626979679,36.5394601,1.585789245,19.09200674,20.67779599,7.669043866,92.33095613
320L,110,2020,0,M,Nov,EG West,Cook,Pacific cod,104,113,10.0547,0.0926,0.2963,0.0897,89.7,0.893859169,0.920962336,34.4513296,2.860399817,34.42458012,37.28497994,7.671721486,92.32827851
289L,97,2018,0,I,June,EG South,Cook,Pacific cod,46,50,1.0315,0.0072,0.0492,0.0072,7.2,1.05973124,0.698012603,110.0978725,0.718596191,8.34543949,9.064035681,7.927993847,92.07200615
126L,30,2018,0,F,Aug,EG South,Cook,Pacific cod,91,98,9.4029,0.0898,0.7261,0.0898,89.8,1.247778909,0.955024514,33.17244492,2.627279953,29.52938888,32.15666883,8.170249121,91.82975088
404L,207,2020,0,I,Oct,EG South,Cook,Pacific cod,107,115,12.9382,0.1284,0.9026,0.11,110,1.056142519,0.992410072,49.69597972,5.721217796,61.18167896,66.90289675,8.551524782,91.44847522
128L,32,2018,0,F,Aug,EG North,Cook,Pacific cod,75,80,5.6652,0.0602,0.8605,0.0602,60.2,1.342862222,1.062627974,28.21186257,1.484093634,15.14878632,16.63287995,8.922649822,91.07735018
178L,82,2018,0,M,Sept,EG West,Cook,Pacific cod,99,106,11.6376,0.0527,1.1133,0.0527,52.7,1.199382871,0.45284251,43.26450841,2.152641528,20.5587117,22.71135323,9.478261847,90.52173815
152L,56,2018,0,M,Oct,EG West,Cook,Pacific cod,82,88,5.2782,0.0346,0.3956,0.0346,34.6,0.957291682,0.655526505,64.51115868,2.076782794,19.41695177,21.49373456,9.662270592,90.33772941
103L,7,2018,0,I,July,EG South,Cook,Pacific cod,60,65,2.3612,0.0297,0.1525,0.0297,29.7,1.093148148,1.257834999,44.00720324,1.14316293,10.49253294,11.63569587,9.824620231,90.17537977
394L,197,2020,0,I,Oct,EG South,Cook,Pacific cod,87,93,7.0469,0.0642,0.2247,0.0642,64.2,1.070139392,0.911038897,34.9177106,2.063999824,18.70736478,20.7713646,9.936756027,90.06324397
332L,122,2020,0,I,Sept,EG South,Cook,Pacific cod,91,98,7.8853,0.0562,0.6054,0.0562,56.2,1.046391116,0.712718603,42.5189195,2.234653682,19.91139559,22.14604928,10.09052971,89.90947029
299L,102,2018,0,I,June,EG South,Cook,Pacific cod,50,53,1.1197,0.0057,0.0625,0.0057,5.7,0.89576,0.509064928,102.759521,0.553108269,4.849083034,5.402191304,10.23859094,89.76140906
371L,174,2020,0,I,Aug,EG South,Cook,Pacific cod,93,98,8.2014,0.0579,0.9382,0.0579,57.9,1.019621884,0.705977028,31.37641548,1.697699081,14.80824485,16.50594393,10.28538015,89.71461985
361L,164,2020,0,I,July,EG South,Cook,Pacific cod,56,61,1.6715,0.0094,0.0538,0.0094,9.4,0.951792547,0.56236913,91.15507611,0.816986833,6.821738265,7.638725098,10.69532969,89.30467031
125L,29,2018,0,F,Aug,EG South,Cook,Pacific cod,94,100,9.4368,0.1445,0.4621,0.1262,126.2,1.136164434,1.531239403,36.12642538,4.534421502,37.84498812,42.37940962,10.69958629,89.30041371
102L,6,2018,0,I,July,EG South,Cook,Pacific cod,56,60,2.1394,0.0219,0.146,0.0219,21.9,1.21822613,1.023651491,63.56386944,1.260740259,10.48369316,11.74443341,10.73478996,89.26521004
183L,87,2018,0,I,June,EG South,Cook,Pacific cod,49,53,1.2147,0.0136,0.0796,0.0136,13.6,1.032477964,1.119618013,74.52077086,0.904078671,7.268113578,8.172192249,11.06286592,88.93713408
118L,22,2018,0,F,Aug,EG South,Cook,Pacific cod,75,81,4.9392,0.0683,0.418,0.0683,68.3,1.170773333,1.382815031,38.2068653,2.291139607,18.15052054,20.44166015,11.20818754,88.79181246
155L,59,2018,0,M,Oct,EG West,Cook,Pacific cod,94,100,9.2933,0.0425,0.6521,0.0425,42.5,1.118887433,0.457318713,87.61586409,3.568047315,26.09222444,29.66027176,12.02971889,87.97028111
146L,50,2018,0,M,Oct,EG West,Cook,Pacific cod,87,93,7.4606,0.0472,0.4871,0.0472,47.2,1.132963707,0.632656891,63.95858682,2.86169857,20.60120356,23.46290213,12.19669483,87.80330517
141L,45,2018,0,M,Oct,EG West,Cook,Pacific cod,91,97,7.4862,0.076,0.5093,0.076,76,0.993429949,1.015201304,68.38383882,4.791412693,33.8547205,38.64613319,12.39816845,87.60183155
303L,104,2018,0,I,June,EG South,Cook,Pacific cod,49,53,1.1619,0.0165,0.0962,0.0165,16.5,0.987598705,1.420087787,94.43809997,1.38117804,8.36537306,9.7465511,14.17094135,85.82905865
340L,130,2020,0,I,Sept,EG South,Cook,Pacific cod,84,91,5.8459,0.0976,0.2147,0.0976,97.6,0.986310199,1.669546178,51.57484062,4.568348951,26.38413077,30.95247972,14.75923413,85.24076587
291L,98,2018,0,I,June,EG South,Cook,Pacific cod,47,51,1.047,0.0146,0.0491,0.0146,14.6,1.008447069,1.394460363,82.96518076,1.097698989,6.232035125,7.329734114,14.97597282,85.02402718
149L,53,2018,0,M,Oct,EG West,Cook,Pacific cod,84,90,6.2681,0.0513,0.4895,0.0513,51.3,1.057543057,0.818429827,95.39892728,4.65520602,24.26591447,28.92112049,16.09621599,83.90378401
161L,65,2018,0,M,Dec,EG West,Cook,Pacific cod,84,88,5.8443,0.0611,0.4704,0.0611,61.1,0.986040249,1.045463101,42.66509152,2.428459977,12.476472,14.90493198,16.29299604,83.70700396
182L,86,2018,0,I,June,EG South,Cook,Pacific cod,51,55,1.3324,0.022,0.0816,0.022,22,1.004440223,1.651155809,83.22451928,1.64693372,8.460916811,10.10785053,16.29360976,83.70639024
147L,51,2018,0,M,Oct,EG West,Cook,Pacific cod,84,91,6.1377,0.0609,0.22000886,0.0609,60.9,1.035542193,0.992228359,83.92589135,4.822478415,24.69757815,29.52005657,16.33627769,83.66372231
156L,60,2018,0,M,Oct,Lam North,Cook,Pacific cod,112,120,15.9885,0.1509,0.9456,0.1276,127.6,1.138029849,0.943803359,55.81951356,6.772073679,34.60573647,41.37781015,16.36643808,83.63356192
398L,201,2020,0,I,Oct,EG South,Cook,Pacific cod,124,133,21.8445,0.2401,1.1499,0.1001,100.1,1.145716198,1.099132505,68.89161905,15.7637362,66.2059208,81.969657,19.23118477,80.76881523
139L,43,2018,0,M,Oct,EG South,Cook,Pacific cod,87,94,7.9803,0.0696,1.1105,0.0696,69.6,1.211885139,0.872147664,93.0603446,6.186710731,25.41115383,31.59786456,19.57952164,80.42047836
400L,203,2020,0,I,Oct,EG South,Cook,Pacific cod,94,102,8.2803,0.1046,0.2374,0.1046,104.6,0.996925055,1.263239255,68.16350412,6.764070889,27.76368379,34.52775468,19.59024255,80.40975745
143L,47,2018,0,M,Oct,EG West,Cook,Pacific cod,101,109,13.2919,0.0963,1.3965,0.082,82,1.290098719,0.724501388,115.9331381,10.76573503,43.5545659,54.32030092,19.81899004,80.18100996
319L,109,2020,0,M,Nov,EG West,Cook,Pacific cod,83,90,4.4276,0.0518,0.1283,0.0508,50.8,0.774344293,1.16993405,68.83542855,3.403344095,13.3108371,16.71418119,20.36201508,79.63798492
159L,63,2018,0,M,Dec,EG West,Cook,Pacific cod,96,103,8.2828,0.1203,0.4249,0.0963,96.3,0.936188874,1.452407398,112.969514,10.32204851,39.50226639,49.82431491,20.71689,79.28311
150L,54,2018,0,M,Oct,EG West,Cook,Pacific cod,88,94,7.7853,0.1056,0.5019,0.1056,105.6,1.142424047,1.356402451,74.11321233,7.37402334,27.49886569,34.87288903,21.14543287,78.85456713
167L,71,2018,0,F,Sept,EG South,Cook,Pacific cod,72,78,3.2672,0.0345,0.1481,0.0345,34.5,0.875342936,1.055950049,125.322438,4.132759007,15.14030515,19.27306416,21.44318606,78.55681394
148L,52,2018,0,M,Oct,EG West,Cook,Pacific cod,83,88,6.5617,0.0653,0.5865,0.0653,65.3,1.147577682,0.995168935,84.10563067,5.272428311,17.71483782,22.98726614,22.93629995,77.06370005
293L,99,2018,0,I,June,EG South,Cook,Pacific cod,57,62,2.0208,0.0272,0.1346,0.0272,27.2,1.091185952,1.346001584,106.6655981,2.733843061,9.061990889,11.79583395,23.17634406,76.82365594
341L,131,2020,0,I,Sept,EG South,Cook,Pacific cod,119,129,17.4,0.2261,1.1954,0.1398,139.8,1.032543517,1.299425287,64.66738401,14.07304159,38.7451373,52.81817889,26.64431429,73.35568571
151L,55,2018,0,M,Oct,EG West,Cook,Pacific cod,81,87,5.7342,0.0564,0.3,0.0564,56.4,1.078990895,0.983572251,113.0970073,6.183079209,16.81189545,22.99497466,26.8888281,73.1111719
408L,211,2020,0,I,Oct,EG South,Cook,Pacific cod,101,109,10.7011,0.1593,0.3754,0.1094,109.4,1.038638223,1.48863201,99.20299431,15.20176838,40.39068179,55.59245017,27.34502316,72.65497684
154L,58,2018,0,M,Oct,EG West,Cook,Pacific cod,87,95,6.8869,0.0602,0.4628,0.0602,60.2,1.045841856,0.874123336,90.76618491,5.330405285,13.00939723,18.33980252,29.06468202,70.93531798
158L,62,2018,0,M,Dec,EG West,Cook,Pacific cod,95,102,8.9747,0.2421,0.2541,0.1235,123.5,1.046764835,2.697583206,136.5039879,16.2480373,37.14889775,53.39693505,30.42878263,69.57121737
142L,46,2018,0,F,Oct,EG West,Cook,Pacific cod,96,103,9.2405,0.1123,0.6326,0.1123,112.3,1.044435854,1.215302202,143.340907,15.57817225,35.59458297,51.17275523,30.44231679,69.55768321
144L,48,2018,0,M,Oct,EG West,Cook,Pacific cod,108,116,15.9258,0.3312,0.987,0.1373,137.3,1.26424135,2.079644351,82.22092605,25.74947533,58.33244585,84.08192118,30.62427091,69.37572909
157L,61,2018,0,M,Dec,EG West,Cook,Pacific cod,80,85,5.5084,0.1272,0.5691,0.0881,88.1,1.075859375,2.309200494,75.43644007,6.295603126,13.76892506,20.06452819,31.37678129,68.62321871
160L,64,2018,0,M,Dec,EG West,Cook,Pacific cod,84,91,5.7518,0.1157,0.1863,0.11574,115.74,0.970433808,2.011544212,87.76133562,9.715576336,18.12813941,27.84371575,34.89324638,65.10675362
186L,90,2018,0,I,June,EG South,Cook,Pacific cod,56,61,1.9534,0.0361,0.1236,0.0361,36.1,1.112313229,1.848059793,126.245678,4.353413805,8.006197837,12.35961164,35.22290126,64.77709874
401L,204,2020,0,M,Oct,EG South,Cook,Pacific cod,125,134,20.6578,0.3915,0.4415,0.1072,107.2,1.05767936,1.895167927,158.8677427,60.42732376,89.59885438,150.0261781,40.27785318,59.72214682
406L,209,2020,0,M,Oct,EG South,Cook,Pacific cod,116,125,15.5129,0.2394,0.6323,0.0998,99.8,0.993845842,1.543231762,178.2936813,41.68029025,61.35464254,103.0349328,40.45258159,59.54741841
321L,111,2020,0,M,Nov,EG West,Cook,Pacific cod,103,112,10.7928,0.1693,0.4206,0.1053,105.3,0.98769409,1.568638351,126.6015352,20.93407684,30.10627256,51.0403494,41.01476006,58.98523994
317L,107,2020,0,M,Nov,EG South,Cook,Pacific cod,99,107,10.2128,0.2166,0.6566,0.0996,99.6,1.052541536,2.12086793,191.4794294,40.54256527,40.18180189,80.72436716,50.22345383,49.77654617
145L,49,2018,0,M,Oct,EG West,Cook,Pacific cod,91,98,7.8496,0.1924,0.4583,0.0851,85.1,1.041653673,2.45108031,169.1667404,32.11833661,14.6782624,46.79659901,68.63391205,31.36608795
318L,108,2020,0,M,Nov,EG West,Cook,Pacific cod,89,96,6.7532,0.2993,0.2894,0.1036,103.6,0.957942832,4.431972991,260.3796805,76.59368085,27.55709732,104.1507782,73.54115081,26.45884919
